<?xml version="1.0" encoding="US-ASCII"?>
<!--XBRL Document Created with Wdesk from Workiva-->
<!-- -->
<link:linkbase xsi:schemaLocation="http://www.xbrl.org/2003/linkbase http://www.xbrl.org/2003/xbrl-linkbase-2003-12-31.xsd" xmlns:link="http://www.xbrl.org/2003/linkbase" xmlns:xlink="http://www.w3.org/1999/xlink" xmlns:xsi="http://www.w3.org/2001/XMLSchema-instance">
  <link:roleRef roleURI="http://www.apple.com/role/BenefitPlans" xlink:href="aapl-20190330.xsd#BenefitPlans" xlink:type="simple" />
  <link:roleRef roleURI="http://www.apple.com/role/BenefitPlansAdditionalInformationDetails" xlink:href="aapl-20190330.xsd#BenefitPlansAdditionalInformationDetails" xlink:type="simple" />
  <link:roleRef roleURI="http://www.apple.com/role/BenefitPlansRestrictedStockUnitsActivityAndRelatedInformationDetails" xlink:href="aapl-20190330.xsd#BenefitPlansRestrictedStockUnitsActivityAndRelatedInformationDetails" xlink:type="simple" />
  <link:roleRef roleURI="http://www.apple.com/role/BenefitPlansSummaryOfShareBasedCompensationExpenseAndRelatedIncomeTaxBenefitDetails" xlink:href="aapl-20190330.xsd#BenefitPlansSummaryOfShareBasedCompensationExpenseAndRelatedIncomeTaxBenefitDetails" xlink:type="simple" />
  <link:roleRef roleURI="http://www.apple.com/role/BenefitPlansTables" xlink:href="aapl-20190330.xsd#BenefitPlansTables" xlink:type="simple" />
  <link:roleRef roleURI="http://www.apple.com/role/CommitmentsAndContingencies" xlink:href="aapl-20190330.xsd#CommitmentsAndContingencies" xlink:type="simple" />
  <link:roleRef roleURI="http://www.apple.com/role/CommitmentsAndContingenciesAdditionalInformationDetails" xlink:href="aapl-20190330.xsd#CommitmentsAndContingenciesAdditionalInformationDetails" xlink:type="simple" />
  <link:roleRef roleURI="http://www.apple.com/role/CommitmentsAndContingenciesChangesInAccruedWarrantiesAndRelatedCostsDetails" xlink:href="aapl-20190330.xsd#CommitmentsAndContingenciesChangesInAccruedWarrantiesAndRelatedCostsDetails" xlink:type="simple" />
  <link:roleRef roleURI="http://www.apple.com/role/CommitmentsAndContingenciesTables" xlink:href="aapl-20190330.xsd#CommitmentsAndContingenciesTables" xlink:type="simple" />
  <link:roleRef roleURI="http://www.apple.com/role/ComprehensiveIncome" xlink:href="aapl-20190330.xsd#ComprehensiveIncome" xlink:type="simple" />
  <link:roleRef roleURI="http://www.apple.com/role/ComprehensiveIncomeChangeInAociByComponentDetails" xlink:href="aapl-20190330.xsd#ComprehensiveIncomeChangeInAociByComponentDetails" xlink:type="simple" />
  <link:roleRef roleURI="http://www.apple.com/role/ComprehensiveIncomePreTaxAmountsReclassifiedFromAociIntoCondensedConsolidatedStatementsOfOperationsDetails" xlink:href="aapl-20190330.xsd#ComprehensiveIncomePreTaxAmountsReclassifiedFromAociIntoCondensedConsolidatedStatementsOfOperationsDetails" xlink:type="simple" />
  <link:roleRef roleURI="http://www.apple.com/role/ComprehensiveIncomeTables" xlink:href="aapl-20190330.xsd#ComprehensiveIncomeTables" xlink:type="simple" />
  <link:roleRef roleURI="http://www.apple.com/role/CondensedConsolidatedBalanceSheetsUnaudited" xlink:href="aapl-20190330.xsd#CondensedConsolidatedBalanceSheetsUnaudited" xlink:type="simple" />
  <link:roleRef roleURI="http://www.apple.com/role/CondensedConsolidatedBalanceSheetsUnauditedParenthetical" xlink:href="aapl-20190330.xsd#CondensedConsolidatedBalanceSheetsUnauditedParenthetical" xlink:type="simple" />
  <link:roleRef roleURI="http://www.apple.com/role/CondensedConsolidatedFinancialStatementDetails" xlink:href="aapl-20190330.xsd#CondensedConsolidatedFinancialStatementDetails" xlink:type="simple" />
  <link:roleRef roleURI="http://www.apple.com/role/CondensedConsolidatedFinancialStatementDetailsOtherIncomeExpenseNetDetails" xlink:href="aapl-20190330.xsd#CondensedConsolidatedFinancialStatementDetailsOtherIncomeExpenseNetDetails" xlink:type="simple" />
  <link:roleRef roleURI="http://www.apple.com/role/CondensedConsolidatedFinancialStatementDetailsOtherNonCurrentLiabilitiesDetails" xlink:href="aapl-20190330.xsd#CondensedConsolidatedFinancialStatementDetailsOtherNonCurrentLiabilitiesDetails" xlink:type="simple" />
  <link:roleRef roleURI="http://www.apple.com/role/CondensedConsolidatedFinancialStatementDetailsPropertyPlantAndEquipmentNetDetails" xlink:href="aapl-20190330.xsd#CondensedConsolidatedFinancialStatementDetailsPropertyPlantAndEquipmentNetDetails" xlink:type="simple" />
  <link:roleRef roleURI="http://www.apple.com/role/CondensedConsolidatedFinancialStatementDetailsTables" xlink:href="aapl-20190330.xsd#CondensedConsolidatedFinancialStatementDetailsTables" xlink:type="simple" />
  <link:roleRef roleURI="http://www.apple.com/role/CondensedConsolidatedStatementsOfCashFlowsUnaudited" xlink:href="aapl-20190330.xsd#CondensedConsolidatedStatementsOfCashFlowsUnaudited" xlink:type="simple" />
  <link:roleRef roleURI="http://www.apple.com/role/CondensedConsolidatedStatementsOfComprehensiveIncomeUnaudited" xlink:href="aapl-20190330.xsd#CondensedConsolidatedStatementsOfComprehensiveIncomeUnaudited" xlink:type="simple" />
  <link:roleRef roleURI="http://www.apple.com/role/CondensedConsolidatedStatementsOfOperationsUnaudited" xlink:href="aapl-20190330.xsd#CondensedConsolidatedStatementsOfOperationsUnaudited" xlink:type="simple" />
  <link:roleRef roleURI="http://www.apple.com/role/CondensedConsolidatedStatementsOfShareholdersEquityUnaudited" xlink:href="aapl-20190330.xsd#CondensedConsolidatedStatementsOfShareholdersEquityUnaudited" xlink:type="simple" />
  <link:roleRef roleURI="http://www.apple.com/role/Debt" xlink:href="aapl-20190330.xsd#Debt" xlink:type="simple" />
  <link:roleRef roleURI="http://www.apple.com/role/DebtAdditionalInformationDetails" xlink:href="aapl-20190330.xsd#DebtAdditionalInformationDetails" xlink:type="simple" />
  <link:roleRef roleURI="http://www.apple.com/role/DebtSummaryOfCashFlowsAssociatedWithCommercialPaperDetails" xlink:href="aapl-20190330.xsd#DebtSummaryOfCashFlowsAssociatedWithCommercialPaperDetails" xlink:type="simple" />
  <link:roleRef roleURI="http://www.apple.com/role/DebtSummaryOfTermDebtDetails" xlink:href="aapl-20190330.xsd#DebtSummaryOfTermDebtDetails" xlink:type="simple" />
  <link:roleRef roleURI="http://www.apple.com/role/DebtTables" xlink:href="aapl-20190330.xsd#DebtTables" xlink:type="simple" />
  <link:roleRef roleURI="http://www.apple.com/role/DocumentAndEntityInformation" xlink:href="aapl-20190330.xsd#DocumentAndEntityInformation" xlink:type="simple" />
  <link:roleRef roleURI="http://www.apple.com/role/FinancialInstruments" xlink:href="aapl-20190330.xsd#FinancialInstruments" xlink:type="simple" />
  <link:roleRef roleURI="http://www.apple.com/role/FinancialInstrumentsAdditionalInformationDetails" xlink:href="aapl-20190330.xsd#FinancialInstrumentsAdditionalInformationDetails" xlink:type="simple" />
  <link:roleRef roleURI="http://www.apple.com/role/FinancialInstrumentsCashCashEquivalentsAndMarketableSecuritiesDetails" xlink:href="aapl-20190330.xsd#FinancialInstrumentsCashCashEquivalentsAndMarketableSecuritiesDetails" xlink:type="simple" />
  <link:roleRef roleURI="http://www.apple.com/role/FinancialInstrumentsDerivativeInstrumentsAtGrossFairValueDetails" xlink:href="aapl-20190330.xsd#FinancialInstrumentsDerivativeInstrumentsAtGrossFairValueDetails" xlink:type="simple" />
  <link:roleRef roleURI="http://www.apple.com/role/FinancialInstrumentsMarketableSecuritiesInContinuousUnrealizedLossPositionDetails" xlink:href="aapl-20190330.xsd#FinancialInstrumentsMarketableSecuritiesInContinuousUnrealizedLossPositionDetails" xlink:type="simple" />
  <link:roleRef roleURI="http://www.apple.com/role/FinancialInstrumentsNotionalAmountsAndCreditRiskAmountsAssociatedWithDerivativeInstrumentsDetails" xlink:href="aapl-20190330.xsd#FinancialInstrumentsNotionalAmountsAndCreditRiskAmountsAssociatedWithDerivativeInstrumentsDetails" xlink:type="simple" />
  <link:roleRef roleURI="http://www.apple.com/role/FinancialInstrumentsPreTaxGainsAndLossesOfDerivativeAndNonDerivativeInstrumentsDesignatedAsHedgesDetails" xlink:href="aapl-20190330.xsd#FinancialInstrumentsPreTaxGainsAndLossesOfDerivativeAndNonDerivativeInstrumentsDesignatedAsHedgesDetails" xlink:type="simple" />
  <link:roleRef roleURI="http://www.apple.com/role/FinancialInstrumentsRestrictedCashDetails" xlink:href="aapl-20190330.xsd#FinancialInstrumentsRestrictedCashDetails" xlink:type="simple" />
  <link:roleRef roleURI="http://www.apple.com/role/FinancialInstrumentsTables" xlink:href="aapl-20190330.xsd#FinancialInstrumentsTables" xlink:type="simple" />
  <link:roleRef roleURI="http://www.apple.com/role/IncomeTaxes" xlink:href="aapl-20190330.xsd#IncomeTaxes" xlink:type="simple" />
  <link:roleRef roleURI="http://www.apple.com/role/IncomeTaxesAdditionalInformationDetails" xlink:href="aapl-20190330.xsd#IncomeTaxesAdditionalInformationDetails" xlink:type="simple" />
  <link:roleRef roleURI="http://www.apple.com/role/RevenueRecognition" xlink:href="aapl-20190330.xsd#RevenueRecognition" xlink:type="simple" />
  <link:roleRef roleURI="http://www.apple.com/role/RevenueRecognitionAdditionalInformationDetails" xlink:href="aapl-20190330.xsd#RevenueRecognitionAdditionalInformationDetails" xlink:type="simple" />
  <link:roleRef roleURI="http://www.apple.com/role/RevenueRecognitionDeferredRevenueExpectedTimingOfRealizationPercentageDetails" xlink:href="aapl-20190330.xsd#RevenueRecognitionDeferredRevenueExpectedTimingOfRealizationPercentageDetails" xlink:type="simple" />
  <link:roleRef roleURI="http://www.apple.com/role/RevenueRecognitionDeferredRevenueExpectedTimingOfRealizationPeriodDetails" xlink:href="aapl-20190330.xsd#RevenueRecognitionDeferredRevenueExpectedTimingOfRealizationPeriodDetails" xlink:type="simple" />
  <link:roleRef roleURI="http://www.apple.com/role/RevenueRecognitionNetSalesDisaggregatedBySignificantProductsAndServicesDetails" xlink:href="aapl-20190330.xsd#RevenueRecognitionNetSalesDisaggregatedBySignificantProductsAndServicesDetails" xlink:type="simple" />
  <link:roleRef roleURI="http://www.apple.com/role/RevenueRecognitionTables" xlink:href="aapl-20190330.xsd#RevenueRecognitionTables" xlink:type="simple" />
  <link:roleRef roleURI="http://www.apple.com/role/SegmentInformationAndGeographicData" xlink:href="aapl-20190330.xsd#SegmentInformationAndGeographicData" xlink:type="simple" />
  <link:roleRef roleURI="http://www.apple.com/role/SegmentInformationAndGeographicDataReconciliationOfSegmentOperatingIncomeToCondensedConsolidatedStatementsOfOperationsDetails" xlink:href="aapl-20190330.xsd#SegmentInformationAndGeographicDataReconciliationOfSegmentOperatingIncomeToCondensedConsolidatedStatementsOfOperationsDetails" xlink:type="simple" />
  <link:roleRef roleURI="http://www.apple.com/role/SegmentInformationAndGeographicDataSummaryInformationByReportableSegmentDetails" xlink:href="aapl-20190330.xsd#SegmentInformationAndGeographicDataSummaryInformationByReportableSegmentDetails" xlink:type="simple" />
  <link:roleRef roleURI="http://www.apple.com/role/SegmentInformationAndGeographicDataTables" xlink:href="aapl-20190330.xsd#SegmentInformationAndGeographicDataTables" xlink:type="simple" />
  <link:roleRef roleURI="http://www.apple.com/role/ShareholdersEquity" xlink:href="aapl-20190330.xsd#ShareholdersEquity" xlink:type="simple" />
  <link:roleRef roleURI="http://www.apple.com/role/ShareholdersEquityAdditionalInformationDetails" xlink:href="aapl-20190330.xsd#ShareholdersEquityAdditionalInformationDetails" xlink:type="simple" />
  <link:roleRef roleURI="http://www.apple.com/role/SummaryOfSignificantAccountingPolicies" xlink:href="aapl-20190330.xsd#SummaryOfSignificantAccountingPolicies" xlink:type="simple" />
  <link:roleRef roleURI="http://www.apple.com/role/SummaryOfSignificantAccountingPoliciesAdditionalInformationDetails" xlink:href="aapl-20190330.xsd#SummaryOfSignificantAccountingPoliciesAdditionalInformationDetails" xlink:type="simple" />
  <link:roleRef roleURI="http://www.apple.com/role/SummaryOfSignificantAccountingPoliciesComputationOfBasicAndDilutedEarningsPerShareDetails" xlink:href="aapl-20190330.xsd#SummaryOfSignificantAccountingPoliciesComputationOfBasicAndDilutedEarningsPerShareDetails" xlink:type="simple" />
  <link:roleRef roleURI="http://www.apple.com/role/SummaryOfSignificantAccountingPoliciesPolicies" xlink:href="aapl-20190330.xsd#SummaryOfSignificantAccountingPoliciesPolicies" xlink:type="simple" />
  <link:roleRef roleURI="http://www.apple.com/role/SummaryOfSignificantAccountingPoliciesTables" xlink:href="aapl-20190330.xsd#SummaryOfSignificantAccountingPoliciesTables" xlink:type="simple" />
  <link:calculationLink xlink:role="http://www.apple.com/role/BenefitPlans" xlink:type="extended" />
  <link:calculationLink xlink:role="http://www.apple.com/role/BenefitPlansAdditionalInformationDetails" xlink:type="extended" />
  <link:calculationLink xlink:role="http://www.apple.com/role/BenefitPlansRestrictedStockUnitsActivityAndRelatedInformationDetails" xlink:type="extended" />
  <link:calculationLink xlink:role="http://www.apple.com/role/BenefitPlansSummaryOfShareBasedCompensationExpenseAndRelatedIncomeTaxBenefitDetails" xlink:type="extended" />
  <link:calculationLink xlink:role="http://www.apple.com/role/BenefitPlansTables" xlink:type="extended" />
  <link:calculationLink xlink:role="http://www.apple.com/role/CommitmentsAndContingencies" xlink:type="extended" />
  <link:calculationLink xlink:role="http://www.apple.com/role/CommitmentsAndContingenciesAdditionalInformationDetails" xlink:type="extended" />
  <link:calculationLink xlink:role="http://www.apple.com/role/CommitmentsAndContingenciesChangesInAccruedWarrantiesAndRelatedCostsDetails" xlink:type="extended" />
  <link:calculationLink xlink:role="http://www.apple.com/role/CommitmentsAndContingenciesTables" xlink:type="extended" />
  <link:calculationLink xlink:role="http://www.apple.com/role/ComprehensiveIncome" xlink:type="extended" />
  <link:calculationLink xlink:role="http://www.apple.com/role/ComprehensiveIncomeChangeInAociByComponentDetails" xlink:type="extended">
    <link:loc xlink:href="http://xbrl.fasb.org/us-gaap/2018/elts/us-gaap-2018-01-31.xsd#us-gaap_OtherComprehensiveIncomeLossNetOfTaxPortionAttributableToParent" xlink:label="loc_us-gaap_OtherComprehensiveIncomeLossNetOfTaxPortionAttributableToParent_59645a08-ce25-9000-2f65-e4bfddb1182e" xlink:type="locator" />
    <link:loc xlink:href="http://xbrl.fasb.org/us-gaap/2018/elts/us-gaap-2018-01-31.xsd#us-gaap_OciBeforeReclassificationsBeforeTaxAttributableToParent" xlink:label="loc_us-gaap_OciBeforeReclassificationsBeforeTaxAttributableToParent_9292fd96-7b9c-f301-2bac-839264a803a4" xlink:type="locator" />
    <link:calculationArc order="1" weight="1" xlink:arcrole="http://www.xbrl.org/2003/arcrole/summation-item" xlink:from="loc_us-gaap_OtherComprehensiveIncomeLossNetOfTaxPortionAttributableToParent_59645a08-ce25-9000-2f65-e4bfddb1182e" xlink:to="loc_us-gaap_OciBeforeReclassificationsBeforeTaxAttributableToParent_9292fd96-7b9c-f301-2bac-839264a803a4" xlink:type="arc" />
    <link:loc xlink:href="http://xbrl.fasb.org/us-gaap/2018/elts/us-gaap-2018-01-31.xsd#us-gaap_ReclassificationFromAociCurrentPeriodBeforeTaxAttributableToParent" xlink:label="loc_us-gaap_ReclassificationFromAociCurrentPeriodBeforeTaxAttributableToParent_5d28d6ba-209a-0c22-0163-0ec0433ec329" xlink:type="locator" />
    <link:calculationArc order="2" weight="-1" xlink:arcrole="http://www.xbrl.org/2003/arcrole/summation-item" xlink:from="loc_us-gaap_OtherComprehensiveIncomeLossNetOfTaxPortionAttributableToParent_59645a08-ce25-9000-2f65-e4bfddb1182e" xlink:to="loc_us-gaap_ReclassificationFromAociCurrentPeriodBeforeTaxAttributableToParent_5d28d6ba-209a-0c22-0163-0ec0433ec329" xlink:type="arc" />
    <link:loc xlink:href="http://xbrl.fasb.org/us-gaap/2018/elts/us-gaap-2018-01-31.xsd#us-gaap_OtherComprehensiveIncomeLossTaxPortionAttributableToParent1" xlink:label="loc_us-gaap_OtherComprehensiveIncomeLossTaxPortionAttributableToParent1_d84f6a7f-e40b-fc44-e6cf-69cd696f9ea9" xlink:type="locator" />
    <link:calculationArc order="3" weight="-1" xlink:arcrole="http://www.xbrl.org/2003/arcrole/summation-item" xlink:from="loc_us-gaap_OtherComprehensiveIncomeLossNetOfTaxPortionAttributableToParent_59645a08-ce25-9000-2f65-e4bfddb1182e" xlink:to="loc_us-gaap_OtherComprehensiveIncomeLossTaxPortionAttributableToParent1_d84f6a7f-e40b-fc44-e6cf-69cd696f9ea9" xlink:type="arc" />
  </link:calculationLink>
  <link:calculationLink xlink:role="http://www.apple.com/role/ComprehensiveIncomePreTaxAmountsReclassifiedFromAociIntoCondensedConsolidatedStatementsOfOperationsDetails" xlink:type="extended" />
  <link:calculationLink xlink:role="http://www.apple.com/role/ComprehensiveIncomeTables" xlink:type="extended" />
  <link:calculationLink xlink:role="http://www.apple.com/role/CondensedConsolidatedBalanceSheetsUnaudited" xlink:type="extended">
    <link:loc xlink:href="http://xbrl.fasb.org/us-gaap/2018/elts/us-gaap-2018-01-31.xsd#us-gaap_Assets" xlink:label="loc_us-gaap_Assets_96dd7052-744e-d270-4e77-67944ec39152" xlink:type="locator" />
    <link:loc xlink:href="http://xbrl.fasb.org/us-gaap/2018/elts/us-gaap-2018-01-31.xsd#us-gaap_AssetsCurrent" xlink:label="loc_us-gaap_AssetsCurrent_d79dcc1c-93de-0ecd-2bd5-7c1f224c9b98" xlink:type="locator" />
    <link:calculationArc order="1" weight="1" xlink:arcrole="http://www.xbrl.org/2003/arcrole/summation-item" xlink:from="loc_us-gaap_Assets_96dd7052-744e-d270-4e77-67944ec39152" xlink:to="loc_us-gaap_AssetsCurrent_d79dcc1c-93de-0ecd-2bd5-7c1f224c9b98" xlink:type="arc" />
    <link:loc xlink:href="http://xbrl.fasb.org/us-gaap/2018/elts/us-gaap-2018-01-31.xsd#us-gaap_CashAndCashEquivalentsAtCarryingValue" xlink:label="loc_us-gaap_CashAndCashEquivalentsAtCarryingValue_32f41ea9-05c6-e713-464b-586a571d1c1f" xlink:type="locator" />
    <link:calculationArc order="1" weight="1" xlink:arcrole="http://www.xbrl.org/2003/arcrole/summation-item" xlink:from="loc_us-gaap_AssetsCurrent_d79dcc1c-93de-0ecd-2bd5-7c1f224c9b98" xlink:to="loc_us-gaap_CashAndCashEquivalentsAtCarryingValue_32f41ea9-05c6-e713-464b-586a571d1c1f" xlink:type="arc" />
    <link:loc xlink:href="http://xbrl.fasb.org/us-gaap/2018/elts/us-gaap-2018-01-31.xsd#us-gaap_MarketableSecuritiesCurrent" xlink:label="loc_us-gaap_MarketableSecuritiesCurrent_50b1a6be-f082-bfa3-60b7-afefe9f63cb5" xlink:type="locator" />
    <link:calculationArc order="2" weight="1" xlink:arcrole="http://www.xbrl.org/2003/arcrole/summation-item" xlink:from="loc_us-gaap_AssetsCurrent_d79dcc1c-93de-0ecd-2bd5-7c1f224c9b98" xlink:to="loc_us-gaap_MarketableSecuritiesCurrent_50b1a6be-f082-bfa3-60b7-afefe9f63cb5" xlink:type="arc" />
    <link:loc xlink:href="http://xbrl.fasb.org/us-gaap/2018/elts/us-gaap-2018-01-31.xsd#us-gaap_AccountsReceivableNetCurrent" xlink:label="loc_us-gaap_AccountsReceivableNetCurrent_928a1618-af56-709a-989c-a303706b8ca2" xlink:type="locator" />
    <link:calculationArc order="3" weight="1" xlink:arcrole="http://www.xbrl.org/2003/arcrole/summation-item" xlink:from="loc_us-gaap_AssetsCurrent_d79dcc1c-93de-0ecd-2bd5-7c1f224c9b98" xlink:to="loc_us-gaap_AccountsReceivableNetCurrent_928a1618-af56-709a-989c-a303706b8ca2" xlink:type="arc" />
    <link:loc xlink:href="http://xbrl.fasb.org/us-gaap/2018/elts/us-gaap-2018-01-31.xsd#us-gaap_InventoryNet" xlink:label="loc_us-gaap_InventoryNet_66bcd79a-a1c3-c24d-b8b4-7a0ce373714b" xlink:type="locator" />
    <link:calculationArc order="4" weight="1" xlink:arcrole="http://www.xbrl.org/2003/arcrole/summation-item" xlink:from="loc_us-gaap_AssetsCurrent_d79dcc1c-93de-0ecd-2bd5-7c1f224c9b98" xlink:to="loc_us-gaap_InventoryNet_66bcd79a-a1c3-c24d-b8b4-7a0ce373714b" xlink:type="arc" />
    <link:loc xlink:href="http://xbrl.fasb.org/us-gaap/2018/elts/us-gaap-2018-01-31.xsd#us-gaap_NontradeReceivablesCurrent" xlink:label="loc_us-gaap_NontradeReceivablesCurrent_f3444584-150c-0aec-2bcd-11fe16a16a33" xlink:type="locator" />
    <link:calculationArc order="5" weight="1" xlink:arcrole="http://www.xbrl.org/2003/arcrole/summation-item" xlink:from="loc_us-gaap_AssetsCurrent_d79dcc1c-93de-0ecd-2bd5-7c1f224c9b98" xlink:to="loc_us-gaap_NontradeReceivablesCurrent_f3444584-150c-0aec-2bcd-11fe16a16a33" xlink:type="arc" />
    <link:loc xlink:href="http://xbrl.fasb.org/us-gaap/2018/elts/us-gaap-2018-01-31.xsd#us-gaap_OtherAssetsCurrent" xlink:label="loc_us-gaap_OtherAssetsCurrent_79aabdc0-b963-1fd1-4e81-8c0801b1ebca" xlink:type="locator" />
    <link:calculationArc order="6" weight="1" xlink:arcrole="http://www.xbrl.org/2003/arcrole/summation-item" xlink:from="loc_us-gaap_AssetsCurrent_d79dcc1c-93de-0ecd-2bd5-7c1f224c9b98" xlink:to="loc_us-gaap_OtherAssetsCurrent_79aabdc0-b963-1fd1-4e81-8c0801b1ebca" xlink:type="arc" />
    <link:loc xlink:href="http://xbrl.fasb.org/us-gaap/2018/elts/us-gaap-2018-01-31.xsd#us-gaap_AssetsNoncurrent" xlink:label="loc_us-gaap_AssetsNoncurrent_373faef4-833e-df87-f6fb-b7d79ca77258" xlink:type="locator" />
    <link:calculationArc order="2" weight="1" xlink:arcrole="http://www.xbrl.org/2003/arcrole/summation-item" xlink:from="loc_us-gaap_Assets_96dd7052-744e-d270-4e77-67944ec39152" xlink:to="loc_us-gaap_AssetsNoncurrent_373faef4-833e-df87-f6fb-b7d79ca77258" xlink:type="arc" />
    <link:loc xlink:href="http://xbrl.fasb.org/us-gaap/2018/elts/us-gaap-2018-01-31.xsd#us-gaap_MarketableSecuritiesNoncurrent" xlink:label="loc_us-gaap_MarketableSecuritiesNoncurrent_ae96910d-f6c0-5dcf-e4f9-4ecf264ba7c7" xlink:type="locator" />
    <link:calculationArc order="1" weight="1" xlink:arcrole="http://www.xbrl.org/2003/arcrole/summation-item" xlink:from="loc_us-gaap_AssetsNoncurrent_373faef4-833e-df87-f6fb-b7d79ca77258" xlink:to="loc_us-gaap_MarketableSecuritiesNoncurrent_ae96910d-f6c0-5dcf-e4f9-4ecf264ba7c7" xlink:type="arc" />
    <link:loc xlink:href="http://xbrl.fasb.org/us-gaap/2018/elts/us-gaap-2018-01-31.xsd#us-gaap_PropertyPlantAndEquipmentNet" xlink:label="loc_us-gaap_PropertyPlantAndEquipmentNet_f37ad080-c77a-efc5-c936-389b16abc420" xlink:type="locator" />
    <link:calculationArc order="2" weight="1" xlink:arcrole="http://www.xbrl.org/2003/arcrole/summation-item" xlink:from="loc_us-gaap_AssetsNoncurrent_373faef4-833e-df87-f6fb-b7d79ca77258" xlink:to="loc_us-gaap_PropertyPlantAndEquipmentNet_f37ad080-c77a-efc5-c936-389b16abc420" xlink:type="arc" />
    <link:loc xlink:href="http://xbrl.fasb.org/us-gaap/2018/elts/us-gaap-2018-01-31.xsd#us-gaap_OtherAssetsNoncurrent" xlink:label="loc_us-gaap_OtherAssetsNoncurrent_ddb0d184-2205-2a10-5b0e-faf2ccd717ae" xlink:type="locator" />
    <link:calculationArc order="3" weight="1" xlink:arcrole="http://www.xbrl.org/2003/arcrole/summation-item" xlink:from="loc_us-gaap_AssetsNoncurrent_373faef4-833e-df87-f6fb-b7d79ca77258" xlink:to="loc_us-gaap_OtherAssetsNoncurrent_ddb0d184-2205-2a10-5b0e-faf2ccd717ae" xlink:type="arc" />
    <link:loc xlink:href="http://xbrl.fasb.org/us-gaap/2018/elts/us-gaap-2018-01-31.xsd#us-gaap_LiabilitiesAndStockholdersEquity" xlink:label="loc_us-gaap_LiabilitiesAndStockholdersEquity_63817d40-f759-fa9c-45a5-8bbbb36ed5c9" xlink:type="locator" />
    <link:loc xlink:href="http://xbrl.fasb.org/us-gaap/2018/elts/us-gaap-2018-01-31.xsd#us-gaap_Liabilities" xlink:label="loc_us-gaap_Liabilities_066608da-f041-4af6-3da0-95354b640e11" xlink:type="locator" />
    <link:calculationArc order="1" weight="1" xlink:arcrole="http://www.xbrl.org/2003/arcrole/summation-item" xlink:from="loc_us-gaap_LiabilitiesAndStockholdersEquity_63817d40-f759-fa9c-45a5-8bbbb36ed5c9" xlink:to="loc_us-gaap_Liabilities_066608da-f041-4af6-3da0-95354b640e11" xlink:type="arc" />
    <link:loc xlink:href="http://xbrl.fasb.org/us-gaap/2018/elts/us-gaap-2018-01-31.xsd#us-gaap_LiabilitiesCurrent" xlink:label="loc_us-gaap_LiabilitiesCurrent_2dcbbde2-9146-a0ba-7f6c-c71b481e0841" xlink:type="locator" />
    <link:calculationArc order="1" weight="1" xlink:arcrole="http://www.xbrl.org/2003/arcrole/summation-item" xlink:from="loc_us-gaap_Liabilities_066608da-f041-4af6-3da0-95354b640e11" xlink:to="loc_us-gaap_LiabilitiesCurrent_2dcbbde2-9146-a0ba-7f6c-c71b481e0841" xlink:type="arc" />
    <link:loc xlink:href="http://xbrl.fasb.org/us-gaap/2018/elts/us-gaap-2018-01-31.xsd#us-gaap_AccountsPayableCurrent" xlink:label="loc_us-gaap_AccountsPayableCurrent_c2c48170-d0ff-2c37-effc-ff5f53e30dcb" xlink:type="locator" />
    <link:calculationArc order="1" weight="1" xlink:arcrole="http://www.xbrl.org/2003/arcrole/summation-item" xlink:from="loc_us-gaap_LiabilitiesCurrent_2dcbbde2-9146-a0ba-7f6c-c71b481e0841" xlink:to="loc_us-gaap_AccountsPayableCurrent_c2c48170-d0ff-2c37-effc-ff5f53e30dcb" xlink:type="arc" />
    <link:loc xlink:href="http://xbrl.fasb.org/us-gaap/2018/elts/us-gaap-2018-01-31.xsd#us-gaap_OtherLiabilitiesCurrent" xlink:label="loc_us-gaap_OtherLiabilitiesCurrent_4bcdb937-432e-7a7e-23c2-a441d7b89da5" xlink:type="locator" />
    <link:calculationArc order="2" weight="1" xlink:arcrole="http://www.xbrl.org/2003/arcrole/summation-item" xlink:from="loc_us-gaap_LiabilitiesCurrent_2dcbbde2-9146-a0ba-7f6c-c71b481e0841" xlink:to="loc_us-gaap_OtherLiabilitiesCurrent_4bcdb937-432e-7a7e-23c2-a441d7b89da5" xlink:type="arc" />
    <link:loc xlink:href="http://xbrl.fasb.org/us-gaap/2018/elts/us-gaap-2018-01-31.xsd#us-gaap_ContractWithCustomerLiabilityCurrent" xlink:label="loc_us-gaap_ContractWithCustomerLiabilityCurrent_1beea529-7ff9-f264-77a3-b82530469f83" xlink:type="locator" />
    <link:calculationArc order="3" weight="1" xlink:arcrole="http://www.xbrl.org/2003/arcrole/summation-item" xlink:from="loc_us-gaap_LiabilitiesCurrent_2dcbbde2-9146-a0ba-7f6c-c71b481e0841" xlink:to="loc_us-gaap_ContractWithCustomerLiabilityCurrent_1beea529-7ff9-f264-77a3-b82530469f83" xlink:type="arc" />
    <link:loc xlink:href="http://xbrl.fasb.org/us-gaap/2018/elts/us-gaap-2018-01-31.xsd#us-gaap_CommercialPaper" xlink:label="loc_us-gaap_CommercialPaper_f5834338-e76f-e036-a012-2ec099b46828" xlink:type="locator" />
    <link:calculationArc order="4" weight="1" xlink:arcrole="http://www.xbrl.org/2003/arcrole/summation-item" xlink:from="loc_us-gaap_LiabilitiesCurrent_2dcbbde2-9146-a0ba-7f6c-c71b481e0841" xlink:to="loc_us-gaap_CommercialPaper_f5834338-e76f-e036-a012-2ec099b46828" xlink:type="arc" />
    <link:loc xlink:href="http://xbrl.fasb.org/us-gaap/2018/elts/us-gaap-2018-01-31.xsd#us-gaap_LongTermDebtCurrent" xlink:label="loc_us-gaap_LongTermDebtCurrent_0d8925ae-714a-26e4-aa69-2d9eac65a5c6" xlink:type="locator" />
    <link:calculationArc order="5" weight="1" xlink:arcrole="http://www.xbrl.org/2003/arcrole/summation-item" xlink:from="loc_us-gaap_LiabilitiesCurrent_2dcbbde2-9146-a0ba-7f6c-c71b481e0841" xlink:to="loc_us-gaap_LongTermDebtCurrent_0d8925ae-714a-26e4-aa69-2d9eac65a5c6" xlink:type="arc" />
    <link:loc xlink:href="http://xbrl.fasb.org/us-gaap/2018/elts/us-gaap-2018-01-31.xsd#us-gaap_LiabilitiesNoncurrent" xlink:label="loc_us-gaap_LiabilitiesNoncurrent_f7f6a3c1-4b60-6e47-4dbc-badebe1fbd2c" xlink:type="locator" />
    <link:calculationArc order="2" weight="1" xlink:arcrole="http://www.xbrl.org/2003/arcrole/summation-item" xlink:from="loc_us-gaap_Liabilities_066608da-f041-4af6-3da0-95354b640e11" xlink:to="loc_us-gaap_LiabilitiesNoncurrent_f7f6a3c1-4b60-6e47-4dbc-badebe1fbd2c" xlink:type="arc" />
    <link:loc xlink:href="http://xbrl.fasb.org/us-gaap/2018/elts/us-gaap-2018-01-31.xsd#us-gaap_LongTermDebtNoncurrent" xlink:label="loc_us-gaap_LongTermDebtNoncurrent_fcfc6b17-bfc5-2ebc-3fc1-751aa446a572" xlink:type="locator" />
    <link:calculationArc order="1" weight="1" xlink:arcrole="http://www.xbrl.org/2003/arcrole/summation-item" xlink:from="loc_us-gaap_LiabilitiesNoncurrent_f7f6a3c1-4b60-6e47-4dbc-badebe1fbd2c" xlink:to="loc_us-gaap_LongTermDebtNoncurrent_fcfc6b17-bfc5-2ebc-3fc1-751aa446a572" xlink:type="arc" />
    <link:loc xlink:href="http://xbrl.fasb.org/us-gaap/2018/elts/us-gaap-2018-01-31.xsd#us-gaap_OtherLiabilitiesNoncurrent" xlink:label="loc_us-gaap_OtherLiabilitiesNoncurrent_bba08e5f-78e8-6c25-01a4-6720051135cc" xlink:type="locator" />
    <link:calculationArc order="2" weight="1" xlink:arcrole="http://www.xbrl.org/2003/arcrole/summation-item" xlink:from="loc_us-gaap_LiabilitiesNoncurrent_f7f6a3c1-4b60-6e47-4dbc-badebe1fbd2c" xlink:to="loc_us-gaap_OtherLiabilitiesNoncurrent_bba08e5f-78e8-6c25-01a4-6720051135cc" xlink:type="arc" />
    <link:loc xlink:href="http://xbrl.fasb.org/us-gaap/2018/elts/us-gaap-2018-01-31.xsd#us-gaap_CommitmentsAndContingencies" xlink:label="loc_us-gaap_CommitmentsAndContingencies_f0c68f4f-7ec1-d447-8ba7-0f2766abbe67" xlink:type="locator" />
    <link:calculationArc order="2" weight="1" xlink:arcrole="http://www.xbrl.org/2003/arcrole/summation-item" xlink:from="loc_us-gaap_LiabilitiesAndStockholdersEquity_63817d40-f759-fa9c-45a5-8bbbb36ed5c9" xlink:to="loc_us-gaap_CommitmentsAndContingencies_f0c68f4f-7ec1-d447-8ba7-0f2766abbe67" xlink:type="arc" />
    <link:loc xlink:href="http://xbrl.fasb.org/us-gaap/2018/elts/us-gaap-2018-01-31.xsd#us-gaap_StockholdersEquity" xlink:label="loc_us-gaap_StockholdersEquity_6765f135-8c69-bebc-a116-d59a52a5b2f2" xlink:type="locator" />
    <link:calculationArc order="3" weight="1" xlink:arcrole="http://www.xbrl.org/2003/arcrole/summation-item" xlink:from="loc_us-gaap_LiabilitiesAndStockholdersEquity_63817d40-f759-fa9c-45a5-8bbbb36ed5c9" xlink:to="loc_us-gaap_StockholdersEquity_6765f135-8c69-bebc-a116-d59a52a5b2f2" xlink:type="arc" />
    <link:loc xlink:href="http://xbrl.fasb.org/us-gaap/2018/elts/us-gaap-2018-01-31.xsd#us-gaap_CommonStocksIncludingAdditionalPaidInCapital" xlink:label="loc_us-gaap_CommonStocksIncludingAdditionalPaidInCapital_c728a93e-bc92-8f37-3759-4a6b3dc0bbda" xlink:type="locator" />
    <link:calculationArc order="1" weight="1" xlink:arcrole="http://www.xbrl.org/2003/arcrole/summation-item" xlink:from="loc_us-gaap_StockholdersEquity_6765f135-8c69-bebc-a116-d59a52a5b2f2" xlink:to="loc_us-gaap_CommonStocksIncludingAdditionalPaidInCapital_c728a93e-bc92-8f37-3759-4a6b3dc0bbda" xlink:type="arc" />
    <link:loc xlink:href="http://xbrl.fasb.org/us-gaap/2018/elts/us-gaap-2018-01-31.xsd#us-gaap_RetainedEarningsAccumulatedDeficit" xlink:label="loc_us-gaap_RetainedEarningsAccumulatedDeficit_a59bc5ae-63a0-c9bc-32f7-e2bd9f32bd26" xlink:type="locator" />
    <link:calculationArc order="2" weight="1" xlink:arcrole="http://www.xbrl.org/2003/arcrole/summation-item" xlink:from="loc_us-gaap_StockholdersEquity_6765f135-8c69-bebc-a116-d59a52a5b2f2" xlink:to="loc_us-gaap_RetainedEarningsAccumulatedDeficit_a59bc5ae-63a0-c9bc-32f7-e2bd9f32bd26" xlink:type="arc" />
    <link:loc xlink:href="http://xbrl.fasb.org/us-gaap/2018/elts/us-gaap-2018-01-31.xsd#us-gaap_AccumulatedOtherComprehensiveIncomeLossNetOfTax" xlink:label="loc_us-gaap_AccumulatedOtherComprehensiveIncomeLossNetOfTax_798442bf-12e1-d944-3fa1-8b797b67482e" xlink:type="locator" />
    <link:calculationArc order="3" weight="1" xlink:arcrole="http://www.xbrl.org/2003/arcrole/summation-item" xlink:from="loc_us-gaap_StockholdersEquity_6765f135-8c69-bebc-a116-d59a52a5b2f2" xlink:to="loc_us-gaap_AccumulatedOtherComprehensiveIncomeLossNetOfTax_798442bf-12e1-d944-3fa1-8b797b67482e" xlink:type="arc" />
  </link:calculationLink>
  <link:calculationLink xlink:role="http://www.apple.com/role/CondensedConsolidatedBalanceSheetsUnauditedParenthetical" xlink:type="extended" />
  <link:calculationLink xlink:role="http://www.apple.com/role/CondensedConsolidatedFinancialStatementDetails" xlink:type="extended" />
  <link:calculationLink xlink:role="http://www.apple.com/role/CondensedConsolidatedFinancialStatementDetailsOtherIncomeExpenseNetDetails" xlink:type="extended">
    <link:loc xlink:href="http://xbrl.fasb.org/us-gaap/2018/elts/us-gaap-2018-01-31.xsd#us-gaap_NonoperatingIncomeExpense" xlink:label="loc_us-gaap_NonoperatingIncomeExpense_c5398800-6e68-ed86-a47c-16106e0730c2" xlink:type="locator" />
    <link:loc xlink:href="http://xbrl.fasb.org/us-gaap/2018/elts/us-gaap-2018-01-31.xsd#us-gaap_InvestmentIncomeInterestAndDividend" xlink:label="loc_us-gaap_InvestmentIncomeInterestAndDividend_7267cf96-41e4-1138-f484-44ab662a687e" xlink:type="locator" />
    <link:calculationArc order="1" weight="1" xlink:arcrole="http://www.xbrl.org/2003/arcrole/summation-item" xlink:from="loc_us-gaap_NonoperatingIncomeExpense_c5398800-6e68-ed86-a47c-16106e0730c2" xlink:to="loc_us-gaap_InvestmentIncomeInterestAndDividend_7267cf96-41e4-1138-f484-44ab662a687e" xlink:type="arc" />
    <link:loc xlink:href="http://xbrl.fasb.org/us-gaap/2018/elts/us-gaap-2018-01-31.xsd#us-gaap_InterestExpense" xlink:label="loc_us-gaap_InterestExpense_a56b34b7-57ab-a07c-7f03-8366849a14f0" xlink:type="locator" />
    <link:calculationArc order="2" weight="-1" xlink:arcrole="http://www.xbrl.org/2003/arcrole/summation-item" xlink:from="loc_us-gaap_NonoperatingIncomeExpense_c5398800-6e68-ed86-a47c-16106e0730c2" xlink:to="loc_us-gaap_InterestExpense_a56b34b7-57ab-a07c-7f03-8366849a14f0" xlink:type="arc" />
    <link:loc xlink:href="http://xbrl.fasb.org/us-gaap/2018/elts/us-gaap-2018-01-31.xsd#us-gaap_OtherNonoperatingIncomeExpense" xlink:label="loc_us-gaap_OtherNonoperatingIncomeExpense_41e96f8d-e499-8de8-69a8-27f1c7d4df6e" xlink:type="locator" />
    <link:calculationArc order="3" weight="1" xlink:arcrole="http://www.xbrl.org/2003/arcrole/summation-item" xlink:from="loc_us-gaap_NonoperatingIncomeExpense_c5398800-6e68-ed86-a47c-16106e0730c2" xlink:to="loc_us-gaap_OtherNonoperatingIncomeExpense_41e96f8d-e499-8de8-69a8-27f1c7d4df6e" xlink:type="arc" />
  </link:calculationLink>
  <link:calculationLink xlink:role="http://www.apple.com/role/CondensedConsolidatedFinancialStatementDetailsOtherNonCurrentLiabilitiesDetails" xlink:type="extended">
    <link:loc xlink:href="http://xbrl.fasb.org/us-gaap/2018/elts/us-gaap-2018-01-31.xsd#us-gaap_OtherLiabilitiesNoncurrent" xlink:label="loc_us-gaap_OtherLiabilitiesNoncurrent_7A081649A46258AFAF79E5C413B4B023" xlink:type="locator" />
    <link:loc xlink:href="http://xbrl.fasb.org/us-gaap/2018/elts/us-gaap-2018-01-31.xsd#us-gaap_AccruedIncomeTaxesNoncurrent" xlink:label="loc_us-gaap_AccruedIncomeTaxesNoncurrent_F49510F35A6257D1A821A527183CBB28" xlink:type="locator" />
    <link:calculationArc order="1" weight="1" xlink:arcrole="http://www.xbrl.org/2003/arcrole/summation-item" xlink:from="loc_us-gaap_OtherLiabilitiesNoncurrent_7A081649A46258AFAF79E5C413B4B023" xlink:to="loc_us-gaap_AccruedIncomeTaxesNoncurrent_F49510F35A6257D1A821A527183CBB28" xlink:type="arc" />
    <link:loc xlink:href="http://xbrl.fasb.org/us-gaap/2018/elts/us-gaap-2018-01-31.xsd#us-gaap_OtherAccruedLiabilitiesNoncurrent" xlink:label="loc_us-gaap_OtherAccruedLiabilitiesNoncurrent_1C9BE6BADA5B5F31AAC84D8163834890" xlink:type="locator" />
    <link:calculationArc order="2" weight="1" xlink:arcrole="http://www.xbrl.org/2003/arcrole/summation-item" xlink:from="loc_us-gaap_OtherLiabilitiesNoncurrent_7A081649A46258AFAF79E5C413B4B023" xlink:to="loc_us-gaap_OtherAccruedLiabilitiesNoncurrent_1C9BE6BADA5B5F31AAC84D8163834890" xlink:type="arc" />
  </link:calculationLink>
  <link:calculationLink xlink:role="http://www.apple.com/role/CondensedConsolidatedFinancialStatementDetailsPropertyPlantAndEquipmentNetDetails" xlink:type="extended">
    <link:loc xlink:href="http://xbrl.fasb.org/us-gaap/2018/elts/us-gaap-2018-01-31.xsd#us-gaap_PropertyPlantAndEquipmentNet" xlink:label="loc_us-gaap_PropertyPlantAndEquipmentNet_3D0257EF4D5653D7B34C82A65F2B2882" xlink:type="locator" />
    <link:loc xlink:href="http://xbrl.fasb.org/us-gaap/2018/elts/us-gaap-2018-01-31.xsd#us-gaap_PropertyPlantAndEquipmentGross" xlink:label="loc_us-gaap_PropertyPlantAndEquipmentGross_78354801B0A35EEB91C4D1D4620A6043" xlink:type="locator" />
    <link:calculationArc order="1" weight="1" xlink:arcrole="http://www.xbrl.org/2003/arcrole/summation-item" xlink:from="loc_us-gaap_PropertyPlantAndEquipmentNet_3D0257EF4D5653D7B34C82A65F2B2882" xlink:to="loc_us-gaap_PropertyPlantAndEquipmentGross_78354801B0A35EEB91C4D1D4620A6043" xlink:type="arc" />
    <link:loc xlink:href="http://xbrl.fasb.org/us-gaap/2018/elts/us-gaap-2018-01-31.xsd#us-gaap_AccumulatedDepreciationDepletionAndAmortizationPropertyPlantAndEquipment" xlink:label="loc_us-gaap_AccumulatedDepreciationDepletionAndAmortizationPropertyPlantAndEquipment_303183DB44E9573DB66670DB6437342D" xlink:type="locator" />
    <link:calculationArc order="2" weight="-1" xlink:arcrole="http://www.xbrl.org/2003/arcrole/summation-item" xlink:from="loc_us-gaap_PropertyPlantAndEquipmentNet_3D0257EF4D5653D7B34C82A65F2B2882" xlink:to="loc_us-gaap_AccumulatedDepreciationDepletionAndAmortizationPropertyPlantAndEquipment_303183DB44E9573DB66670DB6437342D" xlink:type="arc" />
  </link:calculationLink>
  <link:calculationLink xlink:role="http://www.apple.com/role/CondensedConsolidatedFinancialStatementDetailsTables" xlink:type="extended" />
  <link:calculationLink xlink:role="http://www.apple.com/role/CondensedConsolidatedStatementsOfCashFlowsUnaudited" xlink:type="extended">
    <link:loc xlink:href="http://xbrl.fasb.org/us-gaap/2018/elts/us-gaap-2018-01-31.xsd#us-gaap_CashCashEquivalentsRestrictedCashAndRestrictedCashEquivalentsPeriodIncreaseDecreaseIncludingExchangeRateEffect" xlink:label="loc_us-gaap_CashCashEquivalentsRestrictedCashAndRestrictedCashEquivalentsPeriodIncreaseDecreaseIncludingExchangeRateEffect_9743d583-dfae-6ae9-f133-a1e331df792c" xlink:type="locator" />
    <link:loc xlink:href="http://xbrl.fasb.org/us-gaap/2018/elts/us-gaap-2018-01-31.xsd#us-gaap_NetCashProvidedByUsedInOperatingActivities" xlink:label="loc_us-gaap_NetCashProvidedByUsedInOperatingActivities_1bd0bd4e-4a6f-b052-029c-0ecb0c520251" xlink:type="locator" />
    <link:calculationArc order="1" weight="1" xlink:arcrole="http://www.xbrl.org/2003/arcrole/summation-item" xlink:from="loc_us-gaap_CashCashEquivalentsRestrictedCashAndRestrictedCashEquivalentsPeriodIncreaseDecreaseIncludingExchangeRateEffect_9743d583-dfae-6ae9-f133-a1e331df792c" xlink:to="loc_us-gaap_NetCashProvidedByUsedInOperatingActivities_1bd0bd4e-4a6f-b052-029c-0ecb0c520251" xlink:type="arc" />
    <link:loc xlink:href="http://xbrl.fasb.org/us-gaap/2018/elts/us-gaap-2018-01-31.xsd#us-gaap_NetIncomeLoss" xlink:label="loc_us-gaap_NetIncomeLoss_a10eea14-f4db-3125-d183-77bb54500e95" xlink:type="locator" />
    <link:calculationArc order="1" weight="1" xlink:arcrole="http://www.xbrl.org/2003/arcrole/summation-item" xlink:from="loc_us-gaap_NetCashProvidedByUsedInOperatingActivities_1bd0bd4e-4a6f-b052-029c-0ecb0c520251" xlink:to="loc_us-gaap_NetIncomeLoss_a10eea14-f4db-3125-d183-77bb54500e95" xlink:type="arc" />
    <link:loc xlink:href="http://xbrl.fasb.org/us-gaap/2018/elts/us-gaap-2018-01-31.xsd#us-gaap_DepreciationDepletionAndAmortization" xlink:label="loc_us-gaap_DepreciationDepletionAndAmortization_b11c1cb0-596b-4c3d-0283-76cef67837c7" xlink:type="locator" />
    <link:calculationArc order="2" weight="1" xlink:arcrole="http://www.xbrl.org/2003/arcrole/summation-item" xlink:from="loc_us-gaap_NetCashProvidedByUsedInOperatingActivities_1bd0bd4e-4a6f-b052-029c-0ecb0c520251" xlink:to="loc_us-gaap_DepreciationDepletionAndAmortization_b11c1cb0-596b-4c3d-0283-76cef67837c7" xlink:type="arc" />
    <link:loc xlink:href="http://xbrl.fasb.org/us-gaap/2018/elts/us-gaap-2018-01-31.xsd#us-gaap_ShareBasedCompensation" xlink:label="loc_us-gaap_ShareBasedCompensation_90cbc3ab-f555-6407-b3b4-b2bfa84c9f18" xlink:type="locator" />
    <link:calculationArc order="3" weight="1" xlink:arcrole="http://www.xbrl.org/2003/arcrole/summation-item" xlink:from="loc_us-gaap_NetCashProvidedByUsedInOperatingActivities_1bd0bd4e-4a6f-b052-029c-0ecb0c520251" xlink:to="loc_us-gaap_ShareBasedCompensation_90cbc3ab-f555-6407-b3b4-b2bfa84c9f18" xlink:type="arc" />
    <link:loc xlink:href="http://xbrl.fasb.org/us-gaap/2018/elts/us-gaap-2018-01-31.xsd#us-gaap_DeferredIncomeTaxExpenseBenefit" xlink:label="loc_us-gaap_DeferredIncomeTaxExpenseBenefit_e8a9abf2-38d3-77d1-fb6b-693fef632294" xlink:type="locator" />
    <link:calculationArc order="4" weight="1" xlink:arcrole="http://www.xbrl.org/2003/arcrole/summation-item" xlink:from="loc_us-gaap_NetCashProvidedByUsedInOperatingActivities_1bd0bd4e-4a6f-b052-029c-0ecb0c520251" xlink:to="loc_us-gaap_DeferredIncomeTaxExpenseBenefit_e8a9abf2-38d3-77d1-fb6b-693fef632294" xlink:type="arc" />
    <link:loc xlink:href="http://xbrl.fasb.org/us-gaap/2018/elts/us-gaap-2018-01-31.xsd#us-gaap_OtherNoncashIncomeExpense" xlink:label="loc_us-gaap_OtherNoncashIncomeExpense_29b0a481-c653-23c1-27cf-114dadcce1af" xlink:type="locator" />
    <link:calculationArc order="5" weight="-1" xlink:arcrole="http://www.xbrl.org/2003/arcrole/summation-item" xlink:from="loc_us-gaap_NetCashProvidedByUsedInOperatingActivities_1bd0bd4e-4a6f-b052-029c-0ecb0c520251" xlink:to="loc_us-gaap_OtherNoncashIncomeExpense_29b0a481-c653-23c1-27cf-114dadcce1af" xlink:type="arc" />
    <link:loc xlink:href="http://xbrl.fasb.org/us-gaap/2018/elts/us-gaap-2018-01-31.xsd#us-gaap_IncreaseDecreaseInAccountsReceivable" xlink:label="loc_us-gaap_IncreaseDecreaseInAccountsReceivable_5f96c19e-85fe-99f6-cec0-c2c9d7470ed4" xlink:type="locator" />
    <link:calculationArc order="6" weight="-1" xlink:arcrole="http://www.xbrl.org/2003/arcrole/summation-item" xlink:from="loc_us-gaap_NetCashProvidedByUsedInOperatingActivities_1bd0bd4e-4a6f-b052-029c-0ecb0c520251" xlink:to="loc_us-gaap_IncreaseDecreaseInAccountsReceivable_5f96c19e-85fe-99f6-cec0-c2c9d7470ed4" xlink:type="arc" />
    <link:loc xlink:href="http://xbrl.fasb.org/us-gaap/2018/elts/us-gaap-2018-01-31.xsd#us-gaap_IncreaseDecreaseInInventories" xlink:label="loc_us-gaap_IncreaseDecreaseInInventories_334f1d33-7cae-7fd2-9d83-bb387fc2f3dd" xlink:type="locator" />
    <link:calculationArc order="7" weight="-1" xlink:arcrole="http://www.xbrl.org/2003/arcrole/summation-item" xlink:from="loc_us-gaap_NetCashProvidedByUsedInOperatingActivities_1bd0bd4e-4a6f-b052-029c-0ecb0c520251" xlink:to="loc_us-gaap_IncreaseDecreaseInInventories_334f1d33-7cae-7fd2-9d83-bb387fc2f3dd" xlink:type="arc" />
    <link:loc xlink:href="http://xbrl.fasb.org/us-gaap/2018/elts/us-gaap-2018-01-31.xsd#us-gaap_IncreaseDecreaseInOtherReceivables" xlink:label="loc_us-gaap_IncreaseDecreaseInOtherReceivables_5c03a9d6-b8ac-bbf3-746c-c7ea8b29c405" xlink:type="locator" />
    <link:calculationArc order="8" weight="-1" xlink:arcrole="http://www.xbrl.org/2003/arcrole/summation-item" xlink:from="loc_us-gaap_NetCashProvidedByUsedInOperatingActivities_1bd0bd4e-4a6f-b052-029c-0ecb0c520251" xlink:to="loc_us-gaap_IncreaseDecreaseInOtherReceivables_5c03a9d6-b8ac-bbf3-746c-c7ea8b29c405" xlink:type="arc" />
    <link:loc xlink:href="http://xbrl.fasb.org/us-gaap/2018/elts/us-gaap-2018-01-31.xsd#us-gaap_IncreaseDecreaseInOtherOperatingAssets" xlink:label="loc_us-gaap_IncreaseDecreaseInOtherOperatingAssets_d54a644c-3d3c-bcc1-da30-2f136651f90f" xlink:type="locator" />
    <link:calculationArc order="9" weight="-1" xlink:arcrole="http://www.xbrl.org/2003/arcrole/summation-item" xlink:from="loc_us-gaap_NetCashProvidedByUsedInOperatingActivities_1bd0bd4e-4a6f-b052-029c-0ecb0c520251" xlink:to="loc_us-gaap_IncreaseDecreaseInOtherOperatingAssets_d54a644c-3d3c-bcc1-da30-2f136651f90f" xlink:type="arc" />
    <link:loc xlink:href="http://xbrl.fasb.org/us-gaap/2018/elts/us-gaap-2018-01-31.xsd#us-gaap_IncreaseDecreaseInAccountsPayable" xlink:label="loc_us-gaap_IncreaseDecreaseInAccountsPayable_0a39d2ee-656d-ead5-a676-41794b4da8f4" xlink:type="locator" />
    <link:calculationArc order="10" weight="1" xlink:arcrole="http://www.xbrl.org/2003/arcrole/summation-item" xlink:from="loc_us-gaap_NetCashProvidedByUsedInOperatingActivities_1bd0bd4e-4a6f-b052-029c-0ecb0c520251" xlink:to="loc_us-gaap_IncreaseDecreaseInAccountsPayable_0a39d2ee-656d-ead5-a676-41794b4da8f4" xlink:type="arc" />
    <link:loc xlink:href="http://xbrl.fasb.org/us-gaap/2018/elts/us-gaap-2018-01-31.xsd#us-gaap_IncreaseDecreaseInContractWithCustomerLiability" xlink:label="loc_us-gaap_IncreaseDecreaseInContractWithCustomerLiability_7d3f88de-7d0f-fe63-f176-2a8af9ecbcbd" xlink:type="locator" />
    <link:calculationArc order="11" weight="1" xlink:arcrole="http://www.xbrl.org/2003/arcrole/summation-item" xlink:from="loc_us-gaap_NetCashProvidedByUsedInOperatingActivities_1bd0bd4e-4a6f-b052-029c-0ecb0c520251" xlink:to="loc_us-gaap_IncreaseDecreaseInContractWithCustomerLiability_7d3f88de-7d0f-fe63-f176-2a8af9ecbcbd" xlink:type="arc" />
    <link:loc xlink:href="http://xbrl.fasb.org/us-gaap/2018/elts/us-gaap-2018-01-31.xsd#us-gaap_IncreaseDecreaseInOtherOperatingLiabilities" xlink:label="loc_us-gaap_IncreaseDecreaseInOtherOperatingLiabilities_a039d388-4db8-a076-4618-28899f6ce801" xlink:type="locator" />
    <link:calculationArc order="12" weight="1" xlink:arcrole="http://www.xbrl.org/2003/arcrole/summation-item" xlink:from="loc_us-gaap_NetCashProvidedByUsedInOperatingActivities_1bd0bd4e-4a6f-b052-029c-0ecb0c520251" xlink:to="loc_us-gaap_IncreaseDecreaseInOtherOperatingLiabilities_a039d388-4db8-a076-4618-28899f6ce801" xlink:type="arc" />
    <link:loc xlink:href="http://xbrl.fasb.org/us-gaap/2018/elts/us-gaap-2018-01-31.xsd#us-gaap_NetCashProvidedByUsedInInvestingActivities" xlink:label="loc_us-gaap_NetCashProvidedByUsedInInvestingActivities_28655e34-499f-b7bf-c54f-5de0990d0c65" xlink:type="locator" />
    <link:calculationArc order="2" weight="1" xlink:arcrole="http://www.xbrl.org/2003/arcrole/summation-item" xlink:from="loc_us-gaap_CashCashEquivalentsRestrictedCashAndRestrictedCashEquivalentsPeriodIncreaseDecreaseIncludingExchangeRateEffect_9743d583-dfae-6ae9-f133-a1e331df792c" xlink:to="loc_us-gaap_NetCashProvidedByUsedInInvestingActivities_28655e34-499f-b7bf-c54f-5de0990d0c65" xlink:type="arc" />
    <link:loc xlink:href="http://xbrl.fasb.org/us-gaap/2018/elts/us-gaap-2018-01-31.xsd#us-gaap_PaymentsToAcquireAvailableForSaleSecuritiesDebt" xlink:label="loc_us-gaap_PaymentsToAcquireAvailableForSaleSecuritiesDebt_5a6cca43-79c5-34f3-6172-5859b13486b1" xlink:type="locator" />
    <link:calculationArc order="1" weight="-1" xlink:arcrole="http://www.xbrl.org/2003/arcrole/summation-item" xlink:from="loc_us-gaap_NetCashProvidedByUsedInInvestingActivities_28655e34-499f-b7bf-c54f-5de0990d0c65" xlink:to="loc_us-gaap_PaymentsToAcquireAvailableForSaleSecuritiesDebt_5a6cca43-79c5-34f3-6172-5859b13486b1" xlink:type="arc" />
    <link:loc xlink:href="http://xbrl.fasb.org/us-gaap/2018/elts/us-gaap-2018-01-31.xsd#us-gaap_ProceedsFromMaturitiesPrepaymentsAndCallsOfAvailableForSaleSecurities" xlink:label="loc_us-gaap_ProceedsFromMaturitiesPrepaymentsAndCallsOfAvailableForSaleSecurities_b2d1473c-d06a-7053-5039-5cb1510f932e" xlink:type="locator" />
    <link:calculationArc order="2" weight="1" xlink:arcrole="http://www.xbrl.org/2003/arcrole/summation-item" xlink:from="loc_us-gaap_NetCashProvidedByUsedInInvestingActivities_28655e34-499f-b7bf-c54f-5de0990d0c65" xlink:to="loc_us-gaap_ProceedsFromMaturitiesPrepaymentsAndCallsOfAvailableForSaleSecurities_b2d1473c-d06a-7053-5039-5cb1510f932e" xlink:type="arc" />
    <link:loc xlink:href="http://xbrl.fasb.org/us-gaap/2018/elts/us-gaap-2018-01-31.xsd#us-gaap_ProceedsFromSaleOfAvailableForSaleSecuritiesDebt" xlink:label="loc_us-gaap_ProceedsFromSaleOfAvailableForSaleSecuritiesDebt_33cd5d62-efc5-7725-6424-7800a10af341" xlink:type="locator" />
    <link:calculationArc order="3" weight="1" xlink:arcrole="http://www.xbrl.org/2003/arcrole/summation-item" xlink:from="loc_us-gaap_NetCashProvidedByUsedInInvestingActivities_28655e34-499f-b7bf-c54f-5de0990d0c65" xlink:to="loc_us-gaap_ProceedsFromSaleOfAvailableForSaleSecuritiesDebt_33cd5d62-efc5-7725-6424-7800a10af341" xlink:type="arc" />
    <link:loc xlink:href="http://xbrl.fasb.org/us-gaap/2018/elts/us-gaap-2018-01-31.xsd#us-gaap_PaymentsToAcquirePropertyPlantAndEquipment" xlink:label="loc_us-gaap_PaymentsToAcquirePropertyPlantAndEquipment_6d89f221-3ede-36b2-fcad-4a4ce1606f6a" xlink:type="locator" />
    <link:calculationArc order="4" weight="-1" xlink:arcrole="http://www.xbrl.org/2003/arcrole/summation-item" xlink:from="loc_us-gaap_NetCashProvidedByUsedInInvestingActivities_28655e34-499f-b7bf-c54f-5de0990d0c65" xlink:to="loc_us-gaap_PaymentsToAcquirePropertyPlantAndEquipment_6d89f221-3ede-36b2-fcad-4a4ce1606f6a" xlink:type="arc" />
    <link:loc xlink:href="http://xbrl.fasb.org/us-gaap/2018/elts/us-gaap-2018-01-31.xsd#us-gaap_PaymentsToAcquireBusinessesNetOfCashAcquired" xlink:label="loc_us-gaap_PaymentsToAcquireBusinessesNetOfCashAcquired_80abba07-181c-6ed2-349d-9d7dfc078eab" xlink:type="locator" />
    <link:calculationArc order="5" weight="-1" xlink:arcrole="http://www.xbrl.org/2003/arcrole/summation-item" xlink:from="loc_us-gaap_NetCashProvidedByUsedInInvestingActivities_28655e34-499f-b7bf-c54f-5de0990d0c65" xlink:to="loc_us-gaap_PaymentsToAcquireBusinessesNetOfCashAcquired_80abba07-181c-6ed2-349d-9d7dfc078eab" xlink:type="arc" />
    <link:loc xlink:href="http://xbrl.fasb.org/us-gaap/2018/elts/us-gaap-2018-01-31.xsd#us-gaap_PaymentsToAcquireOtherInvestments" xlink:label="loc_us-gaap_PaymentsToAcquireOtherInvestments_93117641-f974-7fd5-be7f-b30d1cbbb2b1" xlink:type="locator" />
    <link:calculationArc order="6" weight="-1" xlink:arcrole="http://www.xbrl.org/2003/arcrole/summation-item" xlink:from="loc_us-gaap_NetCashProvidedByUsedInInvestingActivities_28655e34-499f-b7bf-c54f-5de0990d0c65" xlink:to="loc_us-gaap_PaymentsToAcquireOtherInvestments_93117641-f974-7fd5-be7f-b30d1cbbb2b1" xlink:type="arc" />
    <link:loc xlink:href="http://xbrl.fasb.org/us-gaap/2018/elts/us-gaap-2018-01-31.xsd#us-gaap_ProceedsFromSaleAndMaturityOfOtherInvestments" xlink:label="loc_us-gaap_ProceedsFromSaleAndMaturityOfOtherInvestments_9d96fe52-eed0-e442-4c00-33d2270f0962" xlink:type="locator" />
    <link:calculationArc order="7" weight="1" xlink:arcrole="http://www.xbrl.org/2003/arcrole/summation-item" xlink:from="loc_us-gaap_NetCashProvidedByUsedInInvestingActivities_28655e34-499f-b7bf-c54f-5de0990d0c65" xlink:to="loc_us-gaap_ProceedsFromSaleAndMaturityOfOtherInvestments_9d96fe52-eed0-e442-4c00-33d2270f0962" xlink:type="arc" />
    <link:loc xlink:href="http://xbrl.fasb.org/us-gaap/2018/elts/us-gaap-2018-01-31.xsd#us-gaap_PaymentsForProceedsFromOtherInvestingActivities" xlink:label="loc_us-gaap_PaymentsForProceedsFromOtherInvestingActivities_54e087e7-dea1-4188-710c-f95dcb130e6e" xlink:type="locator" />
    <link:calculationArc order="8" weight="-1" xlink:arcrole="http://www.xbrl.org/2003/arcrole/summation-item" xlink:from="loc_us-gaap_NetCashProvidedByUsedInInvestingActivities_28655e34-499f-b7bf-c54f-5de0990d0c65" xlink:to="loc_us-gaap_PaymentsForProceedsFromOtherInvestingActivities_54e087e7-dea1-4188-710c-f95dcb130e6e" xlink:type="arc" />
    <link:loc xlink:href="http://xbrl.fasb.org/us-gaap/2018/elts/us-gaap-2018-01-31.xsd#us-gaap_NetCashProvidedByUsedInFinancingActivities" xlink:label="loc_us-gaap_NetCashProvidedByUsedInFinancingActivities_d8917e24-06dd-060d-a290-e426c7895e54" xlink:type="locator" />
    <link:calculationArc order="3" weight="1" xlink:arcrole="http://www.xbrl.org/2003/arcrole/summation-item" xlink:from="loc_us-gaap_CashCashEquivalentsRestrictedCashAndRestrictedCashEquivalentsPeriodIncreaseDecreaseIncludingExchangeRateEffect_9743d583-dfae-6ae9-f133-a1e331df792c" xlink:to="loc_us-gaap_NetCashProvidedByUsedInFinancingActivities_d8917e24-06dd-060d-a290-e426c7895e54" xlink:type="arc" />
    <link:loc xlink:href="http://xbrl.fasb.org/us-gaap/2018/elts/us-gaap-2018-01-31.xsd#us-gaap_ProceedsFromIssuanceOfCommonStock" xlink:label="loc_us-gaap_ProceedsFromIssuanceOfCommonStock_6ec8bc8e-bcd9-36ad-d8ae-2c2fa1dfd920" xlink:type="locator" />
    <link:calculationArc order="1" weight="1" xlink:arcrole="http://www.xbrl.org/2003/arcrole/summation-item" xlink:from="loc_us-gaap_NetCashProvidedByUsedInFinancingActivities_d8917e24-06dd-060d-a290-e426c7895e54" xlink:to="loc_us-gaap_ProceedsFromIssuanceOfCommonStock_6ec8bc8e-bcd9-36ad-d8ae-2c2fa1dfd920" xlink:type="arc" />
    <link:loc xlink:href="http://xbrl.fasb.org/us-gaap/2018/elts/us-gaap-2018-01-31.xsd#us-gaap_PaymentsRelatedToTaxWithholdingForShareBasedCompensation" xlink:label="loc_us-gaap_PaymentsRelatedToTaxWithholdingForShareBasedCompensation_43305c85-41ff-3d0f-c464-dc8983363bce" xlink:type="locator" />
    <link:calculationArc order="2" weight="-1" xlink:arcrole="http://www.xbrl.org/2003/arcrole/summation-item" xlink:from="loc_us-gaap_NetCashProvidedByUsedInFinancingActivities_d8917e24-06dd-060d-a290-e426c7895e54" xlink:to="loc_us-gaap_PaymentsRelatedToTaxWithholdingForShareBasedCompensation_43305c85-41ff-3d0f-c464-dc8983363bce" xlink:type="arc" />
    <link:loc xlink:href="http://xbrl.fasb.org/us-gaap/2018/elts/us-gaap-2018-01-31.xsd#us-gaap_PaymentsOfDividends" xlink:label="loc_us-gaap_PaymentsOfDividends_13cc8818-e792-6246-5e41-c56e1150a319" xlink:type="locator" />
    <link:calculationArc order="3" weight="-1" xlink:arcrole="http://www.xbrl.org/2003/arcrole/summation-item" xlink:from="loc_us-gaap_NetCashProvidedByUsedInFinancingActivities_d8917e24-06dd-060d-a290-e426c7895e54" xlink:to="loc_us-gaap_PaymentsOfDividends_13cc8818-e792-6246-5e41-c56e1150a319" xlink:type="arc" />
    <link:loc xlink:href="http://xbrl.fasb.org/us-gaap/2018/elts/us-gaap-2018-01-31.xsd#us-gaap_PaymentsForRepurchaseOfCommonStock" xlink:label="loc_us-gaap_PaymentsForRepurchaseOfCommonStock_d4a92697-d008-996b-823a-bd9a56a04b3a" xlink:type="locator" />
    <link:calculationArc order="4" weight="-1" xlink:arcrole="http://www.xbrl.org/2003/arcrole/summation-item" xlink:from="loc_us-gaap_NetCashProvidedByUsedInFinancingActivities_d8917e24-06dd-060d-a290-e426c7895e54" xlink:to="loc_us-gaap_PaymentsForRepurchaseOfCommonStock_d4a92697-d008-996b-823a-bd9a56a04b3a" xlink:type="arc" />
    <link:loc xlink:href="http://xbrl.fasb.org/us-gaap/2018/elts/us-gaap-2018-01-31.xsd#us-gaap_ProceedsFromIssuanceOfLongTermDebt" xlink:label="loc_us-gaap_ProceedsFromIssuanceOfLongTermDebt_60ab1096-bf53-5d61-76bd-431fe857fc03" xlink:type="locator" />
    <link:calculationArc order="5" weight="1" xlink:arcrole="http://www.xbrl.org/2003/arcrole/summation-item" xlink:from="loc_us-gaap_NetCashProvidedByUsedInFinancingActivities_d8917e24-06dd-060d-a290-e426c7895e54" xlink:to="loc_us-gaap_ProceedsFromIssuanceOfLongTermDebt_60ab1096-bf53-5d61-76bd-431fe857fc03" xlink:type="arc" />
    <link:loc xlink:href="http://xbrl.fasb.org/us-gaap/2018/elts/us-gaap-2018-01-31.xsd#us-gaap_RepaymentsOfLongTermDebt" xlink:label="loc_us-gaap_RepaymentsOfLongTermDebt_cfa1e746-5920-c3b5-33ed-a7dee018f26c" xlink:type="locator" />
    <link:calculationArc order="6" weight="-1" xlink:arcrole="http://www.xbrl.org/2003/arcrole/summation-item" xlink:from="loc_us-gaap_NetCashProvidedByUsedInFinancingActivities_d8917e24-06dd-060d-a290-e426c7895e54" xlink:to="loc_us-gaap_RepaymentsOfLongTermDebt_cfa1e746-5920-c3b5-33ed-a7dee018f26c" xlink:type="arc" />
    <link:loc xlink:href="http://xbrl.fasb.org/us-gaap/2018/elts/us-gaap-2018-01-31.xsd#us-gaap_ProceedsFromPaymentsForOtherFinancingActivities" xlink:label="loc_us-gaap_ProceedsFromPaymentsForOtherFinancingActivities_38e7f3e2-9d1a-8772-e4aa-fb2cb7d8adc0" xlink:type="locator" />
    <link:calculationArc order="7" weight="1" xlink:arcrole="http://www.xbrl.org/2003/arcrole/summation-item" xlink:from="loc_us-gaap_NetCashProvidedByUsedInFinancingActivities_d8917e24-06dd-060d-a290-e426c7895e54" xlink:to="loc_us-gaap_ProceedsFromPaymentsForOtherFinancingActivities_38e7f3e2-9d1a-8772-e4aa-fb2cb7d8adc0" xlink:type="arc" />
  </link:calculationLink>
  <link:calculationLink xlink:role="http://www.apple.com/role/CondensedConsolidatedStatementsOfComprehensiveIncomeUnaudited" xlink:type="extended">
    <link:loc xlink:href="http://xbrl.fasb.org/us-gaap/2018/elts/us-gaap-2018-01-31.xsd#us-gaap_ComprehensiveIncomeNetOfTax" xlink:label="loc_us-gaap_ComprehensiveIncomeNetOfTax_45857BC241C5532D8A0FF16A53ED3F93" xlink:type="locator" />
    <link:loc xlink:href="http://xbrl.fasb.org/us-gaap/2018/elts/us-gaap-2018-01-31.xsd#us-gaap_NetIncomeLoss" xlink:label="loc_us-gaap_NetIncomeLoss_BF2F4B8F40655B37BCF1E99141A49EBD" xlink:type="locator" />
    <link:calculationArc order="1" weight="1" xlink:arcrole="http://www.xbrl.org/2003/arcrole/summation-item" xlink:from="loc_us-gaap_ComprehensiveIncomeNetOfTax_45857BC241C5532D8A0FF16A53ED3F93" xlink:to="loc_us-gaap_NetIncomeLoss_BF2F4B8F40655B37BCF1E99141A49EBD" xlink:type="arc" />
    <link:loc xlink:href="http://xbrl.fasb.org/us-gaap/2018/elts/us-gaap-2018-01-31.xsd#us-gaap_OtherComprehensiveIncomeLossNetOfTaxPortionAttributableToParent" xlink:label="loc_us-gaap_OtherComprehensiveIncomeLossNetOfTaxPortionAttributableToParent_3B8A14E15BE35FC2BF3FF874BB7E60DD" xlink:type="locator" />
    <link:calculationArc order="2" weight="1" xlink:arcrole="http://www.xbrl.org/2003/arcrole/summation-item" xlink:from="loc_us-gaap_ComprehensiveIncomeNetOfTax_45857BC241C5532D8A0FF16A53ED3F93" xlink:to="loc_us-gaap_OtherComprehensiveIncomeLossNetOfTaxPortionAttributableToParent_3B8A14E15BE35FC2BF3FF874BB7E60DD" xlink:type="arc" />
    <link:loc xlink:href="http://xbrl.fasb.org/us-gaap/2018/elts/us-gaap-2018-01-31.xsd#us-gaap_OtherComprehensiveIncomeLossForeignCurrencyTransactionAndTranslationAdjustmentNetOfTax" xlink:label="loc_us-gaap_OtherComprehensiveIncomeLossForeignCurrencyTransactionAndTranslationAdjustmentNetOfTax_2FB999CDDB265BF288E11F94C2C85E6C" xlink:type="locator" />
    <link:calculationArc order="1" weight="1" xlink:arcrole="http://www.xbrl.org/2003/arcrole/summation-item" xlink:from="loc_us-gaap_OtherComprehensiveIncomeLossNetOfTaxPortionAttributableToParent_3B8A14E15BE35FC2BF3FF874BB7E60DD" xlink:to="loc_us-gaap_OtherComprehensiveIncomeLossForeignCurrencyTransactionAndTranslationAdjustmentNetOfTax_2FB999CDDB265BF288E11F94C2C85E6C" xlink:type="arc" />
    <link:loc xlink:href="http://xbrl.fasb.org/us-gaap/2018/elts/us-gaap-2018-01-31.xsd#us-gaap_OtherComprehensiveIncomeLossDerivativesQualifyingAsHedgesNetOfTax" xlink:label="loc_us-gaap_OtherComprehensiveIncomeLossDerivativesQualifyingAsHedgesNetOfTax_E061750263C85E6CB9D309CDCC6BBCAE" xlink:type="locator" />
    <link:calculationArc order="2" weight="1" xlink:arcrole="http://www.xbrl.org/2003/arcrole/summation-item" xlink:from="loc_us-gaap_OtherComprehensiveIncomeLossNetOfTaxPortionAttributableToParent_3B8A14E15BE35FC2BF3FF874BB7E60DD" xlink:to="loc_us-gaap_OtherComprehensiveIncomeLossDerivativesQualifyingAsHedgesNetOfTax_E061750263C85E6CB9D309CDCC6BBCAE" xlink:type="arc" />
    <link:loc xlink:href="http://xbrl.fasb.org/us-gaap/2018/elts/us-gaap-2018-01-31.xsd#us-gaap_OtherComprehensiveIncomeUnrealizedGainLossOnDerivativesArisingDuringPeriodNetOfTax" xlink:label="loc_us-gaap_OtherComprehensiveIncomeUnrealizedGainLossOnDerivativesArisingDuringPeriodNetOfTax_1507C688C88B55BD937B7C6C5567396D" xlink:type="locator" />
    <link:calculationArc order="1" weight="1" xlink:arcrole="http://www.xbrl.org/2003/arcrole/summation-item" xlink:from="loc_us-gaap_OtherComprehensiveIncomeLossDerivativesQualifyingAsHedgesNetOfTax_E061750263C85E6CB9D309CDCC6BBCAE" xlink:to="loc_us-gaap_OtherComprehensiveIncomeUnrealizedGainLossOnDerivativesArisingDuringPeriodNetOfTax_1507C688C88B55BD937B7C6C5567396D" xlink:type="arc" />
    <link:loc xlink:href="http://xbrl.fasb.org/us-gaap/2018/elts/us-gaap-2018-01-31.xsd#us-gaap_OtherComprehensiveIncomeLossReclassificationAdjustmentFromAOCIOnDerivativesNetOfTax" xlink:label="loc_us-gaap_OtherComprehensiveIncomeLossReclassificationAdjustmentFromAOCIOnDerivativesNetOfTax_B9413FE178165A52837C712182DF7BCE" xlink:type="locator" />
    <link:calculationArc order="2" weight="-1" xlink:arcrole="http://www.xbrl.org/2003/arcrole/summation-item" xlink:from="loc_us-gaap_OtherComprehensiveIncomeLossDerivativesQualifyingAsHedgesNetOfTax_E061750263C85E6CB9D309CDCC6BBCAE" xlink:to="loc_us-gaap_OtherComprehensiveIncomeLossReclassificationAdjustmentFromAOCIOnDerivativesNetOfTax_B9413FE178165A52837C712182DF7BCE" xlink:type="arc" />
    <link:loc xlink:href="http://xbrl.fasb.org/us-gaap/2018/elts/us-gaap-2018-01-31.xsd#us-gaap_OtherComprehensiveIncomeLossAvailableForSaleSecuritiesAdjustmentNetOfTax" xlink:label="loc_us-gaap_OtherComprehensiveIncomeLossAvailableForSaleSecuritiesAdjustmentNetOfTax_359755A9BA825B76A5A478BBC4372A31" xlink:type="locator" />
    <link:calculationArc order="3" weight="1" xlink:arcrole="http://www.xbrl.org/2003/arcrole/summation-item" xlink:from="loc_us-gaap_OtherComprehensiveIncomeLossNetOfTaxPortionAttributableToParent_3B8A14E15BE35FC2BF3FF874BB7E60DD" xlink:to="loc_us-gaap_OtherComprehensiveIncomeLossAvailableForSaleSecuritiesAdjustmentNetOfTax_359755A9BA825B76A5A478BBC4372A31" xlink:type="arc" />
    <link:loc xlink:href="http://xbrl.fasb.org/us-gaap/2018/elts/us-gaap-2018-01-31.xsd#us-gaap_OtherComprehensiveIncomeUnrealizedHoldingGainLossOnSecuritiesArisingDuringPeriodNetOfTax" xlink:label="loc_us-gaap_OtherComprehensiveIncomeUnrealizedHoldingGainLossOnSecuritiesArisingDuringPeriodNetOfTax_9FF2FD6A058954CBB2AEC1901BEA6ACF" xlink:type="locator" />
    <link:calculationArc order="1" weight="1" xlink:arcrole="http://www.xbrl.org/2003/arcrole/summation-item" xlink:from="loc_us-gaap_OtherComprehensiveIncomeLossAvailableForSaleSecuritiesAdjustmentNetOfTax_359755A9BA825B76A5A478BBC4372A31" xlink:to="loc_us-gaap_OtherComprehensiveIncomeUnrealizedHoldingGainLossOnSecuritiesArisingDuringPeriodNetOfTax_9FF2FD6A058954CBB2AEC1901BEA6ACF" xlink:type="arc" />
    <link:loc xlink:href="http://xbrl.fasb.org/us-gaap/2018/elts/us-gaap-2018-01-31.xsd#us-gaap_OtherComprehensiveIncomeLossReclassificationAdjustmentFromAOCIForSaleOfSecuritiesNetOfTax" xlink:label="loc_us-gaap_OtherComprehensiveIncomeLossReclassificationAdjustmentFromAOCIForSaleOfSecuritiesNetOfTax_FE1E10D1C4B954378E2F8A3D431FA98A" xlink:type="locator" />
    <link:calculationArc order="2" weight="-1" xlink:arcrole="http://www.xbrl.org/2003/arcrole/summation-item" xlink:from="loc_us-gaap_OtherComprehensiveIncomeLossAvailableForSaleSecuritiesAdjustmentNetOfTax_359755A9BA825B76A5A478BBC4372A31" xlink:to="loc_us-gaap_OtherComprehensiveIncomeLossReclassificationAdjustmentFromAOCIForSaleOfSecuritiesNetOfTax_FE1E10D1C4B954378E2F8A3D431FA98A" xlink:type="arc" />
  </link:calculationLink>
  <link:calculationLink xlink:role="http://www.apple.com/role/CondensedConsolidatedStatementsOfOperationsUnaudited" xlink:type="extended">
    <link:loc xlink:href="http://xbrl.fasb.org/us-gaap/2018/elts/us-gaap-2018-01-31.xsd#us-gaap_NetIncomeLoss" xlink:label="loc_us-gaap_NetIncomeLoss_BF2F4B8F40655B37BCF1E99141A49EBD" xlink:type="locator" />
    <link:loc xlink:href="http://xbrl.fasb.org/us-gaap/2018/elts/us-gaap-2018-01-31.xsd#us-gaap_IncomeLossFromContinuingOperationsBeforeIncomeTaxesExtraordinaryItemsNoncontrollingInterest" xlink:label="loc_us-gaap_IncomeLossFromContinuingOperationsBeforeIncomeTaxesExtraordinaryItemsNoncontrollingInterest_480A525B985C57F68FBAF6FCB8463C6C" xlink:type="locator" />
    <link:calculationArc order="1" weight="1" xlink:arcrole="http://www.xbrl.org/2003/arcrole/summation-item" xlink:from="loc_us-gaap_NetIncomeLoss_BF2F4B8F40655B37BCF1E99141A49EBD" xlink:to="loc_us-gaap_IncomeLossFromContinuingOperationsBeforeIncomeTaxesExtraordinaryItemsNoncontrollingInterest_480A525B985C57F68FBAF6FCB8463C6C" xlink:type="arc" />
    <link:loc xlink:href="http://xbrl.fasb.org/us-gaap/2018/elts/us-gaap-2018-01-31.xsd#us-gaap_OperatingIncomeLoss" xlink:label="loc_us-gaap_OperatingIncomeLoss_B6514F15A3D653BE931B5787FE04F787" xlink:type="locator" />
    <link:calculationArc order="1" weight="1" xlink:arcrole="http://www.xbrl.org/2003/arcrole/summation-item" xlink:from="loc_us-gaap_IncomeLossFromContinuingOperationsBeforeIncomeTaxesExtraordinaryItemsNoncontrollingInterest_480A525B985C57F68FBAF6FCB8463C6C" xlink:to="loc_us-gaap_OperatingIncomeLoss_B6514F15A3D653BE931B5787FE04F787" xlink:type="arc" />
    <link:loc xlink:href="http://xbrl.fasb.org/us-gaap/2018/elts/us-gaap-2018-01-31.xsd#us-gaap_GrossProfit" xlink:label="loc_us-gaap_GrossProfit_286F7E8341BB5FBB81C6A48F9F9E7C5F" xlink:type="locator" />
    <link:calculationArc order="1" weight="1" xlink:arcrole="http://www.xbrl.org/2003/arcrole/summation-item" xlink:from="loc_us-gaap_OperatingIncomeLoss_B6514F15A3D653BE931B5787FE04F787" xlink:to="loc_us-gaap_GrossProfit_286F7E8341BB5FBB81C6A48F9F9E7C5F" xlink:type="arc" />
    <link:loc xlink:href="http://xbrl.fasb.org/us-gaap/2018/elts/us-gaap-2018-01-31.xsd#us-gaap_RevenueFromContractWithCustomerExcludingAssessedTax" xlink:label="loc_us-gaap_RevenueFromContractWithCustomerExcludingAssessedTax_CA4A69725283575B99F4DD36BD80B89B" xlink:type="locator" />
    <link:calculationArc order="1" weight="1" xlink:arcrole="http://www.xbrl.org/2003/arcrole/summation-item" xlink:from="loc_us-gaap_GrossProfit_286F7E8341BB5FBB81C6A48F9F9E7C5F" xlink:to="loc_us-gaap_RevenueFromContractWithCustomerExcludingAssessedTax_CA4A69725283575B99F4DD36BD80B89B" xlink:type="arc" />
    <link:loc xlink:href="http://xbrl.fasb.org/us-gaap/2018/elts/us-gaap-2018-01-31.xsd#us-gaap_CostOfGoodsAndServicesSold" xlink:label="loc_us-gaap_CostOfGoodsAndServicesSold_C6FB4F764CE153CA8FE22E44578AC3C3" xlink:type="locator" />
    <link:calculationArc order="2" weight="-1" xlink:arcrole="http://www.xbrl.org/2003/arcrole/summation-item" xlink:from="loc_us-gaap_GrossProfit_286F7E8341BB5FBB81C6A48F9F9E7C5F" xlink:to="loc_us-gaap_CostOfGoodsAndServicesSold_C6FB4F764CE153CA8FE22E44578AC3C3" xlink:type="arc" />
    <link:loc xlink:href="http://xbrl.fasb.org/us-gaap/2018/elts/us-gaap-2018-01-31.xsd#us-gaap_OperatingExpenses" xlink:label="loc_us-gaap_OperatingExpenses_4CC4E2A1BC3C5B5FAB40F61FBBF3592A" xlink:type="locator" />
    <link:calculationArc order="2" weight="-1" xlink:arcrole="http://www.xbrl.org/2003/arcrole/summation-item" xlink:from="loc_us-gaap_OperatingIncomeLoss_B6514F15A3D653BE931B5787FE04F787" xlink:to="loc_us-gaap_OperatingExpenses_4CC4E2A1BC3C5B5FAB40F61FBBF3592A" xlink:type="arc" />
    <link:loc xlink:href="http://xbrl.fasb.org/us-gaap/2018/elts/us-gaap-2018-01-31.xsd#us-gaap_ResearchAndDevelopmentExpense" xlink:label="loc_us-gaap_ResearchAndDevelopmentExpense_C8839C060C085617A0B256E863503C11" xlink:type="locator" />
    <link:calculationArc order="1" weight="1" xlink:arcrole="http://www.xbrl.org/2003/arcrole/summation-item" xlink:from="loc_us-gaap_OperatingExpenses_4CC4E2A1BC3C5B5FAB40F61FBBF3592A" xlink:to="loc_us-gaap_ResearchAndDevelopmentExpense_C8839C060C085617A0B256E863503C11" xlink:type="arc" />
    <link:loc xlink:href="http://xbrl.fasb.org/us-gaap/2018/elts/us-gaap-2018-01-31.xsd#us-gaap_SellingGeneralAndAdministrativeExpense" xlink:label="loc_us-gaap_SellingGeneralAndAdministrativeExpense_5523B759568D5DD38F51E7CE86107A70" xlink:type="locator" />
    <link:calculationArc order="2" weight="1" xlink:arcrole="http://www.xbrl.org/2003/arcrole/summation-item" xlink:from="loc_us-gaap_OperatingExpenses_4CC4E2A1BC3C5B5FAB40F61FBBF3592A" xlink:to="loc_us-gaap_SellingGeneralAndAdministrativeExpense_5523B759568D5DD38F51E7CE86107A70" xlink:type="arc" />
    <link:loc xlink:href="http://xbrl.fasb.org/us-gaap/2018/elts/us-gaap-2018-01-31.xsd#us-gaap_NonoperatingIncomeExpense" xlink:label="loc_us-gaap_NonoperatingIncomeExpense_C96B656418B956C4B74DD07F83CEA8F8" xlink:type="locator" />
    <link:calculationArc order="2" weight="1" xlink:arcrole="http://www.xbrl.org/2003/arcrole/summation-item" xlink:from="loc_us-gaap_IncomeLossFromContinuingOperationsBeforeIncomeTaxesExtraordinaryItemsNoncontrollingInterest_480A525B985C57F68FBAF6FCB8463C6C" xlink:to="loc_us-gaap_NonoperatingIncomeExpense_C96B656418B956C4B74DD07F83CEA8F8" xlink:type="arc" />
    <link:loc xlink:href="http://xbrl.fasb.org/us-gaap/2018/elts/us-gaap-2018-01-31.xsd#us-gaap_IncomeTaxExpenseBenefit" xlink:label="loc_us-gaap_IncomeTaxExpenseBenefit_E124754C29BD571E996F5AC6261E9E64" xlink:type="locator" />
    <link:calculationArc order="2" weight="-1" xlink:arcrole="http://www.xbrl.org/2003/arcrole/summation-item" xlink:from="loc_us-gaap_NetIncomeLoss_BF2F4B8F40655B37BCF1E99141A49EBD" xlink:to="loc_us-gaap_IncomeTaxExpenseBenefit_E124754C29BD571E996F5AC6261E9E64" xlink:type="arc" />
  </link:calculationLink>
  <link:calculationLink xlink:role="http://www.apple.com/role/CondensedConsolidatedStatementsOfShareholdersEquityUnaudited" xlink:type="extended" />
  <link:calculationLink xlink:role="http://www.apple.com/role/Debt" xlink:type="extended" />
  <link:calculationLink xlink:role="http://www.apple.com/role/DebtAdditionalInformationDetails" xlink:type="extended" />
  <link:calculationLink xlink:role="http://www.apple.com/role/DebtSummaryOfCashFlowsAssociatedWithCommercialPaperDetails" xlink:type="extended">
    <link:loc xlink:href="http://xbrl.fasb.org/us-gaap/2018/elts/us-gaap-2018-01-31.xsd#us-gaap_ProceedsFromRepaymentsOfCommercialPaper" xlink:label="loc_us-gaap_ProceedsFromRepaymentsOfCommercialPaper_3c48a9b6-eef5-9736-6f3e-28caa9cd34c8" xlink:type="locator" />
    <link:loc xlink:href="http://xbrl.fasb.org/us-gaap/2018/elts/us-gaap-2018-01-31.xsd#us-gaap_ProceedsFromRepaymentsOfShortTermDebtMaturingInThreeMonthsOrLess" xlink:label="loc_us-gaap_ProceedsFromRepaymentsOfShortTermDebtMaturingInThreeMonthsOrLess_406c4f63-e26a-88c7-9bfe-bd9759f8c3a9" xlink:type="locator" />
    <link:calculationArc order="1" weight="1" xlink:arcrole="http://www.xbrl.org/2003/arcrole/summation-item" xlink:from="loc_us-gaap_ProceedsFromRepaymentsOfCommercialPaper_3c48a9b6-eef5-9736-6f3e-28caa9cd34c8" xlink:to="loc_us-gaap_ProceedsFromRepaymentsOfShortTermDebtMaturingInThreeMonthsOrLess_406c4f63-e26a-88c7-9bfe-bd9759f8c3a9" xlink:type="arc" />
    <link:loc xlink:href="http://xbrl.fasb.org/us-gaap/2018/elts/us-gaap-2018-01-31.xsd#us-gaap_ProceedsFromRepaymentsOfShortTermDebtMaturingInMoreThanThreeMonths" xlink:label="loc_us-gaap_ProceedsFromRepaymentsOfShortTermDebtMaturingInMoreThanThreeMonths_295cf533-2fd4-c9a2-f85f-17ef3b7a120d" xlink:type="locator" />
    <link:calculationArc order="2" weight="1" xlink:arcrole="http://www.xbrl.org/2003/arcrole/summation-item" xlink:from="loc_us-gaap_ProceedsFromRepaymentsOfCommercialPaper_3c48a9b6-eef5-9736-6f3e-28caa9cd34c8" xlink:to="loc_us-gaap_ProceedsFromRepaymentsOfShortTermDebtMaturingInMoreThanThreeMonths_295cf533-2fd4-c9a2-f85f-17ef3b7a120d" xlink:type="arc" />
    <link:loc xlink:href="http://xbrl.fasb.org/us-gaap/2018/elts/us-gaap-2018-01-31.xsd#us-gaap_ProceedsFromShortTermDebtMaturingInMoreThanThreeMonths" xlink:label="loc_us-gaap_ProceedsFromShortTermDebtMaturingInMoreThanThreeMonths_c84f95aa-1bd5-1999-dfe3-9bfb7e6b1e89" xlink:type="locator" />
    <link:calculationArc order="1" weight="1" xlink:arcrole="http://www.xbrl.org/2003/arcrole/summation-item" xlink:from="loc_us-gaap_ProceedsFromRepaymentsOfShortTermDebtMaturingInMoreThanThreeMonths_295cf533-2fd4-c9a2-f85f-17ef3b7a120d" xlink:to="loc_us-gaap_ProceedsFromShortTermDebtMaturingInMoreThanThreeMonths_c84f95aa-1bd5-1999-dfe3-9bfb7e6b1e89" xlink:type="arc" />
    <link:loc xlink:href="http://xbrl.fasb.org/us-gaap/2018/elts/us-gaap-2018-01-31.xsd#us-gaap_RepaymentsOfShortTermDebtMaturingInMoreThanThreeMonths" xlink:label="loc_us-gaap_RepaymentsOfShortTermDebtMaturingInMoreThanThreeMonths_b47aa2ed-4d0a-3263-1db9-05bf4a02c504" xlink:type="locator" />
    <link:calculationArc order="2" weight="-1" xlink:arcrole="http://www.xbrl.org/2003/arcrole/summation-item" xlink:from="loc_us-gaap_ProceedsFromRepaymentsOfShortTermDebtMaturingInMoreThanThreeMonths_295cf533-2fd4-c9a2-f85f-17ef3b7a120d" xlink:to="loc_us-gaap_RepaymentsOfShortTermDebtMaturingInMoreThanThreeMonths_b47aa2ed-4d0a-3263-1db9-05bf4a02c504" xlink:type="arc" />
  </link:calculationLink>
  <link:calculationLink xlink:role="http://www.apple.com/role/DebtSummaryOfTermDebtDetails" xlink:type="extended" />
  <link:calculationLink xlink:role="http://www.apple.com/role/DebtTables" xlink:type="extended" />
  <link:calculationLink xlink:role="http://www.apple.com/role/DocumentAndEntityInformation" xlink:type="extended" />
  <link:calculationLink xlink:role="http://www.apple.com/role/FinancialInstruments" xlink:type="extended" />
  <link:calculationLink xlink:role="http://www.apple.com/role/FinancialInstrumentsAdditionalInformationDetails" xlink:type="extended" />
  <link:calculationLink xlink:role="http://www.apple.com/role/FinancialInstrumentsCashCashEquivalentsAndMarketableSecuritiesDetails" xlink:type="extended">
    <link:loc xlink:href="http://xbrl.fasb.org/us-gaap/2018/elts/us-gaap-2018-01-31.xsd#us-gaap_AvailableForSaleDebtSecuritiesAmortizedCostBasis" xlink:label="loc_us-gaap_AvailableForSaleDebtSecuritiesAmortizedCostBasis_f0bf2241-14f8-6ef1-e8d7-f724d52ad9c1" xlink:type="locator" />
    <link:loc xlink:href="http://xbrl.fasb.org/us-gaap/2018/elts/us-gaap-2018-01-31.xsd#us-gaap_AvailableForSaleDebtSecuritiesAccumulatedGrossUnrealizedGainBeforeTax" xlink:label="loc_us-gaap_AvailableForSaleDebtSecuritiesAccumulatedGrossUnrealizedGainBeforeTax_5d23fa7e-7f76-6507-b72f-382f81b88e34" xlink:type="locator" />
    <link:calculationArc order="1" weight="-1" xlink:arcrole="http://www.xbrl.org/2003/arcrole/summation-item" xlink:from="loc_us-gaap_AvailableForSaleDebtSecuritiesAmortizedCostBasis_f0bf2241-14f8-6ef1-e8d7-f724d52ad9c1" xlink:to="loc_us-gaap_AvailableForSaleDebtSecuritiesAccumulatedGrossUnrealizedGainBeforeTax_5d23fa7e-7f76-6507-b72f-382f81b88e34" xlink:type="arc" />
    <link:loc xlink:href="http://xbrl.fasb.org/us-gaap/2018/elts/us-gaap-2018-01-31.xsd#us-gaap_AvailableForSaleDebtSecuritiesAccumulatedGrossUnrealizedLossBeforeTax" xlink:label="loc_us-gaap_AvailableForSaleDebtSecuritiesAccumulatedGrossUnrealizedLossBeforeTax_e0f935d0-20e2-15fc-55a1-79c116fbc07c" xlink:type="locator" />
    <link:calculationArc order="2" weight="1" xlink:arcrole="http://www.xbrl.org/2003/arcrole/summation-item" xlink:from="loc_us-gaap_AvailableForSaleDebtSecuritiesAmortizedCostBasis_f0bf2241-14f8-6ef1-e8d7-f724d52ad9c1" xlink:to="loc_us-gaap_AvailableForSaleDebtSecuritiesAccumulatedGrossUnrealizedLossBeforeTax_e0f935d0-20e2-15fc-55a1-79c116fbc07c" xlink:type="arc" />
    <link:loc xlink:href="http://xbrl.fasb.org/us-gaap/2018/elts/us-gaap-2018-01-31.xsd#us-gaap_AvailableForSaleSecuritiesDebtSecurities" xlink:label="loc_us-gaap_AvailableForSaleSecuritiesDebtSecurities_5ab305fa-195a-59cf-c0de-4b5d05fc9de4" xlink:type="locator" />
    <link:calculationArc order="3" weight="1" xlink:arcrole="http://www.xbrl.org/2003/arcrole/summation-item" xlink:from="loc_us-gaap_AvailableForSaleDebtSecuritiesAmortizedCostBasis_f0bf2241-14f8-6ef1-e8d7-f724d52ad9c1" xlink:to="loc_us-gaap_AvailableForSaleSecuritiesDebtSecurities_5ab305fa-195a-59cf-c0de-4b5d05fc9de4" xlink:type="arc" />
    <link:loc xlink:href="http://xbrl.fasb.org/us-gaap/2018/elts/us-gaap-2018-01-31.xsd#us-gaap_CashAndCashEquivalentsAtCarryingValue" xlink:label="loc_us-gaap_CashAndCashEquivalentsAtCarryingValue_32f41ea9-05c6-e713-464b-586a571d1c1f" xlink:type="locator" />
    <link:calculationArc order="1" weight="1" xlink:arcrole="http://www.xbrl.org/2003/arcrole/summation-item" xlink:from="loc_us-gaap_AvailableForSaleSecuritiesDebtSecurities_5ab305fa-195a-59cf-c0de-4b5d05fc9de4" xlink:to="loc_us-gaap_CashAndCashEquivalentsAtCarryingValue_32f41ea9-05c6-e713-464b-586a571d1c1f" xlink:type="arc" />
    <link:loc xlink:href="http://xbrl.fasb.org/us-gaap/2018/elts/us-gaap-2018-01-31.xsd#us-gaap_MarketableSecuritiesCurrent" xlink:label="loc_us-gaap_MarketableSecuritiesCurrent_50b1a6be-f082-bfa3-60b7-afefe9f63cb5" xlink:type="locator" />
    <link:calculationArc order="2" weight="1" xlink:arcrole="http://www.xbrl.org/2003/arcrole/summation-item" xlink:from="loc_us-gaap_AvailableForSaleSecuritiesDebtSecurities_5ab305fa-195a-59cf-c0de-4b5d05fc9de4" xlink:to="loc_us-gaap_MarketableSecuritiesCurrent_50b1a6be-f082-bfa3-60b7-afefe9f63cb5" xlink:type="arc" />
    <link:loc xlink:href="http://xbrl.fasb.org/us-gaap/2018/elts/us-gaap-2018-01-31.xsd#us-gaap_MarketableSecuritiesNoncurrent" xlink:label="loc_us-gaap_MarketableSecuritiesNoncurrent_ae96910d-f6c0-5dcf-e4f9-4ecf264ba7c7" xlink:type="locator" />
    <link:calculationArc order="3" weight="1" xlink:arcrole="http://www.xbrl.org/2003/arcrole/summation-item" xlink:from="loc_us-gaap_AvailableForSaleSecuritiesDebtSecurities_5ab305fa-195a-59cf-c0de-4b5d05fc9de4" xlink:to="loc_us-gaap_MarketableSecuritiesNoncurrent_ae96910d-f6c0-5dcf-e4f9-4ecf264ba7c7" xlink:type="arc" />
  </link:calculationLink>
  <link:calculationLink xlink:role="http://www.apple.com/role/FinancialInstrumentsDerivativeInstrumentsAtGrossFairValueDetails" xlink:type="extended" />
  <link:calculationLink xlink:role="http://www.apple.com/role/FinancialInstrumentsMarketableSecuritiesInContinuousUnrealizedLossPositionDetails" xlink:type="extended">
    <link:loc xlink:href="http://xbrl.fasb.org/us-gaap/2018/elts/us-gaap-2018-01-31.xsd#us-gaap_DebtSecuritiesAvailableForSaleUnrealizedLossPosition" xlink:label="loc_us-gaap_DebtSecuritiesAvailableForSaleUnrealizedLossPosition_5fba5b8c-f33f-c8fe-316d-96157b5eaddf" xlink:type="locator" />
    <link:loc xlink:href="http://xbrl.fasb.org/us-gaap/2018/elts/us-gaap-2018-01-31.xsd#us-gaap_DebtSecuritiesAvailableForSaleContinuousUnrealizedLossPositionLessThan12Months" xlink:label="loc_us-gaap_DebtSecuritiesAvailableForSaleContinuousUnrealizedLossPositionLessThan12Months_9dc7d38b-d1f1-ee4c-83ca-bf0de39ac02c" xlink:type="locator" />
    <link:calculationArc order="1" weight="1" xlink:arcrole="http://www.xbrl.org/2003/arcrole/summation-item" xlink:from="loc_us-gaap_DebtSecuritiesAvailableForSaleUnrealizedLossPosition_5fba5b8c-f33f-c8fe-316d-96157b5eaddf" xlink:to="loc_us-gaap_DebtSecuritiesAvailableForSaleContinuousUnrealizedLossPositionLessThan12Months_9dc7d38b-d1f1-ee4c-83ca-bf0de39ac02c" xlink:type="arc" />
    <link:loc xlink:href="http://xbrl.fasb.org/us-gaap/2018/elts/us-gaap-2018-01-31.xsd#us-gaap_DebtSecuritiesAvailableForSaleContinuousUnrealizedLossPosition12MonthsOrLonger" xlink:label="loc_us-gaap_DebtSecuritiesAvailableForSaleContinuousUnrealizedLossPosition12MonthsOrLonger_540feb58-a104-9e2c-e527-965521238e74" xlink:type="locator" />
    <link:calculationArc order="2" weight="1" xlink:arcrole="http://www.xbrl.org/2003/arcrole/summation-item" xlink:from="loc_us-gaap_DebtSecuritiesAvailableForSaleUnrealizedLossPosition_5fba5b8c-f33f-c8fe-316d-96157b5eaddf" xlink:to="loc_us-gaap_DebtSecuritiesAvailableForSaleContinuousUnrealizedLossPosition12MonthsOrLonger_540feb58-a104-9e2c-e527-965521238e74" xlink:type="arc" />
    <link:loc xlink:href="http://xbrl.fasb.org/us-gaap/2018/elts/us-gaap-2018-01-31.xsd#us-gaap_DebtSecuritiesAvailableForSaleUnrealizedLossPositionAccumulatedLoss" xlink:label="loc_us-gaap_DebtSecuritiesAvailableForSaleUnrealizedLossPositionAccumulatedLoss_5ad2bd9a-8a3d-b589-f487-66423fdb193d" xlink:type="locator" />
    <link:loc xlink:href="http://xbrl.fasb.org/us-gaap/2018/elts/us-gaap-2018-01-31.xsd#us-gaap_DebtSecuritiesAvailableForSaleContinuousUnrealizedLossPositionLessThan12MonthsAccumulatedLoss" xlink:label="loc_us-gaap_DebtSecuritiesAvailableForSaleContinuousUnrealizedLossPositionLessThan12MonthsAccumulatedLoss_97b62833-0a42-058f-3886-4b4d65c49079" xlink:type="locator" />
    <link:calculationArc order="1" weight="1" xlink:arcrole="http://www.xbrl.org/2003/arcrole/summation-item" xlink:from="loc_us-gaap_DebtSecuritiesAvailableForSaleUnrealizedLossPositionAccumulatedLoss_5ad2bd9a-8a3d-b589-f487-66423fdb193d" xlink:to="loc_us-gaap_DebtSecuritiesAvailableForSaleContinuousUnrealizedLossPositionLessThan12MonthsAccumulatedLoss_97b62833-0a42-058f-3886-4b4d65c49079" xlink:type="arc" />
    <link:loc xlink:href="http://xbrl.fasb.org/us-gaap/2018/elts/us-gaap-2018-01-31.xsd#us-gaap_DebtSecuritiesAvailableForSaleContinuousUnrealizedLossPosition12MonthsOrLongerAccumulatedLoss" xlink:label="loc_us-gaap_DebtSecuritiesAvailableForSaleContinuousUnrealizedLossPosition12MonthsOrLongerAccumulatedLoss_db9e5922-2e70-406b-1ac3-0318ebdc102f" xlink:type="locator" />
    <link:calculationArc order="2" weight="1" xlink:arcrole="http://www.xbrl.org/2003/arcrole/summation-item" xlink:from="loc_us-gaap_DebtSecuritiesAvailableForSaleUnrealizedLossPositionAccumulatedLoss_5ad2bd9a-8a3d-b589-f487-66423fdb193d" xlink:to="loc_us-gaap_DebtSecuritiesAvailableForSaleContinuousUnrealizedLossPosition12MonthsOrLongerAccumulatedLoss_db9e5922-2e70-406b-1ac3-0318ebdc102f" xlink:type="arc" />
  </link:calculationLink>
  <link:calculationLink xlink:role="http://www.apple.com/role/FinancialInstrumentsNotionalAmountsAndCreditRiskAmountsAssociatedWithDerivativeInstrumentsDetails" xlink:type="extended" />
  <link:calculationLink xlink:role="http://www.apple.com/role/FinancialInstrumentsPreTaxGainsAndLossesOfDerivativeAndNonDerivativeInstrumentsDesignatedAsHedgesDetails" xlink:type="extended" />
  <link:calculationLink xlink:role="http://www.apple.com/role/FinancialInstrumentsRestrictedCashDetails" xlink:type="extended">
    <link:loc xlink:href="http://xbrl.fasb.org/us-gaap/2018/elts/us-gaap-2018-01-31.xsd#us-gaap_CashCashEquivalentsRestrictedCashAndRestrictedCashEquivalents" xlink:label="loc_us-gaap_CashCashEquivalentsRestrictedCashAndRestrictedCashEquivalents_1ce4b89e-fa52-7101-5bea-622168a4559a" xlink:type="locator" />
    <link:loc xlink:href="http://xbrl.fasb.org/us-gaap/2018/elts/us-gaap-2018-01-31.xsd#us-gaap_CashAndCashEquivalentsAtCarryingValue" xlink:label="loc_us-gaap_CashAndCashEquivalentsAtCarryingValue_32f41ea9-05c6-e713-464b-586a571d1c1f" xlink:type="locator" />
    <link:calculationArc order="1" weight="1" xlink:arcrole="http://www.xbrl.org/2003/arcrole/summation-item" xlink:from="loc_us-gaap_CashCashEquivalentsRestrictedCashAndRestrictedCashEquivalents_1ce4b89e-fa52-7101-5bea-622168a4559a" xlink:to="loc_us-gaap_CashAndCashEquivalentsAtCarryingValue_32f41ea9-05c6-e713-464b-586a571d1c1f" xlink:type="arc" />
    <link:loc xlink:href="http://xbrl.fasb.org/us-gaap/2018/elts/us-gaap-2018-01-31.xsd#us-gaap_RestrictedCashAndCashEquivalentsAtCarryingValue" xlink:label="loc_us-gaap_RestrictedCashAndCashEquivalentsAtCarryingValue_0e2b0aef-f283-e3cd-a77b-e835b6efc171" xlink:type="locator" />
    <link:calculationArc order="2" weight="1" xlink:arcrole="http://www.xbrl.org/2003/arcrole/summation-item" xlink:from="loc_us-gaap_CashCashEquivalentsRestrictedCashAndRestrictedCashEquivalents_1ce4b89e-fa52-7101-5bea-622168a4559a" xlink:to="loc_us-gaap_RestrictedCashAndCashEquivalentsAtCarryingValue_0e2b0aef-f283-e3cd-a77b-e835b6efc171" xlink:type="arc" />
    <link:loc xlink:href="http://xbrl.fasb.org/us-gaap/2018/elts/us-gaap-2018-01-31.xsd#us-gaap_RestrictedCashAndCashEquivalentsNoncurrent" xlink:label="loc_us-gaap_RestrictedCashAndCashEquivalentsNoncurrent_9b51435d-78b0-60ad-5d83-343c76eab3d9" xlink:type="locator" />
    <link:calculationArc order="3" weight="1" xlink:arcrole="http://www.xbrl.org/2003/arcrole/summation-item" xlink:from="loc_us-gaap_CashCashEquivalentsRestrictedCashAndRestrictedCashEquivalents_1ce4b89e-fa52-7101-5bea-622168a4559a" xlink:to="loc_us-gaap_RestrictedCashAndCashEquivalentsNoncurrent_9b51435d-78b0-60ad-5d83-343c76eab3d9" xlink:type="arc" />
  </link:calculationLink>
  <link:calculationLink xlink:role="http://www.apple.com/role/FinancialInstrumentsTables" xlink:type="extended" />
  <link:calculationLink xlink:role="http://www.apple.com/role/IncomeTaxes" xlink:type="extended" />
  <link:calculationLink xlink:role="http://www.apple.com/role/IncomeTaxesAdditionalInformationDetails" xlink:type="extended" />
  <link:calculationLink xlink:role="http://www.apple.com/role/RevenueRecognition" xlink:type="extended" />
  <link:calculationLink xlink:role="http://www.apple.com/role/RevenueRecognitionAdditionalInformationDetails" xlink:type="extended" />
  <link:calculationLink xlink:role="http://www.apple.com/role/RevenueRecognitionDeferredRevenueExpectedTimingOfRealizationPercentageDetails" xlink:type="extended" />
  <link:calculationLink xlink:role="http://www.apple.com/role/RevenueRecognitionDeferredRevenueExpectedTimingOfRealizationPeriodDetails" xlink:type="extended" />
  <link:calculationLink xlink:role="http://www.apple.com/role/RevenueRecognitionNetSalesDisaggregatedBySignificantProductsAndServicesDetails" xlink:type="extended" />
  <link:calculationLink xlink:role="http://www.apple.com/role/RevenueRecognitionTables" xlink:type="extended" />
  <link:calculationLink xlink:role="http://www.apple.com/role/SegmentInformationAndGeographicData" xlink:type="extended" />
  <link:calculationLink xlink:role="http://www.apple.com/role/SegmentInformationAndGeographicDataReconciliationOfSegmentOperatingIncomeToCondensedConsolidatedStatementsOfOperationsDetails" xlink:type="extended" />
  <link:calculationLink xlink:role="http://www.apple.com/role/SegmentInformationAndGeographicDataSummaryInformationByReportableSegmentDetails" xlink:type="extended" />
  <link:calculationLink xlink:role="http://www.apple.com/role/SegmentInformationAndGeographicDataTables" xlink:type="extended" />
  <link:calculationLink xlink:role="http://www.apple.com/role/ShareholdersEquity" xlink:type="extended" />
  <link:calculationLink xlink:role="http://www.apple.com/role/ShareholdersEquityAdditionalInformationDetails" xlink:type="extended" />
  <link:calculationLink xlink:role="http://www.apple.com/role/SummaryOfSignificantAccountingPolicies" xlink:type="extended" />
  <link:calculationLink xlink:role="http://www.apple.com/role/SummaryOfSignificantAccountingPoliciesAdditionalInformationDetails" xlink:type="extended" />
  <link:calculationLink xlink:role="http://www.apple.com/role/SummaryOfSignificantAccountingPoliciesComputationOfBasicAndDilutedEarningsPerShareDetails" xlink:type="extended">
    <link:loc xlink:href="http://xbrl.fasb.org/us-gaap/2018/elts/us-gaap-2018-01-31.xsd#us-gaap_WeightedAverageNumberOfDilutedSharesOutstanding" xlink:label="loc_us-gaap_WeightedAverageNumberOfDilutedSharesOutstanding_2B3F2E6C29DF5AA0A602956D78634574" xlink:type="locator" />
    <link:loc xlink:href="http://xbrl.fasb.org/us-gaap/2018/elts/us-gaap-2018-01-31.xsd#us-gaap_WeightedAverageNumberOfSharesOutstandingBasic" xlink:label="loc_us-gaap_WeightedAverageNumberOfSharesOutstandingBasic_6FB72ECA5AC4526683F4ACE7DBD2430D" xlink:type="locator" />
    <link:calculationArc order="1" weight="1" xlink:arcrole="http://www.xbrl.org/2003/arcrole/summation-item" xlink:from="loc_us-gaap_WeightedAverageNumberOfDilutedSharesOutstanding_2B3F2E6C29DF5AA0A602956D78634574" xlink:to="loc_us-gaap_WeightedAverageNumberOfSharesOutstandingBasic_6FB72ECA5AC4526683F4ACE7DBD2430D" xlink:type="arc" />
    <link:loc xlink:href="http://xbrl.fasb.org/us-gaap/2018/elts/us-gaap-2018-01-31.xsd#us-gaap_WeightedAverageNumberDilutedSharesOutstandingAdjustment" xlink:label="loc_us-gaap_WeightedAverageNumberDilutedSharesOutstandingAdjustment_EA443F8374CE5E05BC270C6933C193FE" xlink:type="locator" />
    <link:calculationArc order="2" weight="1" xlink:arcrole="http://www.xbrl.org/2003/arcrole/summation-item" xlink:from="loc_us-gaap_WeightedAverageNumberOfDilutedSharesOutstanding_2B3F2E6C29DF5AA0A602956D78634574" xlink:to="loc_us-gaap_WeightedAverageNumberDilutedSharesOutstandingAdjustment_EA443F8374CE5E05BC270C6933C193FE" xlink:type="arc" />
  </link:calculationLink>
  <link:calculationLink xlink:role="http://www.apple.com/role/SummaryOfSignificantAccountingPoliciesPolicies" xlink:type="extended" />
  <link:calculationLink xlink:role="http://www.apple.com/role/SummaryOfSignificantAccountingPoliciesTables" xlink:type="extended" />
</link:linkbase>
