<?xml version="1.0" encoding="US-ASCII"?>
<!--  EDGAR Online I-Metrix Xcelerate Taxonomy Definition Linkbase, based on XBRL 2.1  http://www.edgar-online.com/  -->
<!--  Version: 6.4.1 -->
<!--  Round: c95996bc-8b1c-445e-a550-9547ba412ac5 -->
<!--  Creation date: 2010-04-21T02:32:57Z -->
<!--  Copyright (c) 2005-2010 EDGAR Online, Inc. All Rights Reserved. -->
<linkbase xmlns="http://www.xbrl.org/2003/linkbase"
  xmlns:xsi="http://www.w3.org/2001/XMLSchema-instance"
  xmlns:xlink="http://www.w3.org/1999/xlink"
  xmlns:xbrldt="http://xbrl.org/2005/xbrldt"
  xsi:schemaLocation="http://www.xbrl.org/2003/linkbase http://www.xbrl.org/2003/xbrl-linkbase-2003-12-31.xsd">
  <roleRef xlink:type="simple" xlink:href="aapl-20100327.xsd#DocumentDocumentandEntityInformation" roleURI="http://www.apple.com/taxonomy/role/DocumentDocumentandEntityInformation"/>
  <roleRef xlink:type="simple" xlink:href="aapl-20100327.xsd#IMetrix_StatementOfIncome" roleURI="http://www.apple.com/taxonomy/role/StatementOfIncome"/>
  <roleRef xlink:type="simple" xlink:href="aapl-20100327.xsd#IMetrix_StatementOfFinancialPositionClassified" roleURI="http://www.apple.com/taxonomy/role/StatementOfFinancialPositionClassified"/>
  <roleRef xlink:type="simple" xlink:href="aapl-20100327.xsd#IMetrix_StatementOfFinancialPositionClassifiedParen" roleURI="http://www.apple.com/taxonomy/role/StatementOfFinancialPositionClassifiedParenthetical"/>
  <roleRef xlink:type="simple" xlink:href="aapl-20100327.xsd#IMetrix_StatementOfCashFlowsIndirect" roleURI="http://www.apple.com/taxonomy/role/StatementOfCashFlowsIndirect"/>
  <roleRef xlink:type="simple" xlink:href="aapl-20100327.xsd#IMetrix_NotesToFinancialStatementsSignificantAccountingPoliciesTextBlock" roleURI="http://www.apple.com/taxonomy/role/NotesToFinancialStatementsSignificantAccountingPoliciesTextBlock"/>
  <roleRef xlink:type="simple" xlink:href="aapl-20100327.xsd#IMetrix_NotesToFinancialStatementsFinancialInstrumentsTextBlock" roleURI="http://www.apple.com/taxonomy/role/NotesToFinancialStatementsFinancialInstrumentsTextBlock"/>
  <roleRef xlink:type="simple" xlink:href="aapl-20100327.xsd#IMetrix_NotesToFinancialStatementsFairValueMeasurementInputsDisclosureTextBlock" roleURI="http://www.apple.com/taxonomy/role/NotesToFinancialStatementsFairValueMeasurementInputsDisclosureTextBlock"/>
  <roleRef xlink:type="simple" xlink:href="aapl-20100327.xsd#IMetrix_NotesToFinancialStatementsDetailsOfCertainBalanceSheetAccountsDisclosureTextBlock" roleURI="http://www.apple.com/taxonomy/role/NotesToFinancialStatementsDetailsOfCertainBalanceSheetAccountsDisclosureTextBlock"/>
  <roleRef xlink:type="simple" xlink:href="aapl-20100327.xsd#IMetrix_NotesToFinancialStatementsIncomeTaxDisclosureTextBlock" roleURI="http://www.apple.com/taxonomy/role/NotesToFinancialStatementsIncomeTaxDisclosureTextBlock"/>
  <roleRef xlink:type="simple" xlink:href="aapl-20100327.xsd#IMetrix_NotesToFinancialStatementsStockholdersEquityAndStockBasedCompensationDisclosureTextBlock" roleURI="http://www.apple.com/taxonomy/role/NotesToFinancialStatementsStockholdersEquityAndStockBasedCompensationDisclosureTextBlock"/>
  <roleRef xlink:type="simple" xlink:href="aapl-20100327.xsd#IMetrix_NotesToFinancialStatementsCommitmentsAndContingenciesDisclosureTextBlock" roleURI="http://www.apple.com/taxonomy/role/NotesToFinancialStatementsCommitmentsAndContingenciesDisclosureTextBlock"/>
  <roleRef xlink:type="simple" xlink:href="aapl-20100327.xsd#IMetrix_NotesToFinancialStatementsSegmentReportingDisclosureTextBlock" roleURI="http://www.apple.com/taxonomy/role/NotesToFinancialStatementsSegmentReportingDisclosureTextBlock"/>
  <roleRef xlink:type="simple" xlink:href="aapl-20100327.xsd#IMetrix_NotesToFinancialStatementsRelatedPartyTransactionsDisclosureTextBlock" roleURI="http://www.apple.com/taxonomy/role/NotesToFinancialStatementsRelatedPartyTransactionsDisclosureTextBlock"/>
  <roleRef xlink:type="simple" xlink:href="aapl-20100327.xsd#IMetrix_CommonDomainMembers" roleURI="http://www.apple.com/taxonomy/role/CommonDomainMembers"/>
  <arcroleRef xlink:type="simple" xlink:href="http://www.xbrl.org/2005/xbrldt-2005.xsd#all" arcroleURI="http://xbrl.org/int/dim/arcrole/all"/>
  <arcroleRef xlink:type="simple" xlink:href="http://www.xbrl.org/2005/xbrldt-2005.xsd#dimension-default" arcroleURI="http://xbrl.org/int/dim/arcrole/dimension-default"/>
  <arcroleRef xlink:type="simple" xlink:href="http://www.xbrl.org/2005/xbrldt-2005.xsd#dimension-domain" arcroleURI="http://xbrl.org/int/dim/arcrole/dimension-domain"/>
  <arcroleRef xlink:type="simple" xlink:href="http://www.xbrl.org/2005/xbrldt-2005.xsd#domain-member" arcroleURI="http://xbrl.org/int/dim/arcrole/domain-member"/>
  <arcroleRef xlink:type="simple" xlink:href="http://www.xbrl.org/2005/xbrldt-2005.xsd#hypercube-dimension" arcroleURI="http://xbrl.org/int/dim/arcrole/hypercube-dimension"/>
  <definitionLink xlink:type="extended" xlink:role="http://www.apple.com/taxonomy/role/DocumentDocumentandEntityInformation">
    <loc xlink:type="locator" xlink:href="http://taxonomies.xbrl.us/us-gaap/2009/non-gaap/dei-2009-01-31.xsd#dei_AmendmentFlag" xlink:label="dei_AmendmentFlag"/>
    <loc xlink:type="locator" xlink:href="http://taxonomies.xbrl.us/us-gaap/2009/non-gaap/dei-2009-01-31.xsd#dei_CurrentFiscalYearEndDate" xlink:label="dei_CurrentFiscalYearEndDate"/>
    <loc xlink:type="locator" xlink:href="http://taxonomies.xbrl.us/us-gaap/2009/non-gaap/dei-2009-01-31.xsd#dei_DocumentFiscalPeriodFocus" xlink:label="dei_DocumentFiscalPeriodFocus"/>
    <loc xlink:type="locator" xlink:href="http://taxonomies.xbrl.us/us-gaap/2009/non-gaap/dei-2009-01-31.xsd#dei_DocumentFiscalYearFocus" xlink:label="dei_DocumentFiscalYearFocus"/>
    <loc xlink:type="locator" xlink:href="http://taxonomies.xbrl.us/us-gaap/2009/non-gaap/dei-2009-01-31.xsd#dei_DocumentPeriodEndDate" xlink:label="dei_DocumentPeriodEndDate"/>
    <loc xlink:type="locator" xlink:href="http://taxonomies.xbrl.us/us-gaap/2009/non-gaap/dei-2009-01-31.xsd#dei_DocumentType" xlink:label="dei_DocumentType"/>
    <loc xlink:type="locator" xlink:href="http://taxonomies.xbrl.us/us-gaap/2009/non-gaap/dei-2009-01-31.xsd#dei_EntityCentralIndexKey" xlink:label="dei_EntityCentralIndexKey"/>
    <loc xlink:type="locator" xlink:href="http://taxonomies.xbrl.us/us-gaap/2009/non-gaap/dei-2009-01-31.xsd#dei_EntityCommonStockSharesOutstanding" xlink:label="dei_EntityCommonStockSharesOutstanding"/>
    <loc xlink:type="locator" xlink:href="http://taxonomies.xbrl.us/us-gaap/2009/non-gaap/dei-2009-01-31.xsd#dei_EntityFilerCategory" xlink:label="dei_EntityFilerCategory"/>
    <loc xlink:type="locator" xlink:href="http://taxonomies.xbrl.us/us-gaap/2009/non-gaap/dei-2009-01-31.xsd#dei_EntityRegistrantName" xlink:label="dei_EntityRegistrantName"/>
    <loc xlink:type="locator" xlink:href="http://taxonomies.xbrl.us/us-gaap/2009/non-gaap/dei-2009-01-31.xsd#dei_LegalEntityAxis" xlink:label="dei_LegalEntityAxis"/>
    <loc xlink:type="locator" xlink:href="http://taxonomies.xbrl.us/us-gaap/2009/elts/us-gaap-2009-01-31.xsd#us-gaap_StatementLineItems" xlink:label="us-gaap_StatementLineItems"/>
    <loc xlink:type="locator" xlink:href="http://taxonomies.xbrl.us/us-gaap/2009/elts/us-gaap-2009-01-31.xsd#us-gaap_StatementTable" xlink:label="us-gaap_StatementTable"/>
    <loc xlink:type="locator" xlink:href="http://taxonomies.xbrl.us/us-gaap/2009/non-gaap/dei-2009-01-31.xsd#dei_TradingSymbol" xlink:label="dei_TradingSymbol"/>
    <definitionArc xlink:type="arc" xlink:arcrole="http://xbrl.org/int/dim/arcrole/all" xlink:from="us-gaap_StatementLineItems" xlink:to="us-gaap_StatementTable" order="100.0000" xbrldt:closed="true" xbrldt:contextElement="segment" priority="2" use="optional"/>
    <definitionArc xlink:type="arc" xlink:arcrole="http://xbrl.org/int/dim/arcrole/domain-member" xlink:from="us-gaap_StatementLineItems" xlink:to="dei_DocumentType" order="1.0200" priority="2" use="optional"/>
    <definitionArc xlink:type="arc" xlink:arcrole="http://xbrl.org/int/dim/arcrole/domain-member" xlink:from="us-gaap_StatementLineItems" xlink:to="dei_AmendmentFlag" order="1.0300" priority="2" use="optional"/>
    <definitionArc xlink:type="arc" xlink:arcrole="http://xbrl.org/int/dim/arcrole/domain-member" xlink:from="us-gaap_StatementLineItems" xlink:to="dei_DocumentPeriodEndDate" order="1.0400" priority="2" use="optional"/>
    <definitionArc xlink:type="arc" xlink:arcrole="http://xbrl.org/int/dim/arcrole/domain-member" xlink:from="us-gaap_StatementLineItems" xlink:to="dei_DocumentFiscalYearFocus" order="1.0500" priority="2" use="optional"/>
    <definitionArc xlink:type="arc" xlink:arcrole="http://xbrl.org/int/dim/arcrole/domain-member" xlink:from="us-gaap_StatementLineItems" xlink:to="dei_DocumentFiscalPeriodFocus" order="1.0600" priority="2" use="optional"/>
    <definitionArc xlink:type="arc" xlink:arcrole="http://xbrl.org/int/dim/arcrole/domain-member" xlink:from="us-gaap_StatementLineItems" xlink:to="dei_TradingSymbol" order="1.0700" priority="2" use="optional"/>
    <definitionArc xlink:type="arc" xlink:arcrole="http://xbrl.org/int/dim/arcrole/domain-member" xlink:from="us-gaap_StatementLineItems" xlink:to="dei_EntityRegistrantName" order="1.0800" priority="2" use="optional"/>
    <definitionArc xlink:type="arc" xlink:arcrole="http://xbrl.org/int/dim/arcrole/domain-member" xlink:from="us-gaap_StatementLineItems" xlink:to="dei_EntityCentralIndexKey" order="1.0900" priority="2" use="optional"/>
    <definitionArc xlink:type="arc" xlink:arcrole="http://xbrl.org/int/dim/arcrole/domain-member" xlink:from="us-gaap_StatementLineItems" xlink:to="dei_CurrentFiscalYearEndDate" order="1.1000" priority="2" use="optional"/>
    <definitionArc xlink:type="arc" xlink:arcrole="http://xbrl.org/int/dim/arcrole/domain-member" xlink:from="us-gaap_StatementLineItems" xlink:to="dei_EntityFilerCategory" order="1.1100" priority="2" use="optional"/>
    <definitionArc xlink:type="arc" xlink:arcrole="http://xbrl.org/int/dim/arcrole/domain-member" xlink:from="us-gaap_StatementLineItems" xlink:to="dei_EntityCommonStockSharesOutstanding" order="1.1200" priority="2" use="optional"/>
    <definitionArc xlink:type="arc" xlink:arcrole="http://xbrl.org/int/dim/arcrole/hypercube-dimension" xlink:from="us-gaap_StatementTable" xlink:to="dei_LegalEntityAxis" order="1.0000" priority="2" use="optional" xbrldt:targetRole="http://www.apple.com/taxonomy/role/CommonDomainMembers"/>
  </definitionLink>
  <definitionLink xlink:type="extended" xlink:role="http://www.apple.com/taxonomy/role/StatementOfIncome">
    <loc xlink:type="locator" xlink:href="http://taxonomies.xbrl.us/us-gaap/2009/elts/us-gaap-2009-01-31.xsd#us-gaap_CostOfGoodsAndServicesSold" xlink:label="us-gaap_CostOfGoodsAndServicesSold"/>
    <loc xlink:type="locator" xlink:href="http://taxonomies.xbrl.us/us-gaap/2009/elts/us-gaap-2009-01-31.xsd#us-gaap_EarningsPerShareAbstract" xlink:label="us-gaap_EarningsPerShareAbstract"/>
    <loc xlink:type="locator" xlink:href="http://taxonomies.xbrl.us/us-gaap/2009/elts/us-gaap-2009-01-31.xsd#us-gaap_EarningsPerShareBasic" xlink:label="us-gaap_EarningsPerShareBasic"/>
    <loc xlink:type="locator" xlink:href="http://taxonomies.xbrl.us/us-gaap/2009/elts/us-gaap-2009-01-31.xsd#us-gaap_EarningsPerShareDiluted" xlink:label="us-gaap_EarningsPerShareDiluted"/>
    <loc xlink:type="locator" xlink:href="http://taxonomies.xbrl.us/us-gaap/2009/elts/us-gaap-2009-01-31.xsd#us-gaap_GrossProfit" xlink:label="us-gaap_GrossProfit"/>
    <loc xlink:type="locator" xlink:href="http://taxonomies.xbrl.us/us-gaap/2009/elts/us-gaap-2009-01-31.xsd#us-gaap_IncomeLossFromContinuingOperationsBeforeIncomeTaxesMinorityInterestAndIncomeLossFromEquityMethodInvestments" xlink:label="us-gaap_IncomeLossFromContinuingOperationsBeforeIncomeTaxesMinorityInterestAndIncomeLossFromEquityMethodInvestments"/>
    <loc xlink:type="locator" xlink:href="http://taxonomies.xbrl.us/us-gaap/2009/elts/us-gaap-2009-01-31.xsd#us-gaap_IncomeTaxExpenseBenefit" xlink:label="us-gaap_IncomeTaxExpenseBenefit"/>
    <loc xlink:type="locator" xlink:href="http://taxonomies.xbrl.us/us-gaap/2009/non-gaap/dei-2009-01-31.xsd#dei_LegalEntityAxis" xlink:label="dei_LegalEntityAxis"/>
    <loc xlink:type="locator" xlink:href="http://taxonomies.xbrl.us/us-gaap/2009/elts/us-gaap-2009-01-31.xsd#us-gaap_NetIncomeLoss" xlink:label="us-gaap_NetIncomeLoss"/>
    <loc xlink:type="locator" xlink:href="http://taxonomies.xbrl.us/us-gaap/2009/elts/us-gaap-2009-01-31.xsd#us-gaap_NonoperatingIncomeExpense" xlink:label="us-gaap_NonoperatingIncomeExpense"/>
    <loc xlink:type="locator" xlink:href="http://taxonomies.xbrl.us/us-gaap/2009/elts/us-gaap-2009-01-31.xsd#us-gaap_OperatingExpenses" xlink:label="us-gaap_OperatingExpenses"/>
    <loc xlink:type="locator" xlink:href="http://taxonomies.xbrl.us/us-gaap/2009/elts/us-gaap-2009-01-31.xsd#us-gaap_OperatingExpensesAbstract" xlink:label="us-gaap_OperatingExpensesAbstract"/>
    <loc xlink:type="locator" xlink:href="http://taxonomies.xbrl.us/us-gaap/2009/elts/us-gaap-2009-01-31.xsd#us-gaap_OperatingIncomeLoss" xlink:label="us-gaap_OperatingIncomeLoss"/>
    <loc xlink:type="locator" xlink:href="http://taxonomies.xbrl.us/us-gaap/2009/elts/us-gaap-2009-01-31.xsd#us-gaap_ResearchAndDevelopmentExpense" xlink:label="us-gaap_ResearchAndDevelopmentExpense"/>
    <loc xlink:type="locator" xlink:href="http://taxonomies.xbrl.us/us-gaap/2009/elts/us-gaap-2009-01-31.xsd#us-gaap_SalesRevenueNet" xlink:label="us-gaap_SalesRevenueNet"/>
    <loc xlink:type="locator" xlink:href="http://taxonomies.xbrl.us/us-gaap/2009/elts/us-gaap-2009-01-31.xsd#us-gaap_SellingGeneralAndAdministrativeExpense" xlink:label="us-gaap_SellingGeneralAndAdministrativeExpense"/>
    <loc xlink:type="locator" xlink:href="http://taxonomies.xbrl.us/us-gaap/2009/elts/us-gaap-2009-01-31.xsd#us-gaap_StatementLineItems" xlink:label="us-gaap_StatementLineItems"/>
    <loc xlink:type="locator" xlink:href="http://taxonomies.xbrl.us/us-gaap/2009/elts/us-gaap-2009-01-31.xsd#us-gaap_StatementTable" xlink:label="us-gaap_StatementTable"/>
    <loc xlink:type="locator" xlink:href="http://taxonomies.xbrl.us/us-gaap/2009/elts/us-gaap-2009-01-31.xsd#us-gaap_WeightedAverageNumberOfDilutedSharesOutstanding" xlink:label="us-gaap_WeightedAverageNumberOfDilutedSharesOutstanding"/>
    <loc xlink:type="locator" xlink:href="http://taxonomies.xbrl.us/us-gaap/2009/elts/us-gaap-2009-01-31.xsd#us-gaap_WeightedAverageNumberOfSharesOutstandingAbstract" xlink:label="us-gaap_WeightedAverageNumberOfSharesOutstandingAbstract"/>
    <loc xlink:type="locator" xlink:href="http://taxonomies.xbrl.us/us-gaap/2009/elts/us-gaap-2009-01-31.xsd#us-gaap_WeightedAverageNumberOfSharesOutstandingBasic" xlink:label="us-gaap_WeightedAverageNumberOfSharesOutstandingBasic"/>
    <definitionArc xlink:type="arc" xlink:arcrole="http://xbrl.org/int/dim/arcrole/domain-member" xlink:from="us-gaap_EarningsPerShareAbstract" xlink:to="us-gaap_EarningsPerShareBasic" order="1.0200" priority="2" use="optional"/>
    <definitionArc xlink:type="arc" xlink:arcrole="http://xbrl.org/int/dim/arcrole/domain-member" xlink:from="us-gaap_EarningsPerShareAbstract" xlink:to="us-gaap_EarningsPerShareDiluted" order="1.0300" priority="2" use="optional"/>
    <definitionArc xlink:type="arc" xlink:arcrole="http://xbrl.org/int/dim/arcrole/domain-member" xlink:from="us-gaap_OperatingExpensesAbstract" xlink:to="us-gaap_ResearchAndDevelopmentExpense" order="1.0400" priority="2" use="optional"/>
    <definitionArc xlink:type="arc" xlink:arcrole="http://xbrl.org/int/dim/arcrole/domain-member" xlink:from="us-gaap_OperatingExpensesAbstract" xlink:to="us-gaap_SellingGeneralAndAdministrativeExpense" order="1.0500" priority="2" use="optional"/>
    <definitionArc xlink:type="arc" xlink:arcrole="http://xbrl.org/int/dim/arcrole/domain-member" xlink:from="us-gaap_OperatingExpensesAbstract" xlink:to="us-gaap_OperatingExpenses" order="1.0600" priority="2" use="optional"/>
    <definitionArc xlink:type="arc" xlink:arcrole="http://xbrl.org/int/dim/arcrole/all" xlink:from="us-gaap_StatementLineItems" xlink:to="us-gaap_StatementTable" order="100.0000" xbrldt:closed="true" xbrldt:contextElement="segment" priority="2" use="optional"/>
    <definitionArc xlink:type="arc" xlink:arcrole="http://xbrl.org/int/dim/arcrole/domain-member" xlink:from="us-gaap_StatementLineItems" xlink:to="us-gaap_SalesRevenueNet" order="1.0700" priority="2" use="optional"/>
    <definitionArc xlink:type="arc" xlink:arcrole="http://xbrl.org/int/dim/arcrole/domain-member" xlink:from="us-gaap_StatementLineItems" xlink:to="us-gaap_CostOfGoodsAndServicesSold" order="1.0800" priority="2" use="optional"/>
    <definitionArc xlink:type="arc" xlink:arcrole="http://xbrl.org/int/dim/arcrole/domain-member" xlink:from="us-gaap_StatementLineItems" xlink:to="us-gaap_GrossProfit" order="1.0900" priority="2" use="optional"/>
    <definitionArc xlink:type="arc" xlink:arcrole="http://xbrl.org/int/dim/arcrole/domain-member" xlink:from="us-gaap_StatementLineItems" xlink:to="us-gaap_OperatingExpensesAbstract" order="1.1000" priority="2" use="optional"/>
    <definitionArc xlink:type="arc" xlink:arcrole="http://xbrl.org/int/dim/arcrole/domain-member" xlink:from="us-gaap_StatementLineItems" xlink:to="us-gaap_OperatingIncomeLoss" order="1.1100" priority="2" use="optional"/>
    <definitionArc xlink:type="arc" xlink:arcrole="http://xbrl.org/int/dim/arcrole/domain-member" xlink:from="us-gaap_StatementLineItems" xlink:to="us-gaap_NonoperatingIncomeExpense" order="1.1200" priority="2" use="optional"/>
    <definitionArc xlink:type="arc" xlink:arcrole="http://xbrl.org/int/dim/arcrole/domain-member" xlink:from="us-gaap_StatementLineItems" xlink:to="us-gaap_IncomeLossFromContinuingOperationsBeforeIncomeTaxesMinorityInterestAndIncomeLossFromEquityMethodInvestments" order="1.1300" priority="2" use="optional"/>
    <definitionArc xlink:type="arc" xlink:arcrole="http://xbrl.org/int/dim/arcrole/domain-member" xlink:from="us-gaap_StatementLineItems" xlink:to="us-gaap_IncomeTaxExpenseBenefit" order="1.1400" priority="2" use="optional"/>
    <definitionArc xlink:type="arc" xlink:arcrole="http://xbrl.org/int/dim/arcrole/domain-member" xlink:from="us-gaap_StatementLineItems" xlink:to="us-gaap_NetIncomeLoss" order="1.1500" priority="2" use="optional"/>
    <definitionArc xlink:type="arc" xlink:arcrole="http://xbrl.org/int/dim/arcrole/domain-member" xlink:from="us-gaap_StatementLineItems" xlink:to="us-gaap_EarningsPerShareAbstract" order="1.1600" priority="2" use="optional"/>
    <definitionArc xlink:type="arc" xlink:arcrole="http://xbrl.org/int/dim/arcrole/domain-member" xlink:from="us-gaap_StatementLineItems" xlink:to="us-gaap_WeightedAverageNumberOfSharesOutstandingAbstract" order="1.1700" priority="2" use="optional"/>
    <definitionArc xlink:type="arc" xlink:arcrole="http://xbrl.org/int/dim/arcrole/hypercube-dimension" xlink:from="us-gaap_StatementTable" xlink:to="dei_LegalEntityAxis" order="1.0000" priority="2" use="optional" xbrldt:targetRole="http://www.apple.com/taxonomy/role/CommonDomainMembers"/>
    <definitionArc xlink:type="arc" xlink:arcrole="http://xbrl.org/int/dim/arcrole/domain-member" xlink:from="us-gaap_WeightedAverageNumberOfSharesOutstandingAbstract" xlink:to="us-gaap_WeightedAverageNumberOfSharesOutstandingBasic" order="1.1800" priority="2" use="optional"/>
    <definitionArc xlink:type="arc" xlink:arcrole="http://xbrl.org/int/dim/arcrole/domain-member" xlink:from="us-gaap_WeightedAverageNumberOfSharesOutstandingAbstract" xlink:to="us-gaap_WeightedAverageNumberOfDilutedSharesOutstanding" order="1.1900" priority="2" use="optional"/>
  </definitionLink>
  <definitionLink xlink:type="extended" xlink:role="http://www.apple.com/taxonomy/role/StatementOfFinancialPositionClassified">
    <loc xlink:type="locator" xlink:href="http://taxonomies.xbrl.us/us-gaap/2009/elts/us-gaap-2009-01-31.xsd#us-gaap_AccountsPayableCurrent" xlink:label="us-gaap_AccountsPayableCurrent"/>
    <loc xlink:type="locator" xlink:href="http://taxonomies.xbrl.us/us-gaap/2009/elts/us-gaap-2009-01-31.xsd#us-gaap_AccountsReceivableNetCurrent" xlink:label="us-gaap_AccountsReceivableNetCurrent"/>
    <loc xlink:type="locator" xlink:href="http://taxonomies.xbrl.us/us-gaap/2009/elts/us-gaap-2009-01-31.xsd#us-gaap_AccruedLiabilitiesCurrent" xlink:label="us-gaap_AccruedLiabilitiesCurrent"/>
    <loc xlink:type="locator" xlink:href="http://taxonomies.xbrl.us/us-gaap/2009/elts/us-gaap-2009-01-31.xsd#us-gaap_AccumulatedOtherComprehensiveIncomeLossNetOfTax" xlink:label="us-gaap_AccumulatedOtherComprehensiveIncomeLossNetOfTax"/>
    <loc xlink:type="locator" xlink:href="http://taxonomies.xbrl.us/us-gaap/2009/elts/us-gaap-2009-01-31.xsd#us-gaap_Assets" xlink:label="us-gaap_Assets"/>
    <loc xlink:type="locator" xlink:href="http://taxonomies.xbrl.us/us-gaap/2009/elts/us-gaap-2009-01-31.xsd#us-gaap_AssetsAbstract" xlink:label="us-gaap_AssetsAbstract"/>
    <loc xlink:type="locator" xlink:href="http://taxonomies.xbrl.us/us-gaap/2009/elts/us-gaap-2009-01-31.xsd#us-gaap_AssetsCurrent" xlink:label="us-gaap_AssetsCurrent"/>
    <loc xlink:type="locator" xlink:href="http://taxonomies.xbrl.us/us-gaap/2009/elts/us-gaap-2009-01-31.xsd#us-gaap_AssetsCurrentAbstract" xlink:label="us-gaap_AssetsCurrentAbstract"/>
    <loc xlink:type="locator" xlink:href="http://taxonomies.xbrl.us/us-gaap/2009/elts/us-gaap-2009-01-31.xsd#us-gaap_AvailableForSaleSecuritiesCurrent" xlink:label="us-gaap_AvailableForSaleSecuritiesCurrent"/>
    <loc xlink:type="locator" xlink:href="http://taxonomies.xbrl.us/us-gaap/2009/elts/us-gaap-2009-01-31.xsd#us-gaap_AvailableForSaleSecuritiesNoncurrent" xlink:label="us-gaap_AvailableForSaleSecuritiesNoncurrent"/>
    <loc xlink:type="locator" xlink:href="http://taxonomies.xbrl.us/us-gaap/2009/elts/us-gaap-2009-01-31.xsd#us-gaap_CashAndCashEquivalentsAtCarryingValue" xlink:label="us-gaap_CashAndCashEquivalentsAtCarryingValue"/>
    <loc xlink:type="locator" xlink:href="http://taxonomies.xbrl.us/us-gaap/2009/elts/us-gaap-2009-01-31.xsd#us-gaap_CommitmentsAndContingencies2009" xlink:label="us-gaap_CommitmentsAndContingencies2009"/>
    <loc xlink:type="locator" xlink:href="http://taxonomies.xbrl.us/us-gaap/2009/elts/us-gaap-2009-01-31.xsd#us-gaap_CommonStockValue" xlink:label="us-gaap_CommonStockValue"/>
    <loc xlink:type="locator" xlink:href="http://taxonomies.xbrl.us/us-gaap/2009/elts/us-gaap-2009-01-31.xsd#us-gaap_DeferredRevenueCurrent" xlink:label="us-gaap_DeferredRevenueCurrent"/>
    <loc xlink:type="locator" xlink:href="http://taxonomies.xbrl.us/us-gaap/2009/elts/us-gaap-2009-01-31.xsd#us-gaap_DeferredRevenueNoncurrent" xlink:label="us-gaap_DeferredRevenueNoncurrent"/>
    <loc xlink:type="locator" xlink:href="http://taxonomies.xbrl.us/us-gaap/2009/elts/us-gaap-2009-01-31.xsd#us-gaap_DeferredTaxAssetsNetCurrent" xlink:label="us-gaap_DeferredTaxAssetsNetCurrent"/>
    <loc xlink:type="locator" xlink:href="http://taxonomies.xbrl.us/us-gaap/2009/elts/us-gaap-2009-01-31.xsd#us-gaap_Goodwill" xlink:label="us-gaap_Goodwill"/>
    <loc xlink:type="locator" xlink:href="http://taxonomies.xbrl.us/us-gaap/2009/elts/us-gaap-2009-01-31.xsd#us-gaap_IntangibleAssetsNetExcludingGoodwill" xlink:label="us-gaap_IntangibleAssetsNetExcludingGoodwill"/>
    <loc xlink:type="locator" xlink:href="http://taxonomies.xbrl.us/us-gaap/2009/elts/us-gaap-2009-01-31.xsd#us-gaap_InventoryNet" xlink:label="us-gaap_InventoryNet"/>
    <loc xlink:type="locator" xlink:href="http://taxonomies.xbrl.us/us-gaap/2009/non-gaap/dei-2009-01-31.xsd#dei_LegalEntityAxis" xlink:label="dei_LegalEntityAxis"/>
    <loc xlink:type="locator" xlink:href="http://taxonomies.xbrl.us/us-gaap/2009/elts/us-gaap-2009-01-31.xsd#us-gaap_Liabilities" xlink:label="us-gaap_Liabilities"/>
    <loc xlink:type="locator" xlink:href="http://taxonomies.xbrl.us/us-gaap/2009/elts/us-gaap-2009-01-31.xsd#us-gaap_LiabilitiesAndStockholdersEquity" xlink:label="us-gaap_LiabilitiesAndStockholdersEquity"/>
    <loc xlink:type="locator" xlink:href="http://taxonomies.xbrl.us/us-gaap/2009/elts/us-gaap-2009-01-31.xsd#us-gaap_LiabilitiesAndStockholdersEquityAbstract" xlink:label="us-gaap_LiabilitiesAndStockholdersEquityAbstract"/>
    <loc xlink:type="locator" xlink:href="http://taxonomies.xbrl.us/us-gaap/2009/elts/us-gaap-2009-01-31.xsd#us-gaap_LiabilitiesCurrent" xlink:label="us-gaap_LiabilitiesCurrent"/>
    <loc xlink:type="locator" xlink:href="http://taxonomies.xbrl.us/us-gaap/2009/elts/us-gaap-2009-01-31.xsd#us-gaap_LiabilitiesCurrentAbstract" xlink:label="us-gaap_LiabilitiesCurrentAbstract"/>
    <loc xlink:type="locator" xlink:href="http://taxonomies.xbrl.us/us-gaap/2009/elts/us-gaap-2009-01-31.xsd#us-gaap_OtherAssetsCurrent" xlink:label="us-gaap_OtherAssetsCurrent"/>
    <loc xlink:type="locator" xlink:href="http://taxonomies.xbrl.us/us-gaap/2009/elts/us-gaap-2009-01-31.xsd#us-gaap_OtherAssetsNoncurrent" xlink:label="us-gaap_OtherAssetsNoncurrent"/>
    <loc xlink:type="locator" xlink:href="http://taxonomies.xbrl.us/us-gaap/2009/elts/us-gaap-2009-01-31.xsd#us-gaap_OtherLiabilitiesNoncurrent" xlink:label="us-gaap_OtherLiabilitiesNoncurrent"/>
    <loc xlink:type="locator" xlink:href="aapl-20100327.xsd#aapl_PropertyPlantAndEquipmentAndCapitalizedSoftwareNet" xlink:label="aapl_PropertyPlantAndEquipmentAndCapitalizedSoftwareNet"/>
    <loc xlink:type="locator" xlink:href="http://taxonomies.xbrl.us/us-gaap/2009/elts/us-gaap-2009-01-31.xsd#us-gaap_RetainedEarningsAccumulatedDeficit" xlink:label="us-gaap_RetainedEarningsAccumulatedDeficit"/>
    <loc xlink:type="locator" xlink:href="http://taxonomies.xbrl.us/us-gaap/2009/elts/us-gaap-2009-01-31.xsd#us-gaap_StatementLineItems" xlink:label="us-gaap_StatementLineItems"/>
    <loc xlink:type="locator" xlink:href="http://taxonomies.xbrl.us/us-gaap/2009/elts/us-gaap-2009-01-31.xsd#us-gaap_StatementTable" xlink:label="us-gaap_StatementTable"/>
    <loc xlink:type="locator" xlink:href="http://taxonomies.xbrl.us/us-gaap/2009/elts/us-gaap-2009-01-31.xsd#us-gaap_StockholdersEquity" xlink:label="us-gaap_StockholdersEquity"/>
    <loc xlink:type="locator" xlink:href="http://taxonomies.xbrl.us/us-gaap/2009/elts/us-gaap-2009-01-31.xsd#us-gaap_StockholdersEquityAbstract" xlink:label="us-gaap_StockholdersEquityAbstract"/>
    <definitionArc xlink:type="arc" xlink:arcrole="http://xbrl.org/int/dim/arcrole/domain-member" xlink:from="us-gaap_AssetsAbstract" xlink:to="us-gaap_AssetsCurrentAbstract" order="1.0200" priority="2" use="optional"/>
    <definitionArc xlink:type="arc" xlink:arcrole="http://xbrl.org/int/dim/arcrole/domain-member" xlink:from="us-gaap_AssetsAbstract" xlink:to="us-gaap_AvailableForSaleSecuritiesNoncurrent" order="1.0300" priority="2" use="optional"/>
    <definitionArc xlink:type="arc" xlink:arcrole="http://xbrl.org/int/dim/arcrole/domain-member" xlink:from="us-gaap_AssetsAbstract" xlink:to="aapl_PropertyPlantAndEquipmentAndCapitalizedSoftwareNet" order="1.0400" priority="2" use="optional"/>
    <definitionArc xlink:type="arc" xlink:arcrole="http://xbrl.org/int/dim/arcrole/domain-member" xlink:from="us-gaap_AssetsAbstract" xlink:to="us-gaap_Goodwill" order="1.0500" priority="2" use="optional"/>
    <definitionArc xlink:type="arc" xlink:arcrole="http://xbrl.org/int/dim/arcrole/domain-member" xlink:from="us-gaap_AssetsAbstract" xlink:to="us-gaap_IntangibleAssetsNetExcludingGoodwill" order="1.0600" priority="2" use="optional"/>
    <definitionArc xlink:type="arc" xlink:arcrole="http://xbrl.org/int/dim/arcrole/domain-member" xlink:from="us-gaap_AssetsAbstract" xlink:to="us-gaap_OtherAssetsNoncurrent" order="1.0700" priority="2" use="optional"/>
    <definitionArc xlink:type="arc" xlink:arcrole="http://xbrl.org/int/dim/arcrole/domain-member" xlink:from="us-gaap_AssetsAbstract" xlink:to="us-gaap_Assets" order="1.0800" priority="2" use="optional"/>
    <definitionArc xlink:type="arc" xlink:arcrole="http://xbrl.org/int/dim/arcrole/domain-member" xlink:from="us-gaap_AssetsCurrentAbstract" xlink:to="us-gaap_CashAndCashEquivalentsAtCarryingValue" order="1.0900" priority="2" use="optional"/>
    <definitionArc xlink:type="arc" xlink:arcrole="http://xbrl.org/int/dim/arcrole/domain-member" xlink:from="us-gaap_AssetsCurrentAbstract" xlink:to="us-gaap_AvailableForSaleSecuritiesCurrent" order="1.1000" priority="2" use="optional"/>
    <definitionArc xlink:type="arc" xlink:arcrole="http://xbrl.org/int/dim/arcrole/domain-member" xlink:from="us-gaap_AssetsCurrentAbstract" xlink:to="us-gaap_AccountsReceivableNetCurrent" order="1.1100" priority="2" use="optional"/>
    <definitionArc xlink:type="arc" xlink:arcrole="http://xbrl.org/int/dim/arcrole/domain-member" xlink:from="us-gaap_AssetsCurrentAbstract" xlink:to="us-gaap_InventoryNet" order="1.1200" priority="2" use="optional"/>
    <definitionArc xlink:type="arc" xlink:arcrole="http://xbrl.org/int/dim/arcrole/domain-member" xlink:from="us-gaap_AssetsCurrentAbstract" xlink:to="us-gaap_DeferredTaxAssetsNetCurrent" order="1.1300" priority="2" use="optional"/>
    <definitionArc xlink:type="arc" xlink:arcrole="http://xbrl.org/int/dim/arcrole/domain-member" xlink:from="us-gaap_AssetsCurrentAbstract" xlink:to="us-gaap_OtherAssetsCurrent" order="1.1400" priority="2" use="optional"/>
    <definitionArc xlink:type="arc" xlink:arcrole="http://xbrl.org/int/dim/arcrole/domain-member" xlink:from="us-gaap_AssetsCurrentAbstract" xlink:to="us-gaap_AssetsCurrent" order="1.1500" priority="2" use="optional"/>
    <definitionArc xlink:type="arc" xlink:arcrole="http://xbrl.org/int/dim/arcrole/domain-member" xlink:from="us-gaap_LiabilitiesAndStockholdersEquityAbstract" xlink:to="us-gaap_LiabilitiesCurrentAbstract" order="1.1600" priority="2" use="optional"/>
    <definitionArc xlink:type="arc" xlink:arcrole="http://xbrl.org/int/dim/arcrole/domain-member" xlink:from="us-gaap_LiabilitiesAndStockholdersEquityAbstract" xlink:to="us-gaap_DeferredRevenueNoncurrent" order="1.1700" priority="2" use="optional"/>
    <definitionArc xlink:type="arc" xlink:arcrole="http://xbrl.org/int/dim/arcrole/domain-member" xlink:from="us-gaap_LiabilitiesAndStockholdersEquityAbstract" xlink:to="us-gaap_OtherLiabilitiesNoncurrent" order="1.1800" priority="2" use="optional"/>
    <definitionArc xlink:type="arc" xlink:arcrole="http://xbrl.org/int/dim/arcrole/domain-member" xlink:from="us-gaap_LiabilitiesAndStockholdersEquityAbstract" xlink:to="us-gaap_Liabilities" order="1.1900" priority="2" use="optional"/>
    <definitionArc xlink:type="arc" xlink:arcrole="http://xbrl.org/int/dim/arcrole/domain-member" xlink:from="us-gaap_LiabilitiesAndStockholdersEquityAbstract" xlink:to="us-gaap_CommitmentsAndContingencies2009" order="1.2000" priority="2" use="optional"/>
    <definitionArc xlink:type="arc" xlink:arcrole="http://xbrl.org/int/dim/arcrole/domain-member" xlink:from="us-gaap_LiabilitiesAndStockholdersEquityAbstract" xlink:to="us-gaap_StockholdersEquityAbstract" order="1.2100" priority="2" use="optional"/>
    <definitionArc xlink:type="arc" xlink:arcrole="http://xbrl.org/int/dim/arcrole/domain-member" xlink:from="us-gaap_LiabilitiesAndStockholdersEquityAbstract" xlink:to="us-gaap_LiabilitiesAndStockholdersEquity" order="1.2200" priority="2" use="optional"/>
    <definitionArc xlink:type="arc" xlink:arcrole="http://xbrl.org/int/dim/arcrole/domain-member" xlink:from="us-gaap_LiabilitiesCurrentAbstract" xlink:to="us-gaap_AccountsPayableCurrent" order="1.2300" priority="2" use="optional"/>
    <definitionArc xlink:type="arc" xlink:arcrole="http://xbrl.org/int/dim/arcrole/domain-member" xlink:from="us-gaap_LiabilitiesCurrentAbstract" xlink:to="us-gaap_AccruedLiabilitiesCurrent" order="1.2400" priority="2" use="optional"/>
    <definitionArc xlink:type="arc" xlink:arcrole="http://xbrl.org/int/dim/arcrole/domain-member" xlink:from="us-gaap_LiabilitiesCurrentAbstract" xlink:to="us-gaap_DeferredRevenueCurrent" order="1.2500" priority="2" use="optional"/>
    <definitionArc xlink:type="arc" xlink:arcrole="http://xbrl.org/int/dim/arcrole/domain-member" xlink:from="us-gaap_LiabilitiesCurrentAbstract" xlink:to="us-gaap_LiabilitiesCurrent" order="1.2600" priority="2" use="optional"/>
    <definitionArc xlink:type="arc" xlink:arcrole="http://xbrl.org/int/dim/arcrole/all" xlink:from="us-gaap_StatementLineItems" xlink:to="us-gaap_StatementTable" order="100.0000" xbrldt:closed="true" xbrldt:contextElement="segment" priority="2" use="optional"/>
    <definitionArc xlink:type="arc" xlink:arcrole="http://xbrl.org/int/dim/arcrole/domain-member" xlink:from="us-gaap_StatementLineItems" xlink:to="us-gaap_AssetsAbstract" order="1.2700" priority="2" use="optional"/>
    <definitionArc xlink:type="arc" xlink:arcrole="http://xbrl.org/int/dim/arcrole/domain-member" xlink:from="us-gaap_StatementLineItems" xlink:to="us-gaap_LiabilitiesAndStockholdersEquityAbstract" order="1.2800" priority="2" use="optional"/>
    <definitionArc xlink:type="arc" xlink:arcrole="http://xbrl.org/int/dim/arcrole/hypercube-dimension" xlink:from="us-gaap_StatementTable" xlink:to="dei_LegalEntityAxis" order="1.0000" priority="2" use="optional" xbrldt:targetRole="http://www.apple.com/taxonomy/role/CommonDomainMembers"/>
    <definitionArc xlink:type="arc" xlink:arcrole="http://xbrl.org/int/dim/arcrole/domain-member" xlink:from="us-gaap_StockholdersEquityAbstract" xlink:to="us-gaap_CommonStockValue" order="1.2900" priority="2" use="optional"/>
    <definitionArc xlink:type="arc" xlink:arcrole="http://xbrl.org/int/dim/arcrole/domain-member" xlink:from="us-gaap_StockholdersEquityAbstract" xlink:to="us-gaap_RetainedEarningsAccumulatedDeficit" order="1.3000" priority="2" use="optional"/>
    <definitionArc xlink:type="arc" xlink:arcrole="http://xbrl.org/int/dim/arcrole/domain-member" xlink:from="us-gaap_StockholdersEquityAbstract" xlink:to="us-gaap_AccumulatedOtherComprehensiveIncomeLossNetOfTax" order="1.3100" priority="2" use="optional"/>
    <definitionArc xlink:type="arc" xlink:arcrole="http://xbrl.org/int/dim/arcrole/domain-member" xlink:from="us-gaap_StockholdersEquityAbstract" xlink:to="us-gaap_StockholdersEquity" order="1.3200" priority="2" use="optional"/>
  </definitionLink>
  <definitionLink xlink:type="extended" xlink:role="http://www.apple.com/taxonomy/role/StatementOfFinancialPositionClassifiedParenthetical">
    <loc xlink:type="locator" xlink:href="http://taxonomies.xbrl.us/us-gaap/2009/elts/us-gaap-2009-01-31.xsd#us-gaap_AllowanceForDoubtfulAccountsReceivableCurrent" xlink:label="us-gaap_AllowanceForDoubtfulAccountsReceivableCurrent"/>
    <loc xlink:type="locator" xlink:href="http://taxonomies.xbrl.us/us-gaap/2009/elts/us-gaap-2009-01-31.xsd#us-gaap_CommonStockNoParValue" xlink:label="us-gaap_CommonStockNoParValue"/>
    <loc xlink:type="locator" xlink:href="http://taxonomies.xbrl.us/us-gaap/2009/elts/us-gaap-2009-01-31.xsd#us-gaap_CommonStockSharesAuthorized" xlink:label="us-gaap_CommonStockSharesAuthorized"/>
    <loc xlink:type="locator" xlink:href="http://taxonomies.xbrl.us/us-gaap/2009/elts/us-gaap-2009-01-31.xsd#us-gaap_CommonStockSharesIssued" xlink:label="us-gaap_CommonStockSharesIssued"/>
    <loc xlink:type="locator" xlink:href="http://taxonomies.xbrl.us/us-gaap/2009/elts/us-gaap-2009-01-31.xsd#us-gaap_CommonStockSharesOutstanding" xlink:label="us-gaap_CommonStockSharesOutstanding"/>
    <loc xlink:type="locator" xlink:href="http://taxonomies.xbrl.us/us-gaap/2009/non-gaap/dei-2009-01-31.xsd#dei_LegalEntityAxis" xlink:label="dei_LegalEntityAxis"/>
    <loc xlink:type="locator" xlink:href="http://taxonomies.xbrl.us/us-gaap/2009/elts/us-gaap-2009-01-31.xsd#us-gaap_StatementLineItems" xlink:label="us-gaap_StatementLineItems"/>
    <loc xlink:type="locator" xlink:href="http://taxonomies.xbrl.us/us-gaap/2009/elts/us-gaap-2009-01-31.xsd#us-gaap_StatementTable" xlink:label="us-gaap_StatementTable"/>
    <definitionArc xlink:type="arc" xlink:arcrole="http://xbrl.org/int/dim/arcrole/all" xlink:from="us-gaap_StatementLineItems" xlink:to="us-gaap_StatementTable" order="100.0000" xbrldt:closed="true" xbrldt:contextElement="segment" priority="2" use="optional"/>
    <definitionArc xlink:type="arc" xlink:arcrole="http://xbrl.org/int/dim/arcrole/domain-member" xlink:from="us-gaap_StatementLineItems" xlink:to="us-gaap_AllowanceForDoubtfulAccountsReceivableCurrent" order="1.0200" priority="2" use="optional"/>
    <definitionArc xlink:type="arc" xlink:arcrole="http://xbrl.org/int/dim/arcrole/domain-member" xlink:from="us-gaap_StatementLineItems" xlink:to="us-gaap_CommonStockNoParValue" order="1.0300" priority="2" use="optional"/>
    <definitionArc xlink:type="arc" xlink:arcrole="http://xbrl.org/int/dim/arcrole/domain-member" xlink:from="us-gaap_StatementLineItems" xlink:to="us-gaap_CommonStockSharesAuthorized" order="1.0400" priority="2" use="optional"/>
    <definitionArc xlink:type="arc" xlink:arcrole="http://xbrl.org/int/dim/arcrole/domain-member" xlink:from="us-gaap_StatementLineItems" xlink:to="us-gaap_CommonStockSharesIssued" order="1.0500" priority="2" use="optional"/>
    <definitionArc xlink:type="arc" xlink:arcrole="http://xbrl.org/int/dim/arcrole/domain-member" xlink:from="us-gaap_StatementLineItems" xlink:to="us-gaap_CommonStockSharesOutstanding" order="1.0600" priority="2" use="optional"/>
    <definitionArc xlink:type="arc" xlink:arcrole="http://xbrl.org/int/dim/arcrole/hypercube-dimension" xlink:from="us-gaap_StatementTable" xlink:to="dei_LegalEntityAxis" order="1.0000" priority="2" use="optional" xbrldt:targetRole="http://www.apple.com/taxonomy/role/CommonDomainMembers"/>
  </definitionLink>
  <definitionLink xlink:type="extended" xlink:role="http://www.apple.com/taxonomy/role/StatementOfCashFlowsIndirect">
    <loc xlink:type="locator" xlink:href="http://taxonomies.xbrl.us/us-gaap/2009/elts/us-gaap-2009-01-31.xsd#us-gaap_AdjustmentsToReconcileNetIncomeLossToCashProvidedByUsedInOperatingActivitiesAbstract" xlink:label="us-gaap_AdjustmentsToReconcileNetIncomeLossToCashProvidedByUsedInOperatingActivitiesAbstract"/>
    <loc xlink:type="locator" xlink:href="http://taxonomies.xbrl.us/us-gaap/2009/elts/us-gaap-2009-01-31.xsd#us-gaap_CashAndCashEquivalentsAtCarryingValue" xlink:label="us-gaap_CashAndCashEquivalentsAtCarryingValue"/>
    <loc xlink:type="locator" xlink:href="http://taxonomies.xbrl.us/us-gaap/2009/elts/us-gaap-2009-01-31.xsd#us-gaap_CashAndCashEquivalentsPeriodIncreaseDecrease" xlink:label="us-gaap_CashAndCashEquivalentsPeriodIncreaseDecrease"/>
    <loc xlink:type="locator" xlink:href="http://taxonomies.xbrl.us/us-gaap/2009/elts/us-gaap-2009-01-31.xsd#us-gaap_DeferredIncomeTaxExpenseBenefit" xlink:label="us-gaap_DeferredIncomeTaxExpenseBenefit"/>
    <loc xlink:type="locator" xlink:href="http://taxonomies.xbrl.us/us-gaap/2009/elts/us-gaap-2009-01-31.xsd#us-gaap_DepreciationAmortizationAndAccretionNet" xlink:label="us-gaap_DepreciationAmortizationAndAccretionNet"/>
    <loc xlink:type="locator" xlink:href="http://taxonomies.xbrl.us/us-gaap/2009/elts/us-gaap-2009-01-31.xsd#us-gaap_EmployeeServiceShareBasedCompensationCashFlowEffectCashUsedToSettleAwards" xlink:label="us-gaap_EmployeeServiceShareBasedCompensationCashFlowEffectCashUsedToSettleAwards"/>
    <loc xlink:type="locator" xlink:href="http://taxonomies.xbrl.us/us-gaap/2009/elts/us-gaap-2009-01-31.xsd#us-gaap_ExcessTaxBenefitFromShareBasedCompensationFinancingActivities" xlink:label="us-gaap_ExcessTaxBenefitFromShareBasedCompensationFinancingActivities"/>
    <loc xlink:type="locator" xlink:href="http://taxonomies.xbrl.us/us-gaap/2009/elts/us-gaap-2009-01-31.xsd#us-gaap_GainLossOnSaleOfPropertyPlantEquipment" xlink:label="us-gaap_GainLossOnSaleOfPropertyPlantEquipment"/>
    <loc xlink:type="locator" xlink:href="http://taxonomies.xbrl.us/us-gaap/2009/elts/us-gaap-2009-01-31.xsd#us-gaap_IncomeTaxesPaidNet" xlink:label="us-gaap_IncomeTaxesPaidNet"/>
    <loc xlink:type="locator" xlink:href="http://taxonomies.xbrl.us/us-gaap/2009/elts/us-gaap-2009-01-31.xsd#us-gaap_IncreaseDecreaseInAccountsPayable" xlink:label="us-gaap_IncreaseDecreaseInAccountsPayable"/>
    <loc xlink:type="locator" xlink:href="http://taxonomies.xbrl.us/us-gaap/2009/elts/us-gaap-2009-01-31.xsd#us-gaap_IncreaseDecreaseInAccountsReceivable" xlink:label="us-gaap_IncreaseDecreaseInAccountsReceivable"/>
    <loc xlink:type="locator" xlink:href="http://taxonomies.xbrl.us/us-gaap/2009/elts/us-gaap-2009-01-31.xsd#us-gaap_IncreaseDecreaseInDeferredRevenue" xlink:label="us-gaap_IncreaseDecreaseInDeferredRevenue"/>
    <loc xlink:type="locator" xlink:href="http://taxonomies.xbrl.us/us-gaap/2009/elts/us-gaap-2009-01-31.xsd#us-gaap_IncreaseDecreaseInInventories" xlink:label="us-gaap_IncreaseDecreaseInInventories"/>
    <loc xlink:type="locator" xlink:href="http://taxonomies.xbrl.us/us-gaap/2009/elts/us-gaap-2009-01-31.xsd#us-gaap_IncreaseDecreaseInOperatingCapitalAbstract" xlink:label="us-gaap_IncreaseDecreaseInOperatingCapitalAbstract"/>
    <loc xlink:type="locator" xlink:href="http://taxonomies.xbrl.us/us-gaap/2009/elts/us-gaap-2009-01-31.xsd#us-gaap_IncreaseDecreaseInOtherOperatingAssets" xlink:label="us-gaap_IncreaseDecreaseInOtherOperatingAssets"/>
    <loc xlink:type="locator" xlink:href="http://taxonomies.xbrl.us/us-gaap/2009/elts/us-gaap-2009-01-31.xsd#us-gaap_IncreaseDecreaseInOtherOperatingLiabilities" xlink:label="us-gaap_IncreaseDecreaseInOtherOperatingLiabilities"/>
    <loc xlink:type="locator" xlink:href="aapl-20100327.xsd#aapl_IncreaseDecreaseOtherCurrentAssets" xlink:label="aapl_IncreaseDecreaseOtherCurrentAssets"/>
    <loc xlink:type="locator" xlink:href="http://taxonomies.xbrl.us/us-gaap/2009/non-gaap/dei-2009-01-31.xsd#dei_LegalEntityAxis" xlink:label="dei_LegalEntityAxis"/>
    <loc xlink:type="locator" xlink:href="http://taxonomies.xbrl.us/us-gaap/2009/elts/us-gaap-2009-01-31.xsd#us-gaap_NetCashProvidedByUsedInFinancingActivities" xlink:label="us-gaap_NetCashProvidedByUsedInFinancingActivities"/>
    <loc xlink:type="locator" xlink:href="http://taxonomies.xbrl.us/us-gaap/2009/elts/us-gaap-2009-01-31.xsd#us-gaap_NetCashProvidedByUsedInFinancingActivitiesAbstract" xlink:label="us-gaap_NetCashProvidedByUsedInFinancingActivitiesAbstract"/>
    <loc xlink:type="locator" xlink:href="http://taxonomies.xbrl.us/us-gaap/2009/elts/us-gaap-2009-01-31.xsd#us-gaap_NetCashProvidedByUsedInInvestingActivities" xlink:label="us-gaap_NetCashProvidedByUsedInInvestingActivities"/>
    <loc xlink:type="locator" xlink:href="http://taxonomies.xbrl.us/us-gaap/2009/elts/us-gaap-2009-01-31.xsd#us-gaap_NetCashProvidedByUsedInInvestingActivitiesAbstract" xlink:label="us-gaap_NetCashProvidedByUsedInInvestingActivitiesAbstract"/>
    <loc xlink:type="locator" xlink:href="http://taxonomies.xbrl.us/us-gaap/2009/elts/us-gaap-2009-01-31.xsd#us-gaap_NetCashProvidedByUsedInOperatingActivities" xlink:label="us-gaap_NetCashProvidedByUsedInOperatingActivities"/>
    <loc xlink:type="locator" xlink:href="http://taxonomies.xbrl.us/us-gaap/2009/elts/us-gaap-2009-01-31.xsd#us-gaap_NetCashProvidedByUsedInOperatingActivitiesAbstract" xlink:label="us-gaap_NetCashProvidedByUsedInOperatingActivitiesAbstract"/>
    <loc xlink:type="locator" xlink:href="http://taxonomies.xbrl.us/us-gaap/2009/elts/us-gaap-2009-01-31.xsd#us-gaap_NetIncomeLoss" xlink:label="us-gaap_NetIncomeLoss"/>
    <loc xlink:type="locator" xlink:href="http://taxonomies.xbrl.us/us-gaap/2009/elts/us-gaap-2009-01-31.xsd#us-gaap_PaymentsForProceedsFromOtherInvestingActivities" xlink:label="us-gaap_PaymentsForProceedsFromOtherInvestingActivities"/>
    <loc xlink:type="locator" xlink:href="http://taxonomies.xbrl.us/us-gaap/2009/elts/us-gaap-2009-01-31.xsd#us-gaap_PaymentsToAcquireAvailableForSaleSecurities" xlink:label="us-gaap_PaymentsToAcquireAvailableForSaleSecurities"/>
    <loc xlink:type="locator" xlink:href="http://taxonomies.xbrl.us/us-gaap/2009/elts/us-gaap-2009-01-31.xsd#us-gaap_PaymentsToAcquireBusinessesNetOfCashAcquired" xlink:label="us-gaap_PaymentsToAcquireBusinessesNetOfCashAcquired"/>
    <loc xlink:type="locator" xlink:href="http://taxonomies.xbrl.us/us-gaap/2009/elts/us-gaap-2009-01-31.xsd#us-gaap_PaymentsToAcquireIntangibleAssets" xlink:label="us-gaap_PaymentsToAcquireIntangibleAssets"/>
    <loc xlink:type="locator" xlink:href="http://taxonomies.xbrl.us/us-gaap/2009/elts/us-gaap-2009-01-31.xsd#us-gaap_PaymentsToAcquireOtherInvestments" xlink:label="us-gaap_PaymentsToAcquireOtherInvestments"/>
    <loc xlink:type="locator" xlink:href="http://taxonomies.xbrl.us/us-gaap/2009/elts/us-gaap-2009-01-31.xsd#us-gaap_PaymentsToAcquireProductiveAssets" xlink:label="us-gaap_PaymentsToAcquireProductiveAssets"/>
    <loc xlink:type="locator" xlink:href="http://taxonomies.xbrl.us/us-gaap/2009/elts/us-gaap-2009-01-31.xsd#us-gaap_ProceedsFromIssuanceOfCommonStock" xlink:label="us-gaap_ProceedsFromIssuanceOfCommonStock"/>
    <loc xlink:type="locator" xlink:href="http://taxonomies.xbrl.us/us-gaap/2009/elts/us-gaap-2009-01-31.xsd#us-gaap_ProceedsFromMaturitiesPrepaymentsAndCallsOfAvailableForSaleSecurities" xlink:label="us-gaap_ProceedsFromMaturitiesPrepaymentsAndCallsOfAvailableForSaleSecurities"/>
    <loc xlink:type="locator" xlink:href="http://taxonomies.xbrl.us/us-gaap/2009/elts/us-gaap-2009-01-31.xsd#us-gaap_ProceedsFromSaleOfAvailableForSaleSecurities" xlink:label="us-gaap_ProceedsFromSaleOfAvailableForSaleSecurities"/>
    <loc xlink:type="locator" xlink:href="http://taxonomies.xbrl.us/us-gaap/2009/elts/us-gaap-2009-01-31.xsd#us-gaap_ShareBasedCompensation" xlink:label="us-gaap_ShareBasedCompensation"/>
    <loc xlink:type="locator" xlink:href="http://taxonomies.xbrl.us/us-gaap/2009/elts/us-gaap-2009-01-31.xsd#us-gaap_StatementLineItems" xlink:label="us-gaap_StatementLineItems"/>
    <loc xlink:type="locator" xlink:href="http://taxonomies.xbrl.us/us-gaap/2009/elts/us-gaap-2009-01-31.xsd#us-gaap_StatementTable" xlink:label="us-gaap_StatementTable"/>
    <loc xlink:type="locator" xlink:href="http://taxonomies.xbrl.us/us-gaap/2009/elts/us-gaap-2009-01-31.xsd#us-gaap_SupplementalCashFlowInformationAbstract" xlink:label="us-gaap_SupplementalCashFlowInformationAbstract"/>
    <definitionArc xlink:type="arc" xlink:arcrole="http://xbrl.org/int/dim/arcrole/domain-member" xlink:from="us-gaap_AdjustmentsToReconcileNetIncomeLossToCashProvidedByUsedInOperatingActivitiesAbstract" xlink:to="us-gaap_DepreciationAmortizationAndAccretionNet" order="1.0200" priority="2" use="optional"/>
    <definitionArc xlink:type="arc" xlink:arcrole="http://xbrl.org/int/dim/arcrole/domain-member" xlink:from="us-gaap_AdjustmentsToReconcileNetIncomeLossToCashProvidedByUsedInOperatingActivitiesAbstract" xlink:to="us-gaap_ShareBasedCompensation" order="1.0300" priority="2" use="optional"/>
    <definitionArc xlink:type="arc" xlink:arcrole="http://xbrl.org/int/dim/arcrole/domain-member" xlink:from="us-gaap_AdjustmentsToReconcileNetIncomeLossToCashProvidedByUsedInOperatingActivitiesAbstract" xlink:to="us-gaap_DeferredIncomeTaxExpenseBenefit" order="1.0400" priority="2" use="optional"/>
    <definitionArc xlink:type="arc" xlink:arcrole="http://xbrl.org/int/dim/arcrole/domain-member" xlink:from="us-gaap_AdjustmentsToReconcileNetIncomeLossToCashProvidedByUsedInOperatingActivitiesAbstract" xlink:to="us-gaap_GainLossOnSaleOfPropertyPlantEquipment" order="1.0500" priority="2" use="optional"/>
    <definitionArc xlink:type="arc" xlink:arcrole="http://xbrl.org/int/dim/arcrole/domain-member" xlink:from="us-gaap_IncreaseDecreaseInOperatingCapitalAbstract" xlink:to="us-gaap_IncreaseDecreaseInAccountsReceivable" order="1.0600" priority="2" use="optional"/>
    <definitionArc xlink:type="arc" xlink:arcrole="http://xbrl.org/int/dim/arcrole/domain-member" xlink:from="us-gaap_IncreaseDecreaseInOperatingCapitalAbstract" xlink:to="us-gaap_IncreaseDecreaseInInventories" order="1.0700" priority="2" use="optional"/>
    <definitionArc xlink:type="arc" xlink:arcrole="http://xbrl.org/int/dim/arcrole/domain-member" xlink:from="us-gaap_IncreaseDecreaseInOperatingCapitalAbstract" xlink:to="aapl_IncreaseDecreaseOtherCurrentAssets" order="1.0800" priority="2" use="optional"/>
    <definitionArc xlink:type="arc" xlink:arcrole="http://xbrl.org/int/dim/arcrole/domain-member" xlink:from="us-gaap_IncreaseDecreaseInOperatingCapitalAbstract" xlink:to="us-gaap_IncreaseDecreaseInOtherOperatingAssets" order="1.0900" priority="2" use="optional"/>
    <definitionArc xlink:type="arc" xlink:arcrole="http://xbrl.org/int/dim/arcrole/domain-member" xlink:from="us-gaap_IncreaseDecreaseInOperatingCapitalAbstract" xlink:to="us-gaap_IncreaseDecreaseInAccountsPayable" order="1.1000" priority="2" use="optional"/>
    <definitionArc xlink:type="arc" xlink:arcrole="http://xbrl.org/int/dim/arcrole/domain-member" xlink:from="us-gaap_IncreaseDecreaseInOperatingCapitalAbstract" xlink:to="us-gaap_IncreaseDecreaseInDeferredRevenue" order="1.1100" priority="2" use="optional"/>
    <definitionArc xlink:type="arc" xlink:arcrole="http://xbrl.org/int/dim/arcrole/domain-member" xlink:from="us-gaap_IncreaseDecreaseInOperatingCapitalAbstract" xlink:to="us-gaap_IncreaseDecreaseInOtherOperatingLiabilities" order="1.1200" priority="2" use="optional"/>
    <definitionArc xlink:type="arc" xlink:arcrole="http://xbrl.org/int/dim/arcrole/domain-member" xlink:from="us-gaap_NetCashProvidedByUsedInFinancingActivitiesAbstract" xlink:to="us-gaap_ProceedsFromIssuanceOfCommonStock" order="1.1300" priority="2" use="optional"/>
    <definitionArc xlink:type="arc" xlink:arcrole="http://xbrl.org/int/dim/arcrole/domain-member" xlink:from="us-gaap_NetCashProvidedByUsedInFinancingActivitiesAbstract" xlink:to="us-gaap_ExcessTaxBenefitFromShareBasedCompensationFinancingActivities" order="1.1400" priority="2" use="optional"/>
    <definitionArc xlink:type="arc" xlink:arcrole="http://xbrl.org/int/dim/arcrole/domain-member" xlink:from="us-gaap_NetCashProvidedByUsedInFinancingActivitiesAbstract" xlink:to="us-gaap_EmployeeServiceShareBasedCompensationCashFlowEffectCashUsedToSettleAwards" order="1.1500" priority="2" use="optional"/>
    <definitionArc xlink:type="arc" xlink:arcrole="http://xbrl.org/int/dim/arcrole/domain-member" xlink:from="us-gaap_NetCashProvidedByUsedInFinancingActivitiesAbstract" xlink:to="us-gaap_NetCashProvidedByUsedInFinancingActivities" order="1.1600" priority="2" use="optional"/>
    <definitionArc xlink:type="arc" xlink:arcrole="http://xbrl.org/int/dim/arcrole/domain-member" xlink:from="us-gaap_NetCashProvidedByUsedInInvestingActivitiesAbstract" xlink:to="us-gaap_PaymentsToAcquireAvailableForSaleSecurities" order="1.1700" priority="2" use="optional"/>
    <definitionArc xlink:type="arc" xlink:arcrole="http://xbrl.org/int/dim/arcrole/domain-member" xlink:from="us-gaap_NetCashProvidedByUsedInInvestingActivitiesAbstract" xlink:to="us-gaap_ProceedsFromMaturitiesPrepaymentsAndCallsOfAvailableForSaleSecurities" order="1.1800" priority="2" use="optional"/>
    <definitionArc xlink:type="arc" xlink:arcrole="http://xbrl.org/int/dim/arcrole/domain-member" xlink:from="us-gaap_NetCashProvidedByUsedInInvestingActivitiesAbstract" xlink:to="us-gaap_ProceedsFromSaleOfAvailableForSaleSecurities" order="1.1900" priority="2" use="optional"/>
    <definitionArc xlink:type="arc" xlink:arcrole="http://xbrl.org/int/dim/arcrole/domain-member" xlink:from="us-gaap_NetCashProvidedByUsedInInvestingActivitiesAbstract" xlink:to="us-gaap_PaymentsToAcquireOtherInvestments" order="1.2000" priority="2" use="optional"/>
    <definitionArc xlink:type="arc" xlink:arcrole="http://xbrl.org/int/dim/arcrole/domain-member" xlink:from="us-gaap_NetCashProvidedByUsedInInvestingActivitiesAbstract" xlink:to="us-gaap_PaymentsToAcquireBusinessesNetOfCashAcquired" order="1.2100" priority="2" use="optional"/>
    <definitionArc xlink:type="arc" xlink:arcrole="http://xbrl.org/int/dim/arcrole/domain-member" xlink:from="us-gaap_NetCashProvidedByUsedInInvestingActivitiesAbstract" xlink:to="us-gaap_PaymentsToAcquireProductiveAssets" order="1.2200" priority="2" use="optional"/>
    <definitionArc xlink:type="arc" xlink:arcrole="http://xbrl.org/int/dim/arcrole/domain-member" xlink:from="us-gaap_NetCashProvidedByUsedInInvestingActivitiesAbstract" xlink:to="us-gaap_PaymentsToAcquireIntangibleAssets" order="1.2300" priority="2" use="optional"/>
    <definitionArc xlink:type="arc" xlink:arcrole="http://xbrl.org/int/dim/arcrole/domain-member" xlink:from="us-gaap_NetCashProvidedByUsedInInvestingActivitiesAbstract" xlink:to="us-gaap_PaymentsForProceedsFromOtherInvestingActivities" order="1.2400" priority="2" use="optional"/>
    <definitionArc xlink:type="arc" xlink:arcrole="http://xbrl.org/int/dim/arcrole/domain-member" xlink:from="us-gaap_NetCashProvidedByUsedInInvestingActivitiesAbstract" xlink:to="us-gaap_NetCashProvidedByUsedInInvestingActivities" order="1.2500" priority="2" use="optional"/>
    <definitionArc xlink:type="arc" xlink:arcrole="http://xbrl.org/int/dim/arcrole/domain-member" xlink:from="us-gaap_NetCashProvidedByUsedInOperatingActivitiesAbstract" xlink:to="us-gaap_NetIncomeLoss" order="1.2600" priority="2" use="optional"/>
    <definitionArc xlink:type="arc" xlink:arcrole="http://xbrl.org/int/dim/arcrole/domain-member" xlink:from="us-gaap_NetCashProvidedByUsedInOperatingActivitiesAbstract" xlink:to="us-gaap_AdjustmentsToReconcileNetIncomeLossToCashProvidedByUsedInOperatingActivitiesAbstract" order="1.2700" priority="2" use="optional"/>
    <definitionArc xlink:type="arc" xlink:arcrole="http://xbrl.org/int/dim/arcrole/domain-member" xlink:from="us-gaap_NetCashProvidedByUsedInOperatingActivitiesAbstract" xlink:to="us-gaap_IncreaseDecreaseInOperatingCapitalAbstract" order="1.2800" priority="2" use="optional"/>
    <definitionArc xlink:type="arc" xlink:arcrole="http://xbrl.org/int/dim/arcrole/domain-member" xlink:from="us-gaap_NetCashProvidedByUsedInOperatingActivitiesAbstract" xlink:to="us-gaap_NetCashProvidedByUsedInOperatingActivities" order="1.2900" priority="2" use="optional"/>
    <definitionArc xlink:type="arc" xlink:arcrole="http://xbrl.org/int/dim/arcrole/all" xlink:from="us-gaap_StatementLineItems" xlink:to="us-gaap_StatementTable" order="100.0000" xbrldt:closed="true" xbrldt:contextElement="segment" priority="2" use="optional"/>
    <definitionArc xlink:type="arc" xlink:arcrole="http://xbrl.org/int/dim/arcrole/domain-member" xlink:from="us-gaap_StatementLineItems" xlink:to="us-gaap_CashAndCashEquivalentsAtCarryingValue" order="1.3000" priority="2" use="optional"/>
    <definitionArc xlink:type="arc" xlink:arcrole="http://xbrl.org/int/dim/arcrole/domain-member" xlink:from="us-gaap_StatementLineItems" xlink:to="us-gaap_NetCashProvidedByUsedInOperatingActivitiesAbstract" order="1.3100" priority="2" use="optional"/>
    <definitionArc xlink:type="arc" xlink:arcrole="http://xbrl.org/int/dim/arcrole/domain-member" xlink:from="us-gaap_StatementLineItems" xlink:to="us-gaap_NetCashProvidedByUsedInInvestingActivitiesAbstract" order="1.3200" priority="2" use="optional"/>
    <definitionArc xlink:type="arc" xlink:arcrole="http://xbrl.org/int/dim/arcrole/domain-member" xlink:from="us-gaap_StatementLineItems" xlink:to="us-gaap_NetCashProvidedByUsedInFinancingActivitiesAbstract" order="1.3300" priority="2" use="optional"/>
    <definitionArc xlink:type="arc" xlink:arcrole="http://xbrl.org/int/dim/arcrole/domain-member" xlink:from="us-gaap_StatementLineItems" xlink:to="us-gaap_CashAndCashEquivalentsPeriodIncreaseDecrease" order="1.3400" priority="2" use="optional"/>
    <definitionArc xlink:type="arc" xlink:arcrole="http://xbrl.org/int/dim/arcrole/domain-member" xlink:from="us-gaap_StatementLineItems" xlink:to="us-gaap_SupplementalCashFlowInformationAbstract" order="1.3600" priority="2" use="optional"/>
    <definitionArc xlink:type="arc" xlink:arcrole="http://xbrl.org/int/dim/arcrole/hypercube-dimension" xlink:from="us-gaap_StatementTable" xlink:to="dei_LegalEntityAxis" order="1.0000" priority="2" use="optional" xbrldt:targetRole="http://www.apple.com/taxonomy/role/CommonDomainMembers"/>
    <definitionArc xlink:type="arc" xlink:arcrole="http://xbrl.org/int/dim/arcrole/domain-member" xlink:from="us-gaap_SupplementalCashFlowInformationAbstract" xlink:to="us-gaap_IncomeTaxesPaidNet" order="1.3700" priority="2" use="optional"/>
  </definitionLink>
  <definitionLink xlink:type="extended" xlink:role="http://www.apple.com/taxonomy/role/NotesToFinancialStatementsSignificantAccountingPoliciesTextBlock">
    <loc xlink:type="locator" xlink:href="http://taxonomies.xbrl.us/us-gaap/2009/non-gaap/dei-2009-01-31.xsd#dei_LegalEntityAxis" xlink:label="dei_LegalEntityAxis"/>
    <loc xlink:type="locator" xlink:href="http://taxonomies.xbrl.us/us-gaap/2009/elts/us-gaap-2009-01-31.xsd#us-gaap_SignificantAccountingPoliciesTextBlock" xlink:label="us-gaap_SignificantAccountingPoliciesTextBlock"/>
    <loc xlink:type="locator" xlink:href="http://taxonomies.xbrl.us/us-gaap/2009/elts/us-gaap-2009-01-31.xsd#us-gaap_StatementLineItems" xlink:label="us-gaap_StatementLineItems"/>
    <loc xlink:type="locator" xlink:href="http://taxonomies.xbrl.us/us-gaap/2009/elts/us-gaap-2009-01-31.xsd#us-gaap_StatementTable" xlink:label="us-gaap_StatementTable"/>
    <definitionArc xlink:type="arc" xlink:arcrole="http://xbrl.org/int/dim/arcrole/all" xlink:from="us-gaap_StatementLineItems" xlink:to="us-gaap_StatementTable" order="100.0000" xbrldt:closed="true" xbrldt:contextElement="segment" priority="2" use="optional"/>
    <definitionArc xlink:type="arc" xlink:arcrole="http://xbrl.org/int/dim/arcrole/domain-member" xlink:from="us-gaap_StatementLineItems" xlink:to="us-gaap_SignificantAccountingPoliciesTextBlock" order="1.0200" priority="2" use="optional"/>
    <definitionArc xlink:type="arc" xlink:arcrole="http://xbrl.org/int/dim/arcrole/hypercube-dimension" xlink:from="us-gaap_StatementTable" xlink:to="dei_LegalEntityAxis" order="1.0000" priority="2" use="optional" xbrldt:targetRole="http://www.apple.com/taxonomy/role/CommonDomainMembers"/>
  </definitionLink>
  <definitionLink xlink:type="extended" xlink:role="http://www.apple.com/taxonomy/role/NotesToFinancialStatementsFinancialInstrumentsTextBlock">
    <loc xlink:type="locator" xlink:href="aapl-20100327.xsd#aapl_FinancialInstrumentsTextBlock" xlink:label="aapl_FinancialInstrumentsTextBlock"/>
    <loc xlink:type="locator" xlink:href="http://taxonomies.xbrl.us/us-gaap/2009/non-gaap/dei-2009-01-31.xsd#dei_LegalEntityAxis" xlink:label="dei_LegalEntityAxis"/>
    <loc xlink:type="locator" xlink:href="http://taxonomies.xbrl.us/us-gaap/2009/elts/us-gaap-2009-01-31.xsd#us-gaap_StatementLineItems" xlink:label="us-gaap_StatementLineItems"/>
    <loc xlink:type="locator" xlink:href="http://taxonomies.xbrl.us/us-gaap/2009/elts/us-gaap-2009-01-31.xsd#us-gaap_StatementTable" xlink:label="us-gaap_StatementTable"/>
    <definitionArc xlink:type="arc" xlink:arcrole="http://xbrl.org/int/dim/arcrole/all" xlink:from="us-gaap_StatementLineItems" xlink:to="us-gaap_StatementTable" order="100.0000" xbrldt:closed="true" xbrldt:contextElement="segment" priority="2" use="optional"/>
    <definitionArc xlink:type="arc" xlink:arcrole="http://xbrl.org/int/dim/arcrole/domain-member" xlink:from="us-gaap_StatementLineItems" xlink:to="aapl_FinancialInstrumentsTextBlock" order="1.0200" priority="2" use="optional"/>
    <definitionArc xlink:type="arc" xlink:arcrole="http://xbrl.org/int/dim/arcrole/hypercube-dimension" xlink:from="us-gaap_StatementTable" xlink:to="dei_LegalEntityAxis" order="1.0000" priority="2" use="optional" xbrldt:targetRole="http://www.apple.com/taxonomy/role/CommonDomainMembers"/>
  </definitionLink>
  <definitionLink xlink:type="extended" xlink:role="http://www.apple.com/taxonomy/role/NotesToFinancialStatementsFairValueMeasurementInputsDisclosureTextBlock">
    <loc xlink:type="locator" xlink:href="http://taxonomies.xbrl.us/us-gaap/2009/elts/us-gaap-2009-01-31.xsd#us-gaap_FairValueMeasurementInputsDisclosureTextBlock" xlink:label="us-gaap_FairValueMeasurementInputsDisclosureTextBlock"/>
    <loc xlink:type="locator" xlink:href="http://taxonomies.xbrl.us/us-gaap/2009/non-gaap/dei-2009-01-31.xsd#dei_LegalEntityAxis" xlink:label="dei_LegalEntityAxis"/>
    <loc xlink:type="locator" xlink:href="http://taxonomies.xbrl.us/us-gaap/2009/elts/us-gaap-2009-01-31.xsd#us-gaap_StatementLineItems" xlink:label="us-gaap_StatementLineItems"/>
    <loc xlink:type="locator" xlink:href="http://taxonomies.xbrl.us/us-gaap/2009/elts/us-gaap-2009-01-31.xsd#us-gaap_StatementTable" xlink:label="us-gaap_StatementTable"/>
    <definitionArc xlink:type="arc" xlink:arcrole="http://xbrl.org/int/dim/arcrole/all" xlink:from="us-gaap_StatementLineItems" xlink:to="us-gaap_StatementTable" order="100.0000" xbrldt:closed="true" xbrldt:contextElement="segment" priority="2" use="optional"/>
    <definitionArc xlink:type="arc" xlink:arcrole="http://xbrl.org/int/dim/arcrole/domain-member" xlink:from="us-gaap_StatementLineItems" xlink:to="us-gaap_FairValueMeasurementInputsDisclosureTextBlock" order="1.0200" priority="2" use="optional"/>
    <definitionArc xlink:type="arc" xlink:arcrole="http://xbrl.org/int/dim/arcrole/hypercube-dimension" xlink:from="us-gaap_StatementTable" xlink:to="dei_LegalEntityAxis" order="1.0000" priority="2" use="optional" xbrldt:targetRole="http://www.apple.com/taxonomy/role/CommonDomainMembers"/>
  </definitionLink>
  <definitionLink xlink:type="extended" xlink:role="http://www.apple.com/taxonomy/role/NotesToFinancialStatementsDetailsOfCertainBalanceSheetAccountsDisclosureTextBlock">
    <loc xlink:type="locator" xlink:href="aapl-20100327.xsd#aapl_DetailsOfCertainBalanceSheetAccountsDisclosureTextBlock" xlink:label="aapl_DetailsOfCertainBalanceSheetAccountsDisclosureTextBlock"/>
    <loc xlink:type="locator" xlink:href="http://taxonomies.xbrl.us/us-gaap/2009/non-gaap/dei-2009-01-31.xsd#dei_LegalEntityAxis" xlink:label="dei_LegalEntityAxis"/>
    <loc xlink:type="locator" xlink:href="http://taxonomies.xbrl.us/us-gaap/2009/elts/us-gaap-2009-01-31.xsd#us-gaap_StatementLineItems" xlink:label="us-gaap_StatementLineItems"/>
    <loc xlink:type="locator" xlink:href="http://taxonomies.xbrl.us/us-gaap/2009/elts/us-gaap-2009-01-31.xsd#us-gaap_StatementTable" xlink:label="us-gaap_StatementTable"/>
    <definitionArc xlink:type="arc" xlink:arcrole="http://xbrl.org/int/dim/arcrole/all" xlink:from="us-gaap_StatementLineItems" xlink:to="us-gaap_StatementTable" order="100.0000" xbrldt:closed="true" xbrldt:contextElement="segment" priority="2" use="optional"/>
    <definitionArc xlink:type="arc" xlink:arcrole="http://xbrl.org/int/dim/arcrole/domain-member" xlink:from="us-gaap_StatementLineItems" xlink:to="aapl_DetailsOfCertainBalanceSheetAccountsDisclosureTextBlock" order="1.0200" priority="2" use="optional"/>
    <definitionArc xlink:type="arc" xlink:arcrole="http://xbrl.org/int/dim/arcrole/hypercube-dimension" xlink:from="us-gaap_StatementTable" xlink:to="dei_LegalEntityAxis" order="1.0000" priority="2" use="optional" xbrldt:targetRole="http://www.apple.com/taxonomy/role/CommonDomainMembers"/>
  </definitionLink>
  <definitionLink xlink:type="extended" xlink:role="http://www.apple.com/taxonomy/role/NotesToFinancialStatementsIncomeTaxDisclosureTextBlock">
    <loc xlink:type="locator" xlink:href="http://taxonomies.xbrl.us/us-gaap/2009/elts/us-gaap-2009-01-31.xsd#us-gaap_IncomeTaxDisclosureTextBlock" xlink:label="us-gaap_IncomeTaxDisclosureTextBlock"/>
    <loc xlink:type="locator" xlink:href="http://taxonomies.xbrl.us/us-gaap/2009/non-gaap/dei-2009-01-31.xsd#dei_LegalEntityAxis" xlink:label="dei_LegalEntityAxis"/>
    <loc xlink:type="locator" xlink:href="http://taxonomies.xbrl.us/us-gaap/2009/elts/us-gaap-2009-01-31.xsd#us-gaap_StatementLineItems" xlink:label="us-gaap_StatementLineItems"/>
    <loc xlink:type="locator" xlink:href="http://taxonomies.xbrl.us/us-gaap/2009/elts/us-gaap-2009-01-31.xsd#us-gaap_StatementTable" xlink:label="us-gaap_StatementTable"/>
    <definitionArc xlink:type="arc" xlink:arcrole="http://xbrl.org/int/dim/arcrole/all" xlink:from="us-gaap_StatementLineItems" xlink:to="us-gaap_StatementTable" order="100.0000" xbrldt:closed="true" xbrldt:contextElement="segment" priority="2" use="optional"/>
    <definitionArc xlink:type="arc" xlink:arcrole="http://xbrl.org/int/dim/arcrole/domain-member" xlink:from="us-gaap_StatementLineItems" xlink:to="us-gaap_IncomeTaxDisclosureTextBlock" order="1.0200" priority="2" use="optional"/>
    <definitionArc xlink:type="arc" xlink:arcrole="http://xbrl.org/int/dim/arcrole/hypercube-dimension" xlink:from="us-gaap_StatementTable" xlink:to="dei_LegalEntityAxis" order="1.0000" priority="2" use="optional" xbrldt:targetRole="http://www.apple.com/taxonomy/role/CommonDomainMembers"/>
  </definitionLink>
  <definitionLink xlink:type="extended" xlink:role="http://www.apple.com/taxonomy/role/NotesToFinancialStatementsStockholdersEquityAndStockBasedCompensationDisclosureTextBlock">
    <loc xlink:type="locator" xlink:href="http://taxonomies.xbrl.us/us-gaap/2009/non-gaap/dei-2009-01-31.xsd#dei_LegalEntityAxis" xlink:label="dei_LegalEntityAxis"/>
    <loc xlink:type="locator" xlink:href="http://taxonomies.xbrl.us/us-gaap/2009/elts/us-gaap-2009-01-31.xsd#us-gaap_StatementLineItems" xlink:label="us-gaap_StatementLineItems"/>
    <loc xlink:type="locator" xlink:href="http://taxonomies.xbrl.us/us-gaap/2009/elts/us-gaap-2009-01-31.xsd#us-gaap_StatementTable" xlink:label="us-gaap_StatementTable"/>
    <loc xlink:type="locator" xlink:href="aapl-20100327.xsd#aapl_StockholdersEquityAndStockBasedCompensationDisclosureTextBlock" xlink:label="aapl_StockholdersEquityAndStockBasedCompensationDisclosureTextBlock"/>
    <definitionArc xlink:type="arc" xlink:arcrole="http://xbrl.org/int/dim/arcrole/all" xlink:from="us-gaap_StatementLineItems" xlink:to="us-gaap_StatementTable" order="100.0000" xbrldt:closed="true" xbrldt:contextElement="segment" priority="2" use="optional"/>
    <definitionArc xlink:type="arc" xlink:arcrole="http://xbrl.org/int/dim/arcrole/domain-member" xlink:from="us-gaap_StatementLineItems" xlink:to="aapl_StockholdersEquityAndStockBasedCompensationDisclosureTextBlock" order="1.0200" priority="2" use="optional"/>
    <definitionArc xlink:type="arc" xlink:arcrole="http://xbrl.org/int/dim/arcrole/hypercube-dimension" xlink:from="us-gaap_StatementTable" xlink:to="dei_LegalEntityAxis" order="1.0000" priority="2" use="optional" xbrldt:targetRole="http://www.apple.com/taxonomy/role/CommonDomainMembers"/>
  </definitionLink>
  <definitionLink xlink:type="extended" xlink:role="http://www.apple.com/taxonomy/role/NotesToFinancialStatementsCommitmentsAndContingenciesDisclosureTextBlock">
    <loc xlink:type="locator" xlink:href="http://taxonomies.xbrl.us/us-gaap/2009/elts/us-gaap-2009-01-31.xsd#us-gaap_CommitmentsAndContingenciesDisclosureTextBlock" xlink:label="us-gaap_CommitmentsAndContingenciesDisclosureTextBlock"/>
    <loc xlink:type="locator" xlink:href="http://taxonomies.xbrl.us/us-gaap/2009/non-gaap/dei-2009-01-31.xsd#dei_LegalEntityAxis" xlink:label="dei_LegalEntityAxis"/>
    <loc xlink:type="locator" xlink:href="http://taxonomies.xbrl.us/us-gaap/2009/elts/us-gaap-2009-01-31.xsd#us-gaap_StatementLineItems" xlink:label="us-gaap_StatementLineItems"/>
    <loc xlink:type="locator" xlink:href="http://taxonomies.xbrl.us/us-gaap/2009/elts/us-gaap-2009-01-31.xsd#us-gaap_StatementTable" xlink:label="us-gaap_StatementTable"/>
    <definitionArc xlink:type="arc" xlink:arcrole="http://xbrl.org/int/dim/arcrole/all" xlink:from="us-gaap_StatementLineItems" xlink:to="us-gaap_StatementTable" order="100.0000" xbrldt:closed="true" xbrldt:contextElement="segment" priority="2" use="optional"/>
    <definitionArc xlink:type="arc" xlink:arcrole="http://xbrl.org/int/dim/arcrole/domain-member" xlink:from="us-gaap_StatementLineItems" xlink:to="us-gaap_CommitmentsAndContingenciesDisclosureTextBlock" order="1.0200" priority="2" use="optional"/>
    <definitionArc xlink:type="arc" xlink:arcrole="http://xbrl.org/int/dim/arcrole/hypercube-dimension" xlink:from="us-gaap_StatementTable" xlink:to="dei_LegalEntityAxis" order="1.0000" priority="2" use="optional" xbrldt:targetRole="http://www.apple.com/taxonomy/role/CommonDomainMembers"/>
  </definitionLink>
  <definitionLink xlink:type="extended" xlink:role="http://www.apple.com/taxonomy/role/NotesToFinancialStatementsSegmentReportingDisclosureTextBlock">
    <loc xlink:type="locator" xlink:href="http://taxonomies.xbrl.us/us-gaap/2009/non-gaap/dei-2009-01-31.xsd#dei_LegalEntityAxis" xlink:label="dei_LegalEntityAxis"/>
    <loc xlink:type="locator" xlink:href="http://taxonomies.xbrl.us/us-gaap/2009/elts/us-gaap-2009-01-31.xsd#us-gaap_SegmentReportingDisclosureTextBlock" xlink:label="us-gaap_SegmentReportingDisclosureTextBlock"/>
    <loc xlink:type="locator" xlink:href="http://taxonomies.xbrl.us/us-gaap/2009/elts/us-gaap-2009-01-31.xsd#us-gaap_StatementLineItems" xlink:label="us-gaap_StatementLineItems"/>
    <loc xlink:type="locator" xlink:href="http://taxonomies.xbrl.us/us-gaap/2009/elts/us-gaap-2009-01-31.xsd#us-gaap_StatementTable" xlink:label="us-gaap_StatementTable"/>
    <definitionArc xlink:type="arc" xlink:arcrole="http://xbrl.org/int/dim/arcrole/all" xlink:from="us-gaap_StatementLineItems" xlink:to="us-gaap_StatementTable" order="100.0000" xbrldt:closed="true" xbrldt:contextElement="segment" priority="2" use="optional"/>
    <definitionArc xlink:type="arc" xlink:arcrole="http://xbrl.org/int/dim/arcrole/domain-member" xlink:from="us-gaap_StatementLineItems" xlink:to="us-gaap_SegmentReportingDisclosureTextBlock" order="1.0200" priority="2" use="optional"/>
    <definitionArc xlink:type="arc" xlink:arcrole="http://xbrl.org/int/dim/arcrole/hypercube-dimension" xlink:from="us-gaap_StatementTable" xlink:to="dei_LegalEntityAxis" order="1.0000" priority="2" use="optional" xbrldt:targetRole="http://www.apple.com/taxonomy/role/CommonDomainMembers"/>
  </definitionLink>
  <definitionLink xlink:type="extended" xlink:role="http://www.apple.com/taxonomy/role/NotesToFinancialStatementsRelatedPartyTransactionsDisclosureTextBlock">
    <loc xlink:type="locator" xlink:href="http://taxonomies.xbrl.us/us-gaap/2009/non-gaap/dei-2009-01-31.xsd#dei_LegalEntityAxis" xlink:label="dei_LegalEntityAxis"/>
    <loc xlink:type="locator" xlink:href="http://taxonomies.xbrl.us/us-gaap/2009/elts/us-gaap-2009-01-31.xsd#us-gaap_RelatedPartyTransactionsDisclosureTextBlock" xlink:label="us-gaap_RelatedPartyTransactionsDisclosureTextBlock"/>
    <loc xlink:type="locator" xlink:href="http://taxonomies.xbrl.us/us-gaap/2009/elts/us-gaap-2009-01-31.xsd#us-gaap_StatementLineItems" xlink:label="us-gaap_StatementLineItems"/>
    <loc xlink:type="locator" xlink:href="http://taxonomies.xbrl.us/us-gaap/2009/elts/us-gaap-2009-01-31.xsd#us-gaap_StatementTable" xlink:label="us-gaap_StatementTable"/>
    <definitionArc xlink:type="arc" xlink:arcrole="http://xbrl.org/int/dim/arcrole/all" xlink:from="us-gaap_StatementLineItems" xlink:to="us-gaap_StatementTable" order="100.0000" xbrldt:closed="true" xbrldt:contextElement="segment" priority="2" use="optional"/>
    <definitionArc xlink:type="arc" xlink:arcrole="http://xbrl.org/int/dim/arcrole/domain-member" xlink:from="us-gaap_StatementLineItems" xlink:to="us-gaap_RelatedPartyTransactionsDisclosureTextBlock" order="1.0200" priority="2" use="optional"/>
    <definitionArc xlink:type="arc" xlink:arcrole="http://xbrl.org/int/dim/arcrole/hypercube-dimension" xlink:from="us-gaap_StatementTable" xlink:to="dei_LegalEntityAxis" order="1.0000" priority="2" use="optional" xbrldt:targetRole="http://www.apple.com/taxonomy/role/CommonDomainMembers"/>
  </definitionLink>
  <definitionLink xlink:type="extended" xlink:role="http://www.apple.com/taxonomy/role/CommonDomainMembers">
    <loc xlink:type="locator" xlink:href="http://taxonomies.xbrl.us/us-gaap/2009/non-gaap/dei-2009-01-31.xsd#dei_EntityDomain" xlink:label="dei_EntityDomain"/>
    <loc xlink:type="locator" xlink:href="http://taxonomies.xbrl.us/us-gaap/2009/non-gaap/dei-2009-01-31.xsd#dei_EntityDomain" xlink:label="dei_EntityDomain_2"/>
    <loc xlink:type="locator" xlink:href="http://taxonomies.xbrl.us/us-gaap/2009/non-gaap/dei-2009-01-31.xsd#dei_LegalEntityAxis" xlink:label="dei_LegalEntityAxis"/>
    <loc xlink:type="locator" xlink:href="http://taxonomies.xbrl.us/us-gaap/2009/elts/us-gaap-2009-01-31.xsd#us-gaap_ParentCompanyMember" xlink:label="us-gaap_ParentCompanyMember"/>
    <loc xlink:type="locator" xlink:href="http://taxonomies.xbrl.us/us-gaap/2009/elts/us-gaap-2009-01-31.xsd#us-gaap_StatementLineItems" xlink:label="us-gaap_StatementLineItems"/>
    <loc xlink:type="locator" xlink:href="http://taxonomies.xbrl.us/us-gaap/2009/elts/us-gaap-2009-01-31.xsd#us-gaap_StatementTable" xlink:label="us-gaap_StatementTable"/>
    <definitionArc xlink:type="arc" xlink:arcrole="http://xbrl.org/int/dim/arcrole/domain-member" xlink:from="dei_EntityDomain" xlink:to="us-gaap_ParentCompanyMember" order="1.0100" priority="2" use="optional"/>
    <definitionArc xlink:type="arc" xlink:arcrole="http://xbrl.org/int/dim/arcrole/dimension-default" xlink:from="dei_LegalEntityAxis" xlink:to="dei_EntityDomain" order="1.0000" priority="2" use="optional"/>
    <definitionArc xlink:type="arc" xlink:arcrole="http://xbrl.org/int/dim/arcrole/dimension-domain" xlink:from="dei_LegalEntityAxis" xlink:to="dei_EntityDomain_2" order="1.0000" priority="2" use="optional"/>
    <definitionArc xlink:type="arc" xlink:arcrole="http://xbrl.org/int/dim/arcrole/all" xlink:from="us-gaap_StatementLineItems" xlink:to="us-gaap_StatementTable" order="100.0000" xbrldt:closed="true" xbrldt:contextElement="segment" priority="2" use="optional"/>
    <definitionArc xlink:type="arc" xlink:arcrole="http://xbrl.org/int/dim/arcrole/hypercube-dimension" xlink:from="us-gaap_StatementTable" xlink:to="dei_LegalEntityAxis" order="1.0000" priority="2" use="optional"/>
  </definitionLink>
</linkbase>
