<?xml version="1.0" encoding="US-ASCII"?>
<!--XBRL Document Created with Wdesk from Workiva-->
<!-- -->
<link:linkbase xsi:schemaLocation="http://www.xbrl.org/2003/linkbase http://www.xbrl.org/2003/xbrl-linkbase-2003-12-31.xsd" xmlns:link="http://www.xbrl.org/2003/linkbase" xmlns:xlink="http://www.w3.org/1999/xlink" xmlns:xsi="http://www.w3.org/2001/XMLSchema-instance">
  <link:roleRef roleURI="http://www.apple.com/role/BenefitPlans" xlink:href="aapl-20190629.xsd#BenefitPlans" xlink:type="simple" />
  <link:roleRef roleURI="http://www.apple.com/role/BenefitPlansAdditionalInformationDetails" xlink:href="aapl-20190629.xsd#BenefitPlansAdditionalInformationDetails" xlink:type="simple" />
  <link:roleRef roleURI="http://www.apple.com/role/BenefitPlansRestrictedStockUnitsActivityAndRelatedInformationDetails" xlink:href="aapl-20190629.xsd#BenefitPlansRestrictedStockUnitsActivityAndRelatedInformationDetails" xlink:type="simple" />
  <link:roleRef roleURI="http://www.apple.com/role/BenefitPlansSummaryOfShareBasedCompensationExpenseAndRelatedIncomeTaxBenefitDetails" xlink:href="aapl-20190629.xsd#BenefitPlansSummaryOfShareBasedCompensationExpenseAndRelatedIncomeTaxBenefitDetails" xlink:type="simple" />
  <link:roleRef roleURI="http://www.apple.com/role/BenefitPlansTables" xlink:href="aapl-20190629.xsd#BenefitPlansTables" xlink:type="simple" />
  <link:roleRef roleURI="http://www.apple.com/role/CommitmentsAndContingencies" xlink:href="aapl-20190629.xsd#CommitmentsAndContingencies" xlink:type="simple" />
  <link:roleRef roleURI="http://www.apple.com/role/CommitmentsAndContingenciesAdditionalInformationDetails" xlink:href="aapl-20190629.xsd#CommitmentsAndContingenciesAdditionalInformationDetails" xlink:type="simple" />
  <link:roleRef roleURI="http://www.apple.com/role/CommitmentsAndContingenciesChangesInAccruedWarrantiesAndRelatedCostsDetails" xlink:href="aapl-20190629.xsd#CommitmentsAndContingenciesChangesInAccruedWarrantiesAndRelatedCostsDetails" xlink:type="simple" />
  <link:roleRef roleURI="http://www.apple.com/role/CommitmentsAndContingenciesTables" xlink:href="aapl-20190629.xsd#CommitmentsAndContingenciesTables" xlink:type="simple" />
  <link:roleRef roleURI="http://www.apple.com/role/ComprehensiveIncome" xlink:href="aapl-20190629.xsd#ComprehensiveIncome" xlink:type="simple" />
  <link:roleRef roleURI="http://www.apple.com/role/ComprehensiveIncomeChangeInAociByComponentDetails" xlink:href="aapl-20190629.xsd#ComprehensiveIncomeChangeInAociByComponentDetails" xlink:type="simple" />
  <link:roleRef roleURI="http://www.apple.com/role/ComprehensiveIncomePreTaxAmountsReclassifiedFromAociIntoCondensedConsolidatedStatementsOfOperationsDetails" xlink:href="aapl-20190629.xsd#ComprehensiveIncomePreTaxAmountsReclassifiedFromAociIntoCondensedConsolidatedStatementsOfOperationsDetails" xlink:type="simple" />
  <link:roleRef roleURI="http://www.apple.com/role/ComprehensiveIncomeTables" xlink:href="aapl-20190629.xsd#ComprehensiveIncomeTables" xlink:type="simple" />
  <link:roleRef roleURI="http://www.apple.com/role/CondensedConsolidatedBalanceSheetsUnaudited" xlink:href="aapl-20190629.xsd#CondensedConsolidatedBalanceSheetsUnaudited" xlink:type="simple" />
  <link:roleRef roleURI="http://www.apple.com/role/CondensedConsolidatedBalanceSheetsUnauditedParenthetical" xlink:href="aapl-20190629.xsd#CondensedConsolidatedBalanceSheetsUnauditedParenthetical" xlink:type="simple" />
  <link:roleRef roleURI="http://www.apple.com/role/CondensedConsolidatedFinancialStatementDetails" xlink:href="aapl-20190629.xsd#CondensedConsolidatedFinancialStatementDetails" xlink:type="simple" />
  <link:roleRef roleURI="http://www.apple.com/role/CondensedConsolidatedFinancialStatementDetailsOtherIncomeExpenseNetDetails" xlink:href="aapl-20190629.xsd#CondensedConsolidatedFinancialStatementDetailsOtherIncomeExpenseNetDetails" xlink:type="simple" />
  <link:roleRef roleURI="http://www.apple.com/role/CondensedConsolidatedFinancialStatementDetailsOtherNonCurrentLiabilitiesDetails" xlink:href="aapl-20190629.xsd#CondensedConsolidatedFinancialStatementDetailsOtherNonCurrentLiabilitiesDetails" xlink:type="simple" />
  <link:roleRef roleURI="http://www.apple.com/role/CondensedConsolidatedFinancialStatementDetailsPropertyPlantAndEquipmentNetDetails" xlink:href="aapl-20190629.xsd#CondensedConsolidatedFinancialStatementDetailsPropertyPlantAndEquipmentNetDetails" xlink:type="simple" />
  <link:roleRef roleURI="http://www.apple.com/role/CondensedConsolidatedFinancialStatementDetailsTables" xlink:href="aapl-20190629.xsd#CondensedConsolidatedFinancialStatementDetailsTables" xlink:type="simple" />
  <link:roleRef roleURI="http://www.apple.com/role/CondensedConsolidatedStatementsOfCashFlowsUnaudited" xlink:href="aapl-20190629.xsd#CondensedConsolidatedStatementsOfCashFlowsUnaudited" xlink:type="simple" />
  <link:roleRef roleURI="http://www.apple.com/role/CondensedConsolidatedStatementsOfComprehensiveIncomeUnaudited" xlink:href="aapl-20190629.xsd#CondensedConsolidatedStatementsOfComprehensiveIncomeUnaudited" xlink:type="simple" />
  <link:roleRef roleURI="http://www.apple.com/role/CondensedConsolidatedStatementsOfOperationsUnaudited" xlink:href="aapl-20190629.xsd#CondensedConsolidatedStatementsOfOperationsUnaudited" xlink:type="simple" />
  <link:roleRef roleURI="http://www.apple.com/role/CondensedConsolidatedStatementsOfShareholdersEquityUnaudited" xlink:href="aapl-20190629.xsd#CondensedConsolidatedStatementsOfShareholdersEquityUnaudited" xlink:type="simple" />
  <link:roleRef roleURI="http://www.apple.com/role/CoverPage" xlink:href="aapl-20190629.xsd#CoverPage" xlink:type="simple" />
  <link:roleRef roleURI="http://www.apple.com/role/Debt" xlink:href="aapl-20190629.xsd#Debt" xlink:type="simple" />
  <link:roleRef roleURI="http://www.apple.com/role/DebtAdditionalInformationDetails" xlink:href="aapl-20190629.xsd#DebtAdditionalInformationDetails" xlink:type="simple" />
  <link:roleRef roleURI="http://www.apple.com/role/DebtSummaryOfCashFlowsAssociatedWithCommercialPaperDetails" xlink:href="aapl-20190629.xsd#DebtSummaryOfCashFlowsAssociatedWithCommercialPaperDetails" xlink:type="simple" />
  <link:roleRef roleURI="http://www.apple.com/role/DebtSummaryOfTermDebtDetails" xlink:href="aapl-20190629.xsd#DebtSummaryOfTermDebtDetails" xlink:type="simple" />
  <link:roleRef roleURI="http://www.apple.com/role/DebtTables" xlink:href="aapl-20190629.xsd#DebtTables" xlink:type="simple" />
  <link:roleRef roleURI="http://www.apple.com/role/FinancialInstruments" xlink:href="aapl-20190629.xsd#FinancialInstruments" xlink:type="simple" />
  <link:roleRef roleURI="http://www.apple.com/role/FinancialInstrumentsAdditionalInformationDetails" xlink:href="aapl-20190629.xsd#FinancialInstrumentsAdditionalInformationDetails" xlink:type="simple" />
  <link:roleRef roleURI="http://www.apple.com/role/FinancialInstrumentsCashCashEquivalentsAndMarketableSecuritiesDetails" xlink:href="aapl-20190629.xsd#FinancialInstrumentsCashCashEquivalentsAndMarketableSecuritiesDetails" xlink:type="simple" />
  <link:roleRef roleURI="http://www.apple.com/role/FinancialInstrumentsDerivativeInstrumentsAtGrossFairValueDetails" xlink:href="aapl-20190629.xsd#FinancialInstrumentsDerivativeInstrumentsAtGrossFairValueDetails" xlink:type="simple" />
  <link:roleRef roleURI="http://www.apple.com/role/FinancialInstrumentsMarketableSecuritiesInContinuousUnrealizedLossPositionDetails" xlink:href="aapl-20190629.xsd#FinancialInstrumentsMarketableSecuritiesInContinuousUnrealizedLossPositionDetails" xlink:type="simple" />
  <link:roleRef roleURI="http://www.apple.com/role/FinancialInstrumentsNotionalAmountsAndCreditRiskAmountsAssociatedWithDerivativeInstrumentsDetails" xlink:href="aapl-20190629.xsd#FinancialInstrumentsNotionalAmountsAndCreditRiskAmountsAssociatedWithDerivativeInstrumentsDetails" xlink:type="simple" />
  <link:roleRef roleURI="http://www.apple.com/role/FinancialInstrumentsPreTaxGainsAndLossesOfDerivativeAndNonDerivativeInstrumentsDesignatedAsHedgesDetails" xlink:href="aapl-20190629.xsd#FinancialInstrumentsPreTaxGainsAndLossesOfDerivativeAndNonDerivativeInstrumentsDesignatedAsHedgesDetails" xlink:type="simple" />
  <link:roleRef roleURI="http://www.apple.com/role/FinancialInstrumentsRestrictedCashDetails" xlink:href="aapl-20190629.xsd#FinancialInstrumentsRestrictedCashDetails" xlink:type="simple" />
  <link:roleRef roleURI="http://www.apple.com/role/FinancialInstrumentsTables" xlink:href="aapl-20190629.xsd#FinancialInstrumentsTables" xlink:type="simple" />
  <link:roleRef roleURI="http://www.apple.com/role/IncomeTaxes" xlink:href="aapl-20190629.xsd#IncomeTaxes" xlink:type="simple" />
  <link:roleRef roleURI="http://www.apple.com/role/IncomeTaxesAdditionalInformationDetails" xlink:href="aapl-20190629.xsd#IncomeTaxesAdditionalInformationDetails" xlink:type="simple" />
  <link:roleRef roleURI="http://www.apple.com/role/RevenueRecognition" xlink:href="aapl-20190629.xsd#RevenueRecognition" xlink:type="simple" />
  <link:roleRef roleURI="http://www.apple.com/role/RevenueRecognitionAdditionalInformationDetails" xlink:href="aapl-20190629.xsd#RevenueRecognitionAdditionalInformationDetails" xlink:type="simple" />
  <link:roleRef roleURI="http://www.apple.com/role/RevenueRecognitionDeferredRevenueExpectedTimingOfRealizationPercentageDetails" xlink:href="aapl-20190629.xsd#RevenueRecognitionDeferredRevenueExpectedTimingOfRealizationPercentageDetails" xlink:type="simple" />
  <link:roleRef roleURI="http://www.apple.com/role/RevenueRecognitionDeferredRevenueExpectedTimingOfRealizationPeriodDetails" xlink:href="aapl-20190629.xsd#RevenueRecognitionDeferredRevenueExpectedTimingOfRealizationPeriodDetails" xlink:type="simple" />
  <link:roleRef roleURI="http://www.apple.com/role/RevenueRecognitionNetSalesDisaggregatedBySignificantProductsAndServicesDetails" xlink:href="aapl-20190629.xsd#RevenueRecognitionNetSalesDisaggregatedBySignificantProductsAndServicesDetails" xlink:type="simple" />
  <link:roleRef roleURI="http://www.apple.com/role/RevenueRecognitionTables" xlink:href="aapl-20190629.xsd#RevenueRecognitionTables" xlink:type="simple" />
  <link:roleRef roleURI="http://www.apple.com/role/SegmentInformationAndGeographicData" xlink:href="aapl-20190629.xsd#SegmentInformationAndGeographicData" xlink:type="simple" />
  <link:roleRef roleURI="http://www.apple.com/role/SegmentInformationAndGeographicDataReconciliationOfSegmentOperatingIncomeToCondensedConsolidatedStatementsOfOperationsDetails" xlink:href="aapl-20190629.xsd#SegmentInformationAndGeographicDataReconciliationOfSegmentOperatingIncomeToCondensedConsolidatedStatementsOfOperationsDetails" xlink:type="simple" />
  <link:roleRef roleURI="http://www.apple.com/role/SegmentInformationAndGeographicDataSummaryInformationByReportableSegmentDetails" xlink:href="aapl-20190629.xsd#SegmentInformationAndGeographicDataSummaryInformationByReportableSegmentDetails" xlink:type="simple" />
  <link:roleRef roleURI="http://www.apple.com/role/SegmentInformationAndGeographicDataTables" xlink:href="aapl-20190629.xsd#SegmentInformationAndGeographicDataTables" xlink:type="simple" />
  <link:roleRef roleURI="http://www.apple.com/role/ShareholdersEquity" xlink:href="aapl-20190629.xsd#ShareholdersEquity" xlink:type="simple" />
  <link:roleRef roleURI="http://www.apple.com/role/ShareholdersEquityAdditionalInformationDetails" xlink:href="aapl-20190629.xsd#ShareholdersEquityAdditionalInformationDetails" xlink:type="simple" />
  <link:roleRef roleURI="http://www.apple.com/role/SummaryOfSignificantAccountingPolicies" xlink:href="aapl-20190629.xsd#SummaryOfSignificantAccountingPolicies" xlink:type="simple" />
  <link:roleRef roleURI="http://www.apple.com/role/SummaryOfSignificantAccountingPoliciesAdditionalInformationDetails" xlink:href="aapl-20190629.xsd#SummaryOfSignificantAccountingPoliciesAdditionalInformationDetails" xlink:type="simple" />
  <link:roleRef roleURI="http://www.apple.com/role/SummaryOfSignificantAccountingPoliciesComputationOfBasicAndDilutedEarningsPerShareDetails" xlink:href="aapl-20190629.xsd#SummaryOfSignificantAccountingPoliciesComputationOfBasicAndDilutedEarningsPerShareDetails" xlink:type="simple" />
  <link:roleRef roleURI="http://www.apple.com/role/SummaryOfSignificantAccountingPoliciesPolicies" xlink:href="aapl-20190629.xsd#SummaryOfSignificantAccountingPoliciesPolicies" xlink:type="simple" />
  <link:roleRef roleURI="http://www.apple.com/role/SummaryOfSignificantAccountingPoliciesTables" xlink:href="aapl-20190629.xsd#SummaryOfSignificantAccountingPoliciesTables" xlink:type="simple" />
  <link:calculationLink xlink:role="http://www.apple.com/role/BenefitPlans" xlink:type="extended" />
  <link:calculationLink xlink:role="http://www.apple.com/role/BenefitPlansAdditionalInformationDetails" xlink:type="extended" />
  <link:calculationLink xlink:role="http://www.apple.com/role/BenefitPlansRestrictedStockUnitsActivityAndRelatedInformationDetails" xlink:type="extended" />
  <link:calculationLink xlink:role="http://www.apple.com/role/BenefitPlansSummaryOfShareBasedCompensationExpenseAndRelatedIncomeTaxBenefitDetails" xlink:type="extended" />
  <link:calculationLink xlink:role="http://www.apple.com/role/BenefitPlansTables" xlink:type="extended" />
  <link:calculationLink xlink:role="http://www.apple.com/role/CommitmentsAndContingencies" xlink:type="extended" />
  <link:calculationLink xlink:role="http://www.apple.com/role/CommitmentsAndContingenciesAdditionalInformationDetails" xlink:type="extended" />
  <link:calculationLink xlink:role="http://www.apple.com/role/CommitmentsAndContingenciesChangesInAccruedWarrantiesAndRelatedCostsDetails" xlink:type="extended" />
  <link:calculationLink xlink:role="http://www.apple.com/role/CommitmentsAndContingenciesTables" xlink:type="extended" />
  <link:calculationLink xlink:role="http://www.apple.com/role/ComprehensiveIncome" xlink:type="extended" />
  <link:calculationLink xlink:role="http://www.apple.com/role/ComprehensiveIncomeChangeInAociByComponentDetails" xlink:type="extended">
    <link:loc xlink:href="http://xbrl.fasb.org/us-gaap/2018/elts/us-gaap-2018-01-31.xsd#us-gaap_OtherComprehensiveIncomeLossNetOfTaxPortionAttributableToParent" xlink:label="loc_us-gaap_OtherComprehensiveIncomeLossNetOfTaxPortionAttributableToParent_59645a08-ce25-9000-2f65-e4bfddb1182e" xlink:type="locator" />
    <link:loc xlink:href="http://xbrl.fasb.org/us-gaap/2018/elts/us-gaap-2018-01-31.xsd#us-gaap_OciBeforeReclassificationsBeforeTaxAttributableToParent" xlink:label="loc_us-gaap_OciBeforeReclassificationsBeforeTaxAttributableToParent_9292fd96-7b9c-f301-2bac-839264a803a4" xlink:type="locator" />
    <link:calculationArc order="1" weight="1" xlink:arcrole="http://www.xbrl.org/2003/arcrole/summation-item" xlink:from="loc_us-gaap_OtherComprehensiveIncomeLossNetOfTaxPortionAttributableToParent_59645a08-ce25-9000-2f65-e4bfddb1182e" xlink:to="loc_us-gaap_OciBeforeReclassificationsBeforeTaxAttributableToParent_9292fd96-7b9c-f301-2bac-839264a803a4" xlink:type="arc" />
    <link:loc xlink:href="http://xbrl.fasb.org/us-gaap/2018/elts/us-gaap-2018-01-31.xsd#us-gaap_ReclassificationFromAociCurrentPeriodBeforeTaxAttributableToParent" xlink:label="loc_us-gaap_ReclassificationFromAociCurrentPeriodBeforeTaxAttributableToParent_5d28d6ba-209a-0c22-0163-0ec0433ec329" xlink:type="locator" />
    <link:calculationArc order="2" weight="-1" xlink:arcrole="http://www.xbrl.org/2003/arcrole/summation-item" xlink:from="loc_us-gaap_OtherComprehensiveIncomeLossNetOfTaxPortionAttributableToParent_59645a08-ce25-9000-2f65-e4bfddb1182e" xlink:to="loc_us-gaap_ReclassificationFromAociCurrentPeriodBeforeTaxAttributableToParent_5d28d6ba-209a-0c22-0163-0ec0433ec329" xlink:type="arc" />
    <link:loc xlink:href="http://xbrl.fasb.org/us-gaap/2018/elts/us-gaap-2018-01-31.xsd#us-gaap_OtherComprehensiveIncomeLossTaxPortionAttributableToParent1" xlink:label="loc_us-gaap_OtherComprehensiveIncomeLossTaxPortionAttributableToParent1_d84f6a7f-e40b-fc44-e6cf-69cd696f9ea9" xlink:type="locator" />
    <link:calculationArc order="3" weight="-1" xlink:arcrole="http://www.xbrl.org/2003/arcrole/summation-item" xlink:from="loc_us-gaap_OtherComprehensiveIncomeLossNetOfTaxPortionAttributableToParent_59645a08-ce25-9000-2f65-e4bfddb1182e" xlink:to="loc_us-gaap_OtherComprehensiveIncomeLossTaxPortionAttributableToParent1_d84f6a7f-e40b-fc44-e6cf-69cd696f9ea9" xlink:type="arc" />
  </link:calculationLink>
  <link:calculationLink xlink:role="http://www.apple.com/role/ComprehensiveIncomePreTaxAmountsReclassifiedFromAociIntoCondensedConsolidatedStatementsOfOperationsDetails" xlink:type="extended" />
  <link:calculationLink xlink:role="http://www.apple.com/role/ComprehensiveIncomeTables" xlink:type="extended" />
  <link:calculationLink xlink:role="http://www.apple.com/role/CondensedConsolidatedBalanceSheetsUnaudited" xlink:type="extended">
    <link:loc xlink:href="http://xbrl.fasb.org/us-gaap/2018/elts/us-gaap-2018-01-31.xsd#us-gaap_LiabilitiesAndStockholdersEquity" xlink:label="loc_us-gaap_LiabilitiesAndStockholdersEquity_63817d40-f759-fa9c-45a5-8bbbb36ed5c9" xlink:type="locator" />
    <link:loc xlink:href="http://xbrl.fasb.org/us-gaap/2018/elts/us-gaap-2018-01-31.xsd#us-gaap_Liabilities" xlink:label="loc_us-gaap_Liabilities_066608da-f041-4af6-3da0-95354b640e11" xlink:type="locator" />
    <link:calculationArc order="1" weight="1" xlink:arcrole="http://www.xbrl.org/2003/arcrole/summation-item" xlink:from="loc_us-gaap_LiabilitiesAndStockholdersEquity_63817d40-f759-fa9c-45a5-8bbbb36ed5c9" xlink:to="loc_us-gaap_Liabilities_066608da-f041-4af6-3da0-95354b640e11" xlink:type="arc" />
    <link:loc xlink:href="http://xbrl.fasb.org/us-gaap/2018/elts/us-gaap-2018-01-31.xsd#us-gaap_LiabilitiesCurrent" xlink:label="loc_us-gaap_LiabilitiesCurrent_2dcbbde2-9146-a0ba-7f6c-c71b481e0841" xlink:type="locator" />
    <link:calculationArc order="1" weight="1" xlink:arcrole="http://www.xbrl.org/2003/arcrole/summation-item" xlink:from="loc_us-gaap_Liabilities_066608da-f041-4af6-3da0-95354b640e11" xlink:to="loc_us-gaap_LiabilitiesCurrent_2dcbbde2-9146-a0ba-7f6c-c71b481e0841" xlink:type="arc" />
    <link:loc xlink:href="http://xbrl.fasb.org/us-gaap/2018/elts/us-gaap-2018-01-31.xsd#us-gaap_AccountsPayableCurrent" xlink:label="loc_us-gaap_AccountsPayableCurrent_c2c48170-d0ff-2c37-effc-ff5f53e30dcb" xlink:type="locator" />
    <link:calculationArc order="1" weight="1" xlink:arcrole="http://www.xbrl.org/2003/arcrole/summation-item" xlink:from="loc_us-gaap_LiabilitiesCurrent_2dcbbde2-9146-a0ba-7f6c-c71b481e0841" xlink:to="loc_us-gaap_AccountsPayableCurrent_c2c48170-d0ff-2c37-effc-ff5f53e30dcb" xlink:type="arc" />
    <link:loc xlink:href="http://xbrl.fasb.org/us-gaap/2018/elts/us-gaap-2018-01-31.xsd#us-gaap_OtherLiabilitiesCurrent" xlink:label="loc_us-gaap_OtherLiabilitiesCurrent_4bcdb937-432e-7a7e-23c2-a441d7b89da5" xlink:type="locator" />
    <link:calculationArc order="2" weight="1" xlink:arcrole="http://www.xbrl.org/2003/arcrole/summation-item" xlink:from="loc_us-gaap_LiabilitiesCurrent_2dcbbde2-9146-a0ba-7f6c-c71b481e0841" xlink:to="loc_us-gaap_OtherLiabilitiesCurrent_4bcdb937-432e-7a7e-23c2-a441d7b89da5" xlink:type="arc" />
    <link:loc xlink:href="http://xbrl.fasb.org/us-gaap/2018/elts/us-gaap-2018-01-31.xsd#us-gaap_ContractWithCustomerLiabilityCurrent" xlink:label="loc_us-gaap_ContractWithCustomerLiabilityCurrent_1beea529-7ff9-f264-77a3-b82530469f83" xlink:type="locator" />
    <link:calculationArc order="3" weight="1" xlink:arcrole="http://www.xbrl.org/2003/arcrole/summation-item" xlink:from="loc_us-gaap_LiabilitiesCurrent_2dcbbde2-9146-a0ba-7f6c-c71b481e0841" xlink:to="loc_us-gaap_ContractWithCustomerLiabilityCurrent_1beea529-7ff9-f264-77a3-b82530469f83" xlink:type="arc" />
    <link:loc xlink:href="http://xbrl.fasb.org/us-gaap/2018/elts/us-gaap-2018-01-31.xsd#us-gaap_CommercialPaper" xlink:label="loc_us-gaap_CommercialPaper_f5834338-e76f-e036-a012-2ec099b46828" xlink:type="locator" />
    <link:calculationArc order="4" weight="1" xlink:arcrole="http://www.xbrl.org/2003/arcrole/summation-item" xlink:from="loc_us-gaap_LiabilitiesCurrent_2dcbbde2-9146-a0ba-7f6c-c71b481e0841" xlink:to="loc_us-gaap_CommercialPaper_f5834338-e76f-e036-a012-2ec099b46828" xlink:type="arc" />
    <link:loc xlink:href="http://xbrl.fasb.org/us-gaap/2018/elts/us-gaap-2018-01-31.xsd#us-gaap_LongTermDebtCurrent" xlink:label="loc_us-gaap_LongTermDebtCurrent_0d8925ae-714a-26e4-aa69-2d9eac65a5c6" xlink:type="locator" />
    <link:calculationArc order="5" weight="1" xlink:arcrole="http://www.xbrl.org/2003/arcrole/summation-item" xlink:from="loc_us-gaap_LiabilitiesCurrent_2dcbbde2-9146-a0ba-7f6c-c71b481e0841" xlink:to="loc_us-gaap_LongTermDebtCurrent_0d8925ae-714a-26e4-aa69-2d9eac65a5c6" xlink:type="arc" />
    <link:loc xlink:href="http://xbrl.fasb.org/us-gaap/2018/elts/us-gaap-2018-01-31.xsd#us-gaap_LiabilitiesNoncurrent" xlink:label="loc_us-gaap_LiabilitiesNoncurrent_f7f6a3c1-4b60-6e47-4dbc-badebe1fbd2c" xlink:type="locator" />
    <link:calculationArc order="2" weight="1" xlink:arcrole="http://www.xbrl.org/2003/arcrole/summation-item" xlink:from="loc_us-gaap_Liabilities_066608da-f041-4af6-3da0-95354b640e11" xlink:to="loc_us-gaap_LiabilitiesNoncurrent_f7f6a3c1-4b60-6e47-4dbc-badebe1fbd2c" xlink:type="arc" />
    <link:loc xlink:href="http://xbrl.fasb.org/us-gaap/2018/elts/us-gaap-2018-01-31.xsd#us-gaap_LongTermDebtNoncurrent" xlink:label="loc_us-gaap_LongTermDebtNoncurrent_fcfc6b17-bfc5-2ebc-3fc1-751aa446a572" xlink:type="locator" />
    <link:calculationArc order="1" weight="1" xlink:arcrole="http://www.xbrl.org/2003/arcrole/summation-item" xlink:from="loc_us-gaap_LiabilitiesNoncurrent_f7f6a3c1-4b60-6e47-4dbc-badebe1fbd2c" xlink:to="loc_us-gaap_LongTermDebtNoncurrent_fcfc6b17-bfc5-2ebc-3fc1-751aa446a572" xlink:type="arc" />
    <link:loc xlink:href="http://xbrl.fasb.org/us-gaap/2018/elts/us-gaap-2018-01-31.xsd#us-gaap_OtherLiabilitiesNoncurrent" xlink:label="loc_us-gaap_OtherLiabilitiesNoncurrent_bba08e5f-78e8-6c25-01a4-6720051135cc" xlink:type="locator" />
    <link:calculationArc order="2" weight="1" xlink:arcrole="http://www.xbrl.org/2003/arcrole/summation-item" xlink:from="loc_us-gaap_LiabilitiesNoncurrent_f7f6a3c1-4b60-6e47-4dbc-badebe1fbd2c" xlink:to="loc_us-gaap_OtherLiabilitiesNoncurrent_bba08e5f-78e8-6c25-01a4-6720051135cc" xlink:type="arc" />
    <link:loc xlink:href="http://xbrl.fasb.org/us-gaap/2018/elts/us-gaap-2018-01-31.xsd#us-gaap_CommitmentsAndContingencies" xlink:label="loc_us-gaap_CommitmentsAndContingencies_f0c68f4f-7ec1-d447-8ba7-0f2766abbe67" xlink:type="locator" />
    <link:calculationArc order="2" weight="1" xlink:arcrole="http://www.xbrl.org/2003/arcrole/summation-item" xlink:from="loc_us-gaap_LiabilitiesAndStockholdersEquity_63817d40-f759-fa9c-45a5-8bbbb36ed5c9" xlink:to="loc_us-gaap_CommitmentsAndContingencies_f0c68f4f-7ec1-d447-8ba7-0f2766abbe67" xlink:type="arc" />
    <link:loc xlink:href="http://xbrl.fasb.org/us-gaap/2018/elts/us-gaap-2018-01-31.xsd#us-gaap_StockholdersEquity" xlink:label="loc_us-gaap_StockholdersEquity_6765f135-8c69-bebc-a116-d59a52a5b2f2" xlink:type="locator" />
    <link:calculationArc order="3" weight="1" xlink:arcrole="http://www.xbrl.org/2003/arcrole/summation-item" xlink:from="loc_us-gaap_LiabilitiesAndStockholdersEquity_63817d40-f759-fa9c-45a5-8bbbb36ed5c9" xlink:to="loc_us-gaap_StockholdersEquity_6765f135-8c69-bebc-a116-d59a52a5b2f2" xlink:type="arc" />
    <link:loc xlink:href="http://xbrl.fasb.org/us-gaap/2018/elts/us-gaap-2018-01-31.xsd#us-gaap_CommonStocksIncludingAdditionalPaidInCapital" xlink:label="loc_us-gaap_CommonStocksIncludingAdditionalPaidInCapital_c728a93e-bc92-8f37-3759-4a6b3dc0bbda" xlink:type="locator" />
    <link:calculationArc order="1" weight="1" xlink:arcrole="http://www.xbrl.org/2003/arcrole/summation-item" xlink:from="loc_us-gaap_StockholdersEquity_6765f135-8c69-bebc-a116-d59a52a5b2f2" xlink:to="loc_us-gaap_CommonStocksIncludingAdditionalPaidInCapital_c728a93e-bc92-8f37-3759-4a6b3dc0bbda" xlink:type="arc" />
    <link:loc xlink:href="http://xbrl.fasb.org/us-gaap/2018/elts/us-gaap-2018-01-31.xsd#us-gaap_RetainedEarningsAccumulatedDeficit" xlink:label="loc_us-gaap_RetainedEarningsAccumulatedDeficit_a59bc5ae-63a0-c9bc-32f7-e2bd9f32bd26" xlink:type="locator" />
    <link:calculationArc order="2" weight="1" xlink:arcrole="http://www.xbrl.org/2003/arcrole/summation-item" xlink:from="loc_us-gaap_StockholdersEquity_6765f135-8c69-bebc-a116-d59a52a5b2f2" xlink:to="loc_us-gaap_RetainedEarningsAccumulatedDeficit_a59bc5ae-63a0-c9bc-32f7-e2bd9f32bd26" xlink:type="arc" />
    <link:loc xlink:href="http://xbrl.fasb.org/us-gaap/2018/elts/us-gaap-2018-01-31.xsd#us-gaap_AccumulatedOtherComprehensiveIncomeLossNetOfTax" xlink:label="loc_us-gaap_AccumulatedOtherComprehensiveIncomeLossNetOfTax_798442bf-12e1-d944-3fa1-8b797b67482e" xlink:type="locator" />
    <link:calculationArc order="3" weight="1" xlink:arcrole="http://www.xbrl.org/2003/arcrole/summation-item" xlink:from="loc_us-gaap_StockholdersEquity_6765f135-8c69-bebc-a116-d59a52a5b2f2" xlink:to="loc_us-gaap_AccumulatedOtherComprehensiveIncomeLossNetOfTax_798442bf-12e1-d944-3fa1-8b797b67482e" xlink:type="arc" />
    <link:loc xlink:href="http://xbrl.fasb.org/us-gaap/2018/elts/us-gaap-2018-01-31.xsd#us-gaap_Assets" xlink:label="loc_us-gaap_Assets_96dd7052-744e-d270-4e77-67944ec39152" xlink:type="locator" />
    <link:loc xlink:href="http://xbrl.fasb.org/us-gaap/2018/elts/us-gaap-2018-01-31.xsd#us-gaap_AssetsCurrent" xlink:label="loc_us-gaap_AssetsCurrent_d79dcc1c-93de-0ecd-2bd5-7c1f224c9b98" xlink:type="locator" />
    <link:calculationArc order="1" weight="1" xlink:arcrole="http://www.xbrl.org/2003/arcrole/summation-item" xlink:from="loc_us-gaap_Assets_96dd7052-744e-d270-4e77-67944ec39152" xlink:to="loc_us-gaap_AssetsCurrent_d79dcc1c-93de-0ecd-2bd5-7c1f224c9b98" xlink:type="arc" />
    <link:loc xlink:href="http://xbrl.fasb.org/us-gaap/2018/elts/us-gaap-2018-01-31.xsd#us-gaap_CashAndCashEquivalentsAtCarryingValue" xlink:label="loc_us-gaap_CashAndCashEquivalentsAtCarryingValue_32f41ea9-05c6-e713-464b-586a571d1c1f" xlink:type="locator" />
    <link:calculationArc order="1" weight="1" xlink:arcrole="http://www.xbrl.org/2003/arcrole/summation-item" xlink:from="loc_us-gaap_AssetsCurrent_d79dcc1c-93de-0ecd-2bd5-7c1f224c9b98" xlink:to="loc_us-gaap_CashAndCashEquivalentsAtCarryingValue_32f41ea9-05c6-e713-464b-586a571d1c1f" xlink:type="arc" />
    <link:loc xlink:href="http://xbrl.fasb.org/us-gaap/2018/elts/us-gaap-2018-01-31.xsd#us-gaap_MarketableSecuritiesCurrent" xlink:label="loc_us-gaap_MarketableSecuritiesCurrent_50b1a6be-f082-bfa3-60b7-afefe9f63cb5" xlink:type="locator" />
    <link:calculationArc order="2" weight="1" xlink:arcrole="http://www.xbrl.org/2003/arcrole/summation-item" xlink:from="loc_us-gaap_AssetsCurrent_d79dcc1c-93de-0ecd-2bd5-7c1f224c9b98" xlink:to="loc_us-gaap_MarketableSecuritiesCurrent_50b1a6be-f082-bfa3-60b7-afefe9f63cb5" xlink:type="arc" />
    <link:loc xlink:href="http://xbrl.fasb.org/us-gaap/2018/elts/us-gaap-2018-01-31.xsd#us-gaap_AccountsReceivableNetCurrent" xlink:label="loc_us-gaap_AccountsReceivableNetCurrent_928a1618-af56-709a-989c-a303706b8ca2" xlink:type="locator" />
    <link:calculationArc order="3" weight="1" xlink:arcrole="http://www.xbrl.org/2003/arcrole/summation-item" xlink:from="loc_us-gaap_AssetsCurrent_d79dcc1c-93de-0ecd-2bd5-7c1f224c9b98" xlink:to="loc_us-gaap_AccountsReceivableNetCurrent_928a1618-af56-709a-989c-a303706b8ca2" xlink:type="arc" />
    <link:loc xlink:href="http://xbrl.fasb.org/us-gaap/2018/elts/us-gaap-2018-01-31.xsd#us-gaap_InventoryNet" xlink:label="loc_us-gaap_InventoryNet_66bcd79a-a1c3-c24d-b8b4-7a0ce373714b" xlink:type="locator" />
    <link:calculationArc order="4" weight="1" xlink:arcrole="http://www.xbrl.org/2003/arcrole/summation-item" xlink:from="loc_us-gaap_AssetsCurrent_d79dcc1c-93de-0ecd-2bd5-7c1f224c9b98" xlink:to="loc_us-gaap_InventoryNet_66bcd79a-a1c3-c24d-b8b4-7a0ce373714b" xlink:type="arc" />
    <link:loc xlink:href="http://xbrl.fasb.org/us-gaap/2018/elts/us-gaap-2018-01-31.xsd#us-gaap_NontradeReceivablesCurrent" xlink:label="loc_us-gaap_NontradeReceivablesCurrent_f3444584-150c-0aec-2bcd-11fe16a16a33" xlink:type="locator" />
    <link:calculationArc order="5" weight="1" xlink:arcrole="http://www.xbrl.org/2003/arcrole/summation-item" xlink:from="loc_us-gaap_AssetsCurrent_d79dcc1c-93de-0ecd-2bd5-7c1f224c9b98" xlink:to="loc_us-gaap_NontradeReceivablesCurrent_f3444584-150c-0aec-2bcd-11fe16a16a33" xlink:type="arc" />
    <link:loc xlink:href="http://xbrl.fasb.org/us-gaap/2018/elts/us-gaap-2018-01-31.xsd#us-gaap_OtherAssetsCurrent" xlink:label="loc_us-gaap_OtherAssetsCurrent_79aabdc0-b963-1fd1-4e81-8c0801b1ebca" xlink:type="locator" />
    <link:calculationArc order="6" weight="1" xlink:arcrole="http://www.xbrl.org/2003/arcrole/summation-item" xlink:from="loc_us-gaap_AssetsCurrent_d79dcc1c-93de-0ecd-2bd5-7c1f224c9b98" xlink:to="loc_us-gaap_OtherAssetsCurrent_79aabdc0-b963-1fd1-4e81-8c0801b1ebca" xlink:type="arc" />
    <link:loc xlink:href="http://xbrl.fasb.org/us-gaap/2018/elts/us-gaap-2018-01-31.xsd#us-gaap_AssetsNoncurrent" xlink:label="loc_us-gaap_AssetsNoncurrent_373faef4-833e-df87-f6fb-b7d79ca77258" xlink:type="locator" />
    <link:calculationArc order="2" weight="1" xlink:arcrole="http://www.xbrl.org/2003/arcrole/summation-item" xlink:from="loc_us-gaap_Assets_96dd7052-744e-d270-4e77-67944ec39152" xlink:to="loc_us-gaap_AssetsNoncurrent_373faef4-833e-df87-f6fb-b7d79ca77258" xlink:type="arc" />
    <link:loc xlink:href="http://xbrl.fasb.org/us-gaap/2018/elts/us-gaap-2018-01-31.xsd#us-gaap_MarketableSecuritiesNoncurrent" xlink:label="loc_us-gaap_MarketableSecuritiesNoncurrent_ae96910d-f6c0-5dcf-e4f9-4ecf264ba7c7" xlink:type="locator" />
    <link:calculationArc order="1" weight="1" xlink:arcrole="http://www.xbrl.org/2003/arcrole/summation-item" xlink:from="loc_us-gaap_AssetsNoncurrent_373faef4-833e-df87-f6fb-b7d79ca77258" xlink:to="loc_us-gaap_MarketableSecuritiesNoncurrent_ae96910d-f6c0-5dcf-e4f9-4ecf264ba7c7" xlink:type="arc" />
    <link:loc xlink:href="http://xbrl.fasb.org/us-gaap/2018/elts/us-gaap-2018-01-31.xsd#us-gaap_PropertyPlantAndEquipmentNet" xlink:label="loc_us-gaap_PropertyPlantAndEquipmentNet_f37ad080-c77a-efc5-c936-389b16abc420" xlink:type="locator" />
    <link:calculationArc order="2" weight="1" xlink:arcrole="http://www.xbrl.org/2003/arcrole/summation-item" xlink:from="loc_us-gaap_AssetsNoncurrent_373faef4-833e-df87-f6fb-b7d79ca77258" xlink:to="loc_us-gaap_PropertyPlantAndEquipmentNet_f37ad080-c77a-efc5-c936-389b16abc420" xlink:type="arc" />
    <link:loc xlink:href="http://xbrl.fasb.org/us-gaap/2018/elts/us-gaap-2018-01-31.xsd#us-gaap_OtherAssetsNoncurrent" xlink:label="loc_us-gaap_OtherAssetsNoncurrent_ddb0d184-2205-2a10-5b0e-faf2ccd717ae" xlink:type="locator" />
    <link:calculationArc order="3" weight="1" xlink:arcrole="http://www.xbrl.org/2003/arcrole/summation-item" xlink:from="loc_us-gaap_AssetsNoncurrent_373faef4-833e-df87-f6fb-b7d79ca77258" xlink:to="loc_us-gaap_OtherAssetsNoncurrent_ddb0d184-2205-2a10-5b0e-faf2ccd717ae" xlink:type="arc" />
  </link:calculationLink>
  <link:calculationLink xlink:role="http://www.apple.com/role/CondensedConsolidatedBalanceSheetsUnauditedParenthetical" xlink:type="extended" />
  <link:calculationLink xlink:role="http://www.apple.com/role/CondensedConsolidatedFinancialStatementDetails" xlink:type="extended" />
  <link:calculationLink xlink:role="http://www.apple.com/role/CondensedConsolidatedFinancialStatementDetailsOtherIncomeExpenseNetDetails" xlink:type="extended">
    <link:loc xlink:href="http://xbrl.fasb.org/us-gaap/2018/elts/us-gaap-2018-01-31.xsd#us-gaap_NonoperatingIncomeExpense" xlink:label="loc_us-gaap_NonoperatingIncomeExpense_c5398800-6e68-ed86-a47c-16106e0730c2" xlink:type="locator" />
    <link:loc xlink:href="http://xbrl.fasb.org/us-gaap/2018/elts/us-gaap-2018-01-31.xsd#us-gaap_InvestmentIncomeInterestAndDividend" xlink:label="loc_us-gaap_InvestmentIncomeInterestAndDividend_7267cf96-41e4-1138-f484-44ab662a687e" xlink:type="locator" />
    <link:calculationArc order="1" weight="1" xlink:arcrole="http://www.xbrl.org/2003/arcrole/summation-item" xlink:from="loc_us-gaap_NonoperatingIncomeExpense_c5398800-6e68-ed86-a47c-16106e0730c2" xlink:to="loc_us-gaap_InvestmentIncomeInterestAndDividend_7267cf96-41e4-1138-f484-44ab662a687e" xlink:type="arc" />
    <link:loc xlink:href="http://xbrl.fasb.org/us-gaap/2018/elts/us-gaap-2018-01-31.xsd#us-gaap_InterestExpense" xlink:label="loc_us-gaap_InterestExpense_a56b34b7-57ab-a07c-7f03-8366849a14f0" xlink:type="locator" />
    <link:calculationArc order="2" weight="-1" xlink:arcrole="http://www.xbrl.org/2003/arcrole/summation-item" xlink:from="loc_us-gaap_NonoperatingIncomeExpense_c5398800-6e68-ed86-a47c-16106e0730c2" xlink:to="loc_us-gaap_InterestExpense_a56b34b7-57ab-a07c-7f03-8366849a14f0" xlink:type="arc" />
    <link:loc xlink:href="http://xbrl.fasb.org/us-gaap/2018/elts/us-gaap-2018-01-31.xsd#us-gaap_OtherNonoperatingIncomeExpense" xlink:label="loc_us-gaap_OtherNonoperatingIncomeExpense_41e96f8d-e499-8de8-69a8-27f1c7d4df6e" xlink:type="locator" />
    <link:calculationArc order="3" weight="1" xlink:arcrole="http://www.xbrl.org/2003/arcrole/summation-item" xlink:from="loc_us-gaap_NonoperatingIncomeExpense_c5398800-6e68-ed86-a47c-16106e0730c2" xlink:to="loc_us-gaap_OtherNonoperatingIncomeExpense_41e96f8d-e499-8de8-69a8-27f1c7d4df6e" xlink:type="arc" />
  </link:calculationLink>
  <link:calculationLink xlink:role="http://www.apple.com/role/CondensedConsolidatedFinancialStatementDetailsOtherNonCurrentLiabilitiesDetails" xlink:type="extended">
    <link:loc xlink:href="http://xbrl.fasb.org/us-gaap/2018/elts/us-gaap-2018-01-31.xsd#us-gaap_OtherLiabilitiesNoncurrent" xlink:label="loc_us-gaap_OtherLiabilitiesNoncurrent_bba08e5f-78e8-6c25-01a4-6720051135cc" xlink:type="locator" />
    <link:loc xlink:href="http://xbrl.fasb.org/us-gaap/2018/elts/us-gaap-2018-01-31.xsd#us-gaap_AccruedIncomeTaxesNoncurrent" xlink:label="loc_us-gaap_AccruedIncomeTaxesNoncurrent_038eb834-7e54-623e-3e06-083f07a31a1f" xlink:type="locator" />
    <link:calculationArc order="1" weight="1" xlink:arcrole="http://www.xbrl.org/2003/arcrole/summation-item" xlink:from="loc_us-gaap_OtherLiabilitiesNoncurrent_bba08e5f-78e8-6c25-01a4-6720051135cc" xlink:to="loc_us-gaap_AccruedIncomeTaxesNoncurrent_038eb834-7e54-623e-3e06-083f07a31a1f" xlink:type="arc" />
    <link:loc xlink:href="http://xbrl.fasb.org/us-gaap/2018/elts/us-gaap-2018-01-31.xsd#us-gaap_OtherAccruedLiabilitiesNoncurrent" xlink:label="loc_us-gaap_OtherAccruedLiabilitiesNoncurrent_278c7367-7f7a-9e5b-9c31-1041c7d59096" xlink:type="locator" />
    <link:calculationArc order="2" weight="1" xlink:arcrole="http://www.xbrl.org/2003/arcrole/summation-item" xlink:from="loc_us-gaap_OtherLiabilitiesNoncurrent_bba08e5f-78e8-6c25-01a4-6720051135cc" xlink:to="loc_us-gaap_OtherAccruedLiabilitiesNoncurrent_278c7367-7f7a-9e5b-9c31-1041c7d59096" xlink:type="arc" />
  </link:calculationLink>
  <link:calculationLink xlink:role="http://www.apple.com/role/CondensedConsolidatedFinancialStatementDetailsPropertyPlantAndEquipmentNetDetails" xlink:type="extended">
    <link:loc xlink:href="http://xbrl.fasb.org/us-gaap/2018/elts/us-gaap-2018-01-31.xsd#us-gaap_PropertyPlantAndEquipmentNet" xlink:label="loc_us-gaap_PropertyPlantAndEquipmentNet_f37ad080-c77a-efc5-c936-389b16abc420" xlink:type="locator" />
    <link:loc xlink:href="http://xbrl.fasb.org/us-gaap/2018/elts/us-gaap-2018-01-31.xsd#us-gaap_PropertyPlantAndEquipmentGross" xlink:label="loc_us-gaap_PropertyPlantAndEquipmentGross_78662f7f-2a6a-5d68-ba8a-7947ed287be5" xlink:type="locator" />
    <link:calculationArc order="1" weight="1" xlink:arcrole="http://www.xbrl.org/2003/arcrole/summation-item" xlink:from="loc_us-gaap_PropertyPlantAndEquipmentNet_f37ad080-c77a-efc5-c936-389b16abc420" xlink:to="loc_us-gaap_PropertyPlantAndEquipmentGross_78662f7f-2a6a-5d68-ba8a-7947ed287be5" xlink:type="arc" />
    <link:loc xlink:href="http://xbrl.fasb.org/us-gaap/2018/elts/us-gaap-2018-01-31.xsd#us-gaap_AccumulatedDepreciationDepletionAndAmortizationPropertyPlantAndEquipment" xlink:label="loc_us-gaap_AccumulatedDepreciationDepletionAndAmortizationPropertyPlantAndEquipment_0a08cda9-11b3-e7ac-3fc9-3a23c67d9b96" xlink:type="locator" />
    <link:calculationArc order="2" weight="-1" xlink:arcrole="http://www.xbrl.org/2003/arcrole/summation-item" xlink:from="loc_us-gaap_PropertyPlantAndEquipmentNet_f37ad080-c77a-efc5-c936-389b16abc420" xlink:to="loc_us-gaap_AccumulatedDepreciationDepletionAndAmortizationPropertyPlantAndEquipment_0a08cda9-11b3-e7ac-3fc9-3a23c67d9b96" xlink:type="arc" />
  </link:calculationLink>
  <link:calculationLink xlink:role="http://www.apple.com/role/CondensedConsolidatedFinancialStatementDetailsTables" xlink:type="extended" />
  <link:calculationLink xlink:role="http://www.apple.com/role/CondensedConsolidatedStatementsOfCashFlowsUnaudited" xlink:type="extended">
    <link:loc xlink:href="http://xbrl.fasb.org/us-gaap/2018/elts/us-gaap-2018-01-31.xsd#us-gaap_CashCashEquivalentsRestrictedCashAndRestrictedCashEquivalentsPeriodIncreaseDecreaseIncludingExchangeRateEffect" xlink:label="loc_us-gaap_CashCashEquivalentsRestrictedCashAndRestrictedCashEquivalentsPeriodIncreaseDecreaseIncludingExchangeRateEffect_9743d583-dfae-6ae9-f133-a1e331df792c" xlink:type="locator" />
    <link:loc xlink:href="http://xbrl.fasb.org/us-gaap/2018/elts/us-gaap-2018-01-31.xsd#us-gaap_NetCashProvidedByUsedInOperatingActivities" xlink:label="loc_us-gaap_NetCashProvidedByUsedInOperatingActivities_1bd0bd4e-4a6f-b052-029c-0ecb0c520251" xlink:type="locator" />
    <link:calculationArc order="1" weight="1" xlink:arcrole="http://www.xbrl.org/2003/arcrole/summation-item" xlink:from="loc_us-gaap_CashCashEquivalentsRestrictedCashAndRestrictedCashEquivalentsPeriodIncreaseDecreaseIncludingExchangeRateEffect_9743d583-dfae-6ae9-f133-a1e331df792c" xlink:to="loc_us-gaap_NetCashProvidedByUsedInOperatingActivities_1bd0bd4e-4a6f-b052-029c-0ecb0c520251" xlink:type="arc" />
    <link:loc xlink:href="http://xbrl.fasb.org/us-gaap/2018/elts/us-gaap-2018-01-31.xsd#us-gaap_NetIncomeLoss" xlink:label="loc_us-gaap_NetIncomeLoss_a10eea14-f4db-3125-d183-77bb54500e95" xlink:type="locator" />
    <link:calculationArc order="1" weight="1" xlink:arcrole="http://www.xbrl.org/2003/arcrole/summation-item" xlink:from="loc_us-gaap_NetCashProvidedByUsedInOperatingActivities_1bd0bd4e-4a6f-b052-029c-0ecb0c520251" xlink:to="loc_us-gaap_NetIncomeLoss_a10eea14-f4db-3125-d183-77bb54500e95" xlink:type="arc" />
    <link:loc xlink:href="http://xbrl.fasb.org/us-gaap/2018/elts/us-gaap-2018-01-31.xsd#us-gaap_DepreciationDepletionAndAmortization" xlink:label="loc_us-gaap_DepreciationDepletionAndAmortization_b11c1cb0-596b-4c3d-0283-76cef67837c7" xlink:type="locator" />
    <link:calculationArc order="2" weight="1" xlink:arcrole="http://www.xbrl.org/2003/arcrole/summation-item" xlink:from="loc_us-gaap_NetCashProvidedByUsedInOperatingActivities_1bd0bd4e-4a6f-b052-029c-0ecb0c520251" xlink:to="loc_us-gaap_DepreciationDepletionAndAmortization_b11c1cb0-596b-4c3d-0283-76cef67837c7" xlink:type="arc" />
    <link:loc xlink:href="http://xbrl.fasb.org/us-gaap/2018/elts/us-gaap-2018-01-31.xsd#us-gaap_ShareBasedCompensation" xlink:label="loc_us-gaap_ShareBasedCompensation_90cbc3ab-f555-6407-b3b4-b2bfa84c9f18" xlink:type="locator" />
    <link:calculationArc order="3" weight="1" xlink:arcrole="http://www.xbrl.org/2003/arcrole/summation-item" xlink:from="loc_us-gaap_NetCashProvidedByUsedInOperatingActivities_1bd0bd4e-4a6f-b052-029c-0ecb0c520251" xlink:to="loc_us-gaap_ShareBasedCompensation_90cbc3ab-f555-6407-b3b4-b2bfa84c9f18" xlink:type="arc" />
    <link:loc xlink:href="http://xbrl.fasb.org/us-gaap/2018/elts/us-gaap-2018-01-31.xsd#us-gaap_DeferredIncomeTaxExpenseBenefit" xlink:label="loc_us-gaap_DeferredIncomeTaxExpenseBenefit_e8a9abf2-38d3-77d1-fb6b-693fef632294" xlink:type="locator" />
    <link:calculationArc order="4" weight="1" xlink:arcrole="http://www.xbrl.org/2003/arcrole/summation-item" xlink:from="loc_us-gaap_NetCashProvidedByUsedInOperatingActivities_1bd0bd4e-4a6f-b052-029c-0ecb0c520251" xlink:to="loc_us-gaap_DeferredIncomeTaxExpenseBenefit_e8a9abf2-38d3-77d1-fb6b-693fef632294" xlink:type="arc" />
    <link:loc xlink:href="http://xbrl.fasb.org/us-gaap/2018/elts/us-gaap-2018-01-31.xsd#us-gaap_OtherNoncashIncomeExpense" xlink:label="loc_us-gaap_OtherNoncashIncomeExpense_29b0a481-c653-23c1-27cf-114dadcce1af" xlink:type="locator" />
    <link:calculationArc order="5" weight="-1" xlink:arcrole="http://www.xbrl.org/2003/arcrole/summation-item" xlink:from="loc_us-gaap_NetCashProvidedByUsedInOperatingActivities_1bd0bd4e-4a6f-b052-029c-0ecb0c520251" xlink:to="loc_us-gaap_OtherNoncashIncomeExpense_29b0a481-c653-23c1-27cf-114dadcce1af" xlink:type="arc" />
    <link:loc xlink:href="http://xbrl.fasb.org/us-gaap/2018/elts/us-gaap-2018-01-31.xsd#us-gaap_IncreaseDecreaseInAccountsReceivable" xlink:label="loc_us-gaap_IncreaseDecreaseInAccountsReceivable_5f96c19e-85fe-99f6-cec0-c2c9d7470ed4" xlink:type="locator" />
    <link:calculationArc order="6" weight="-1" xlink:arcrole="http://www.xbrl.org/2003/arcrole/summation-item" xlink:from="loc_us-gaap_NetCashProvidedByUsedInOperatingActivities_1bd0bd4e-4a6f-b052-029c-0ecb0c520251" xlink:to="loc_us-gaap_IncreaseDecreaseInAccountsReceivable_5f96c19e-85fe-99f6-cec0-c2c9d7470ed4" xlink:type="arc" />
    <link:loc xlink:href="http://xbrl.fasb.org/us-gaap/2018/elts/us-gaap-2018-01-31.xsd#us-gaap_IncreaseDecreaseInInventories" xlink:label="loc_us-gaap_IncreaseDecreaseInInventories_334f1d33-7cae-7fd2-9d83-bb387fc2f3dd" xlink:type="locator" />
    <link:calculationArc order="7" weight="-1" xlink:arcrole="http://www.xbrl.org/2003/arcrole/summation-item" xlink:from="loc_us-gaap_NetCashProvidedByUsedInOperatingActivities_1bd0bd4e-4a6f-b052-029c-0ecb0c520251" xlink:to="loc_us-gaap_IncreaseDecreaseInInventories_334f1d33-7cae-7fd2-9d83-bb387fc2f3dd" xlink:type="arc" />
    <link:loc xlink:href="http://xbrl.fasb.org/us-gaap/2018/elts/us-gaap-2018-01-31.xsd#us-gaap_IncreaseDecreaseInOtherReceivables" xlink:label="loc_us-gaap_IncreaseDecreaseInOtherReceivables_5c03a9d6-b8ac-bbf3-746c-c7ea8b29c405" xlink:type="locator" />
    <link:calculationArc order="8" weight="-1" xlink:arcrole="http://www.xbrl.org/2003/arcrole/summation-item" xlink:from="loc_us-gaap_NetCashProvidedByUsedInOperatingActivities_1bd0bd4e-4a6f-b052-029c-0ecb0c520251" xlink:to="loc_us-gaap_IncreaseDecreaseInOtherReceivables_5c03a9d6-b8ac-bbf3-746c-c7ea8b29c405" xlink:type="arc" />
    <link:loc xlink:href="http://xbrl.fasb.org/us-gaap/2018/elts/us-gaap-2018-01-31.xsd#us-gaap_IncreaseDecreaseInOtherOperatingAssets" xlink:label="loc_us-gaap_IncreaseDecreaseInOtherOperatingAssets_d54a644c-3d3c-bcc1-da30-2f136651f90f" xlink:type="locator" />
    <link:calculationArc order="9" weight="-1" xlink:arcrole="http://www.xbrl.org/2003/arcrole/summation-item" xlink:from="loc_us-gaap_NetCashProvidedByUsedInOperatingActivities_1bd0bd4e-4a6f-b052-029c-0ecb0c520251" xlink:to="loc_us-gaap_IncreaseDecreaseInOtherOperatingAssets_d54a644c-3d3c-bcc1-da30-2f136651f90f" xlink:type="arc" />
    <link:loc xlink:href="http://xbrl.fasb.org/us-gaap/2018/elts/us-gaap-2018-01-31.xsd#us-gaap_IncreaseDecreaseInAccountsPayable" xlink:label="loc_us-gaap_IncreaseDecreaseInAccountsPayable_0a39d2ee-656d-ead5-a676-41794b4da8f4" xlink:type="locator" />
    <link:calculationArc order="10" weight="1" xlink:arcrole="http://www.xbrl.org/2003/arcrole/summation-item" xlink:from="loc_us-gaap_NetCashProvidedByUsedInOperatingActivities_1bd0bd4e-4a6f-b052-029c-0ecb0c520251" xlink:to="loc_us-gaap_IncreaseDecreaseInAccountsPayable_0a39d2ee-656d-ead5-a676-41794b4da8f4" xlink:type="arc" />
    <link:loc xlink:href="http://xbrl.fasb.org/us-gaap/2018/elts/us-gaap-2018-01-31.xsd#us-gaap_IncreaseDecreaseInContractWithCustomerLiability" xlink:label="loc_us-gaap_IncreaseDecreaseInContractWithCustomerLiability_7d3f88de-7d0f-fe63-f176-2a8af9ecbcbd" xlink:type="locator" />
    <link:calculationArc order="11" weight="1" xlink:arcrole="http://www.xbrl.org/2003/arcrole/summation-item" xlink:from="loc_us-gaap_NetCashProvidedByUsedInOperatingActivities_1bd0bd4e-4a6f-b052-029c-0ecb0c520251" xlink:to="loc_us-gaap_IncreaseDecreaseInContractWithCustomerLiability_7d3f88de-7d0f-fe63-f176-2a8af9ecbcbd" xlink:type="arc" />
    <link:loc xlink:href="http://xbrl.fasb.org/us-gaap/2018/elts/us-gaap-2018-01-31.xsd#us-gaap_IncreaseDecreaseInOtherOperatingLiabilities" xlink:label="loc_us-gaap_IncreaseDecreaseInOtherOperatingLiabilities_a039d388-4db8-a076-4618-28899f6ce801" xlink:type="locator" />
    <link:calculationArc order="12" weight="1" xlink:arcrole="http://www.xbrl.org/2003/arcrole/summation-item" xlink:from="loc_us-gaap_NetCashProvidedByUsedInOperatingActivities_1bd0bd4e-4a6f-b052-029c-0ecb0c520251" xlink:to="loc_us-gaap_IncreaseDecreaseInOtherOperatingLiabilities_a039d388-4db8-a076-4618-28899f6ce801" xlink:type="arc" />
    <link:loc xlink:href="http://xbrl.fasb.org/us-gaap/2018/elts/us-gaap-2018-01-31.xsd#us-gaap_NetCashProvidedByUsedInInvestingActivities" xlink:label="loc_us-gaap_NetCashProvidedByUsedInInvestingActivities_28655e34-499f-b7bf-c54f-5de0990d0c65" xlink:type="locator" />
    <link:calculationArc order="2" weight="1" xlink:arcrole="http://www.xbrl.org/2003/arcrole/summation-item" xlink:from="loc_us-gaap_CashCashEquivalentsRestrictedCashAndRestrictedCashEquivalentsPeriodIncreaseDecreaseIncludingExchangeRateEffect_9743d583-dfae-6ae9-f133-a1e331df792c" xlink:to="loc_us-gaap_NetCashProvidedByUsedInInvestingActivities_28655e34-499f-b7bf-c54f-5de0990d0c65" xlink:type="arc" />
    <link:loc xlink:href="http://xbrl.fasb.org/us-gaap/2018/elts/us-gaap-2018-01-31.xsd#us-gaap_PaymentsToAcquireAvailableForSaleSecuritiesDebt" xlink:label="loc_us-gaap_PaymentsToAcquireAvailableForSaleSecuritiesDebt_5a6cca43-79c5-34f3-6172-5859b13486b1" xlink:type="locator" />
    <link:calculationArc order="1" weight="-1" xlink:arcrole="http://www.xbrl.org/2003/arcrole/summation-item" xlink:from="loc_us-gaap_NetCashProvidedByUsedInInvestingActivities_28655e34-499f-b7bf-c54f-5de0990d0c65" xlink:to="loc_us-gaap_PaymentsToAcquireAvailableForSaleSecuritiesDebt_5a6cca43-79c5-34f3-6172-5859b13486b1" xlink:type="arc" />
    <link:loc xlink:href="http://xbrl.fasb.org/us-gaap/2018/elts/us-gaap-2018-01-31.xsd#us-gaap_ProceedsFromMaturitiesPrepaymentsAndCallsOfAvailableForSaleSecurities" xlink:label="loc_us-gaap_ProceedsFromMaturitiesPrepaymentsAndCallsOfAvailableForSaleSecurities_b2d1473c-d06a-7053-5039-5cb1510f932e" xlink:type="locator" />
    <link:calculationArc order="2" weight="1" xlink:arcrole="http://www.xbrl.org/2003/arcrole/summation-item" xlink:from="loc_us-gaap_NetCashProvidedByUsedInInvestingActivities_28655e34-499f-b7bf-c54f-5de0990d0c65" xlink:to="loc_us-gaap_ProceedsFromMaturitiesPrepaymentsAndCallsOfAvailableForSaleSecurities_b2d1473c-d06a-7053-5039-5cb1510f932e" xlink:type="arc" />
    <link:loc xlink:href="http://xbrl.fasb.org/us-gaap/2018/elts/us-gaap-2018-01-31.xsd#us-gaap_ProceedsFromSaleOfAvailableForSaleSecuritiesDebt" xlink:label="loc_us-gaap_ProceedsFromSaleOfAvailableForSaleSecuritiesDebt_33cd5d62-efc5-7725-6424-7800a10af341" xlink:type="locator" />
    <link:calculationArc order="3" weight="1" xlink:arcrole="http://www.xbrl.org/2003/arcrole/summation-item" xlink:from="loc_us-gaap_NetCashProvidedByUsedInInvestingActivities_28655e34-499f-b7bf-c54f-5de0990d0c65" xlink:to="loc_us-gaap_ProceedsFromSaleOfAvailableForSaleSecuritiesDebt_33cd5d62-efc5-7725-6424-7800a10af341" xlink:type="arc" />
    <link:loc xlink:href="http://xbrl.fasb.org/us-gaap/2018/elts/us-gaap-2018-01-31.xsd#us-gaap_PaymentsToAcquirePropertyPlantAndEquipment" xlink:label="loc_us-gaap_PaymentsToAcquirePropertyPlantAndEquipment_6d89f221-3ede-36b2-fcad-4a4ce1606f6a" xlink:type="locator" />
    <link:calculationArc order="4" weight="-1" xlink:arcrole="http://www.xbrl.org/2003/arcrole/summation-item" xlink:from="loc_us-gaap_NetCashProvidedByUsedInInvestingActivities_28655e34-499f-b7bf-c54f-5de0990d0c65" xlink:to="loc_us-gaap_PaymentsToAcquirePropertyPlantAndEquipment_6d89f221-3ede-36b2-fcad-4a4ce1606f6a" xlink:type="arc" />
    <link:loc xlink:href="http://xbrl.fasb.org/us-gaap/2018/elts/us-gaap-2018-01-31.xsd#us-gaap_PaymentsToAcquireBusinessesNetOfCashAcquired" xlink:label="loc_us-gaap_PaymentsToAcquireBusinessesNetOfCashAcquired_80abba07-181c-6ed2-349d-9d7dfc078eab" xlink:type="locator" />
    <link:calculationArc order="5" weight="-1" xlink:arcrole="http://www.xbrl.org/2003/arcrole/summation-item" xlink:from="loc_us-gaap_NetCashProvidedByUsedInInvestingActivities_28655e34-499f-b7bf-c54f-5de0990d0c65" xlink:to="loc_us-gaap_PaymentsToAcquireBusinessesNetOfCashAcquired_80abba07-181c-6ed2-349d-9d7dfc078eab" xlink:type="arc" />
    <link:loc xlink:href="http://xbrl.fasb.org/us-gaap/2018/elts/us-gaap-2018-01-31.xsd#us-gaap_PaymentsToAcquireOtherInvestments" xlink:label="loc_us-gaap_PaymentsToAcquireOtherInvestments_93117641-f974-7fd5-be7f-b30d1cbbb2b1" xlink:type="locator" />
    <link:calculationArc order="6" weight="-1" xlink:arcrole="http://www.xbrl.org/2003/arcrole/summation-item" xlink:from="loc_us-gaap_NetCashProvidedByUsedInInvestingActivities_28655e34-499f-b7bf-c54f-5de0990d0c65" xlink:to="loc_us-gaap_PaymentsToAcquireOtherInvestments_93117641-f974-7fd5-be7f-b30d1cbbb2b1" xlink:type="arc" />
    <link:loc xlink:href="http://xbrl.fasb.org/us-gaap/2018/elts/us-gaap-2018-01-31.xsd#us-gaap_ProceedsFromSaleAndMaturityOfOtherInvestments" xlink:label="loc_us-gaap_ProceedsFromSaleAndMaturityOfOtherInvestments_9d96fe52-eed0-e442-4c00-33d2270f0962" xlink:type="locator" />
    <link:calculationArc order="7" weight="1" xlink:arcrole="http://www.xbrl.org/2003/arcrole/summation-item" xlink:from="loc_us-gaap_NetCashProvidedByUsedInInvestingActivities_28655e34-499f-b7bf-c54f-5de0990d0c65" xlink:to="loc_us-gaap_ProceedsFromSaleAndMaturityOfOtherInvestments_9d96fe52-eed0-e442-4c00-33d2270f0962" xlink:type="arc" />
    <link:loc xlink:href="http://xbrl.fasb.org/us-gaap/2018/elts/us-gaap-2018-01-31.xsd#us-gaap_PaymentsForProceedsFromOtherInvestingActivities" xlink:label="loc_us-gaap_PaymentsForProceedsFromOtherInvestingActivities_54e087e7-dea1-4188-710c-f95dcb130e6e" xlink:type="locator" />
    <link:calculationArc order="8" weight="-1" xlink:arcrole="http://www.xbrl.org/2003/arcrole/summation-item" xlink:from="loc_us-gaap_NetCashProvidedByUsedInInvestingActivities_28655e34-499f-b7bf-c54f-5de0990d0c65" xlink:to="loc_us-gaap_PaymentsForProceedsFromOtherInvestingActivities_54e087e7-dea1-4188-710c-f95dcb130e6e" xlink:type="arc" />
    <link:loc xlink:href="http://xbrl.fasb.org/us-gaap/2018/elts/us-gaap-2018-01-31.xsd#us-gaap_NetCashProvidedByUsedInFinancingActivities" xlink:label="loc_us-gaap_NetCashProvidedByUsedInFinancingActivities_d8917e24-06dd-060d-a290-e426c7895e54" xlink:type="locator" />
    <link:calculationArc order="3" weight="1" xlink:arcrole="http://www.xbrl.org/2003/arcrole/summation-item" xlink:from="loc_us-gaap_CashCashEquivalentsRestrictedCashAndRestrictedCashEquivalentsPeriodIncreaseDecreaseIncludingExchangeRateEffect_9743d583-dfae-6ae9-f133-a1e331df792c" xlink:to="loc_us-gaap_NetCashProvidedByUsedInFinancingActivities_d8917e24-06dd-060d-a290-e426c7895e54" xlink:type="arc" />
    <link:loc xlink:href="http://xbrl.fasb.org/us-gaap/2018/elts/us-gaap-2018-01-31.xsd#us-gaap_ProceedsFromIssuanceOfCommonStock" xlink:label="loc_us-gaap_ProceedsFromIssuanceOfCommonStock_6ec8bc8e-bcd9-36ad-d8ae-2c2fa1dfd920" xlink:type="locator" />
    <link:calculationArc order="1" weight="1" xlink:arcrole="http://www.xbrl.org/2003/arcrole/summation-item" xlink:from="loc_us-gaap_NetCashProvidedByUsedInFinancingActivities_d8917e24-06dd-060d-a290-e426c7895e54" xlink:to="loc_us-gaap_ProceedsFromIssuanceOfCommonStock_6ec8bc8e-bcd9-36ad-d8ae-2c2fa1dfd920" xlink:type="arc" />
    <link:loc xlink:href="http://xbrl.fasb.org/us-gaap/2018/elts/us-gaap-2018-01-31.xsd#us-gaap_PaymentsRelatedToTaxWithholdingForShareBasedCompensation" xlink:label="loc_us-gaap_PaymentsRelatedToTaxWithholdingForShareBasedCompensation_43305c85-41ff-3d0f-c464-dc8983363bce" xlink:type="locator" />
    <link:calculationArc order="2" weight="-1" xlink:arcrole="http://www.xbrl.org/2003/arcrole/summation-item" xlink:from="loc_us-gaap_NetCashProvidedByUsedInFinancingActivities_d8917e24-06dd-060d-a290-e426c7895e54" xlink:to="loc_us-gaap_PaymentsRelatedToTaxWithholdingForShareBasedCompensation_43305c85-41ff-3d0f-c464-dc8983363bce" xlink:type="arc" />
    <link:loc xlink:href="http://xbrl.fasb.org/us-gaap/2018/elts/us-gaap-2018-01-31.xsd#us-gaap_PaymentsOfDividends" xlink:label="loc_us-gaap_PaymentsOfDividends_13cc8818-e792-6246-5e41-c56e1150a319" xlink:type="locator" />
    <link:calculationArc order="3" weight="-1" xlink:arcrole="http://www.xbrl.org/2003/arcrole/summation-item" xlink:from="loc_us-gaap_NetCashProvidedByUsedInFinancingActivities_d8917e24-06dd-060d-a290-e426c7895e54" xlink:to="loc_us-gaap_PaymentsOfDividends_13cc8818-e792-6246-5e41-c56e1150a319" xlink:type="arc" />
    <link:loc xlink:href="http://xbrl.fasb.org/us-gaap/2018/elts/us-gaap-2018-01-31.xsd#us-gaap_PaymentsForRepurchaseOfCommonStock" xlink:label="loc_us-gaap_PaymentsForRepurchaseOfCommonStock_d4a92697-d008-996b-823a-bd9a56a04b3a" xlink:type="locator" />
    <link:calculationArc order="4" weight="-1" xlink:arcrole="http://www.xbrl.org/2003/arcrole/summation-item" xlink:from="loc_us-gaap_NetCashProvidedByUsedInFinancingActivities_d8917e24-06dd-060d-a290-e426c7895e54" xlink:to="loc_us-gaap_PaymentsForRepurchaseOfCommonStock_d4a92697-d008-996b-823a-bd9a56a04b3a" xlink:type="arc" />
    <link:loc xlink:href="http://xbrl.fasb.org/us-gaap/2018/elts/us-gaap-2018-01-31.xsd#us-gaap_ProceedsFromIssuanceOfLongTermDebt" xlink:label="loc_us-gaap_ProceedsFromIssuanceOfLongTermDebt_60ab1096-bf53-5d61-76bd-431fe857fc03" xlink:type="locator" />
    <link:calculationArc order="5" weight="1" xlink:arcrole="http://www.xbrl.org/2003/arcrole/summation-item" xlink:from="loc_us-gaap_NetCashProvidedByUsedInFinancingActivities_d8917e24-06dd-060d-a290-e426c7895e54" xlink:to="loc_us-gaap_ProceedsFromIssuanceOfLongTermDebt_60ab1096-bf53-5d61-76bd-431fe857fc03" xlink:type="arc" />
    <link:loc xlink:href="http://xbrl.fasb.org/us-gaap/2018/elts/us-gaap-2018-01-31.xsd#us-gaap_RepaymentsOfLongTermDebt" xlink:label="loc_us-gaap_RepaymentsOfLongTermDebt_cfa1e746-5920-c3b5-33ed-a7dee018f26c" xlink:type="locator" />
    <link:calculationArc order="6" weight="-1" xlink:arcrole="http://www.xbrl.org/2003/arcrole/summation-item" xlink:from="loc_us-gaap_NetCashProvidedByUsedInFinancingActivities_d8917e24-06dd-060d-a290-e426c7895e54" xlink:to="loc_us-gaap_RepaymentsOfLongTermDebt_cfa1e746-5920-c3b5-33ed-a7dee018f26c" xlink:type="arc" />
    <link:loc xlink:href="http://xbrl.fasb.org/us-gaap/2018/elts/us-gaap-2018-01-31.xsd#us-gaap_ProceedsFromRepaymentsOfCommercialPaper" xlink:label="loc_us-gaap_ProceedsFromRepaymentsOfCommercialPaper_3c48a9b6-eef5-9736-6f3e-28caa9cd34c8" xlink:type="locator" />
    <link:calculationArc order="7" weight="1" xlink:arcrole="http://www.xbrl.org/2003/arcrole/summation-item" xlink:from="loc_us-gaap_NetCashProvidedByUsedInFinancingActivities_d8917e24-06dd-060d-a290-e426c7895e54" xlink:to="loc_us-gaap_ProceedsFromRepaymentsOfCommercialPaper_3c48a9b6-eef5-9736-6f3e-28caa9cd34c8" xlink:type="arc" />
    <link:loc xlink:href="http://xbrl.fasb.org/us-gaap/2018/elts/us-gaap-2018-01-31.xsd#us-gaap_ProceedsFromPaymentsForOtherFinancingActivities" xlink:label="loc_us-gaap_ProceedsFromPaymentsForOtherFinancingActivities_38e7f3e2-9d1a-8772-e4aa-fb2cb7d8adc0" xlink:type="locator" />
    <link:calculationArc order="8" weight="1" xlink:arcrole="http://www.xbrl.org/2003/arcrole/summation-item" xlink:from="loc_us-gaap_NetCashProvidedByUsedInFinancingActivities_d8917e24-06dd-060d-a290-e426c7895e54" xlink:to="loc_us-gaap_ProceedsFromPaymentsForOtherFinancingActivities_38e7f3e2-9d1a-8772-e4aa-fb2cb7d8adc0" xlink:type="arc" />
  </link:calculationLink>
  <link:calculationLink xlink:role="http://www.apple.com/role/CondensedConsolidatedStatementsOfComprehensiveIncomeUnaudited" xlink:type="extended">
    <link:loc xlink:href="http://xbrl.fasb.org/us-gaap/2018/elts/us-gaap-2018-01-31.xsd#us-gaap_ComprehensiveIncomeNetOfTax" xlink:label="loc_us-gaap_ComprehensiveIncomeNetOfTax_cf605d39-9067-2f07-a6b5-7dfa6481009e" xlink:type="locator" />
    <link:loc xlink:href="http://xbrl.fasb.org/us-gaap/2018/elts/us-gaap-2018-01-31.xsd#us-gaap_NetIncomeLoss" xlink:label="loc_us-gaap_NetIncomeLoss_a10eea14-f4db-3125-d183-77bb54500e95" xlink:type="locator" />
    <link:calculationArc order="1" weight="1" xlink:arcrole="http://www.xbrl.org/2003/arcrole/summation-item" xlink:from="loc_us-gaap_ComprehensiveIncomeNetOfTax_cf605d39-9067-2f07-a6b5-7dfa6481009e" xlink:to="loc_us-gaap_NetIncomeLoss_a10eea14-f4db-3125-d183-77bb54500e95" xlink:type="arc" />
    <link:loc xlink:href="http://xbrl.fasb.org/us-gaap/2018/elts/us-gaap-2018-01-31.xsd#us-gaap_OtherComprehensiveIncomeLossNetOfTaxPortionAttributableToParent" xlink:label="loc_us-gaap_OtherComprehensiveIncomeLossNetOfTaxPortionAttributableToParent_59645a08-ce25-9000-2f65-e4bfddb1182e" xlink:type="locator" />
    <link:calculationArc order="2" weight="1" xlink:arcrole="http://www.xbrl.org/2003/arcrole/summation-item" xlink:from="loc_us-gaap_ComprehensiveIncomeNetOfTax_cf605d39-9067-2f07-a6b5-7dfa6481009e" xlink:to="loc_us-gaap_OtherComprehensiveIncomeLossNetOfTaxPortionAttributableToParent_59645a08-ce25-9000-2f65-e4bfddb1182e" xlink:type="arc" />
    <link:loc xlink:href="http://xbrl.fasb.org/us-gaap/2018/elts/us-gaap-2018-01-31.xsd#us-gaap_OtherComprehensiveIncomeLossForeignCurrencyTransactionAndTranslationAdjustmentNetOfTax" xlink:label="loc_us-gaap_OtherComprehensiveIncomeLossForeignCurrencyTransactionAndTranslationAdjustmentNetOfTax_b087c8bb-e0f6-4c7f-883c-027f52d32745" xlink:type="locator" />
    <link:calculationArc order="1" weight="1" xlink:arcrole="http://www.xbrl.org/2003/arcrole/summation-item" xlink:from="loc_us-gaap_OtherComprehensiveIncomeLossNetOfTaxPortionAttributableToParent_59645a08-ce25-9000-2f65-e4bfddb1182e" xlink:to="loc_us-gaap_OtherComprehensiveIncomeLossForeignCurrencyTransactionAndTranslationAdjustmentNetOfTax_b087c8bb-e0f6-4c7f-883c-027f52d32745" xlink:type="arc" />
    <link:loc xlink:href="http://xbrl.fasb.org/us-gaap/2018/elts/us-gaap-2018-01-31.xsd#us-gaap_OtherComprehensiveIncomeLossDerivativesQualifyingAsHedgesNetOfTax" xlink:label="loc_us-gaap_OtherComprehensiveIncomeLossDerivativesQualifyingAsHedgesNetOfTax_f44275a4-2994-4281-73e3-0fa77d53374b" xlink:type="locator" />
    <link:calculationArc order="2" weight="1" xlink:arcrole="http://www.xbrl.org/2003/arcrole/summation-item" xlink:from="loc_us-gaap_OtherComprehensiveIncomeLossNetOfTaxPortionAttributableToParent_59645a08-ce25-9000-2f65-e4bfddb1182e" xlink:to="loc_us-gaap_OtherComprehensiveIncomeLossDerivativesQualifyingAsHedgesNetOfTax_f44275a4-2994-4281-73e3-0fa77d53374b" xlink:type="arc" />
    <link:loc xlink:href="http://xbrl.fasb.org/us-gaap/2018/elts/us-gaap-2018-01-31.xsd#us-gaap_OtherComprehensiveIncomeUnrealizedGainLossOnDerivativesArisingDuringPeriodNetOfTax" xlink:label="loc_us-gaap_OtherComprehensiveIncomeUnrealizedGainLossOnDerivativesArisingDuringPeriodNetOfTax_048ec802-2790-a30d-0e9a-5c6f3e54d390" xlink:type="locator" />
    <link:calculationArc order="1" weight="1" xlink:arcrole="http://www.xbrl.org/2003/arcrole/summation-item" xlink:from="loc_us-gaap_OtherComprehensiveIncomeLossDerivativesQualifyingAsHedgesNetOfTax_f44275a4-2994-4281-73e3-0fa77d53374b" xlink:to="loc_us-gaap_OtherComprehensiveIncomeUnrealizedGainLossOnDerivativesArisingDuringPeriodNetOfTax_048ec802-2790-a30d-0e9a-5c6f3e54d390" xlink:type="arc" />
    <link:loc xlink:href="http://xbrl.fasb.org/us-gaap/2018/elts/us-gaap-2018-01-31.xsd#us-gaap_OtherComprehensiveIncomeLossReclassificationAdjustmentFromAOCIOnDerivativesNetOfTax" xlink:label="loc_us-gaap_OtherComprehensiveIncomeLossReclassificationAdjustmentFromAOCIOnDerivativesNetOfTax_1621a196-4a72-10b4-c544-c07605ff0ee5" xlink:type="locator" />
    <link:calculationArc order="2" weight="-1" xlink:arcrole="http://www.xbrl.org/2003/arcrole/summation-item" xlink:from="loc_us-gaap_OtherComprehensiveIncomeLossDerivativesQualifyingAsHedgesNetOfTax_f44275a4-2994-4281-73e3-0fa77d53374b" xlink:to="loc_us-gaap_OtherComprehensiveIncomeLossReclassificationAdjustmentFromAOCIOnDerivativesNetOfTax_1621a196-4a72-10b4-c544-c07605ff0ee5" xlink:type="arc" />
    <link:loc xlink:href="http://xbrl.fasb.org/us-gaap/2018/elts/us-gaap-2018-01-31.xsd#us-gaap_OtherComprehensiveIncomeLossAvailableForSaleSecuritiesAdjustmentNetOfTax" xlink:label="loc_us-gaap_OtherComprehensiveIncomeLossAvailableForSaleSecuritiesAdjustmentNetOfTax_7f6d9e2c-c748-5cf7-7279-5c01f0cb27b7" xlink:type="locator" />
    <link:calculationArc order="3" weight="1" xlink:arcrole="http://www.xbrl.org/2003/arcrole/summation-item" xlink:from="loc_us-gaap_OtherComprehensiveIncomeLossNetOfTaxPortionAttributableToParent_59645a08-ce25-9000-2f65-e4bfddb1182e" xlink:to="loc_us-gaap_OtherComprehensiveIncomeLossAvailableForSaleSecuritiesAdjustmentNetOfTax_7f6d9e2c-c748-5cf7-7279-5c01f0cb27b7" xlink:type="arc" />
    <link:loc xlink:href="http://xbrl.fasb.org/us-gaap/2018/elts/us-gaap-2018-01-31.xsd#us-gaap_OtherComprehensiveIncomeUnrealizedHoldingGainLossOnSecuritiesArisingDuringPeriodNetOfTax" xlink:label="loc_us-gaap_OtherComprehensiveIncomeUnrealizedHoldingGainLossOnSecuritiesArisingDuringPeriodNetOfTax_6df44786-4260-4fa4-e123-591abd5e882d" xlink:type="locator" />
    <link:calculationArc order="1" weight="1" xlink:arcrole="http://www.xbrl.org/2003/arcrole/summation-item" xlink:from="loc_us-gaap_OtherComprehensiveIncomeLossAvailableForSaleSecuritiesAdjustmentNetOfTax_7f6d9e2c-c748-5cf7-7279-5c01f0cb27b7" xlink:to="loc_us-gaap_OtherComprehensiveIncomeUnrealizedHoldingGainLossOnSecuritiesArisingDuringPeriodNetOfTax_6df44786-4260-4fa4-e123-591abd5e882d" xlink:type="arc" />
    <link:loc xlink:href="http://xbrl.fasb.org/us-gaap/2018/elts/us-gaap-2018-01-31.xsd#us-gaap_OtherComprehensiveIncomeLossReclassificationAdjustmentFromAOCIForSaleOfSecuritiesNetOfTax" xlink:label="loc_us-gaap_OtherComprehensiveIncomeLossReclassificationAdjustmentFromAOCIForSaleOfSecuritiesNetOfTax_5018ac42-f22a-8f01-2030-b43a520a4ea1" xlink:type="locator" />
    <link:calculationArc order="2" weight="-1" xlink:arcrole="http://www.xbrl.org/2003/arcrole/summation-item" xlink:from="loc_us-gaap_OtherComprehensiveIncomeLossAvailableForSaleSecuritiesAdjustmentNetOfTax_7f6d9e2c-c748-5cf7-7279-5c01f0cb27b7" xlink:to="loc_us-gaap_OtherComprehensiveIncomeLossReclassificationAdjustmentFromAOCIForSaleOfSecuritiesNetOfTax_5018ac42-f22a-8f01-2030-b43a520a4ea1" xlink:type="arc" />
  </link:calculationLink>
  <link:calculationLink xlink:role="http://www.apple.com/role/CondensedConsolidatedStatementsOfOperationsUnaudited" xlink:type="extended">
    <link:loc xlink:href="http://xbrl.fasb.org/us-gaap/2018/elts/us-gaap-2018-01-31.xsd#us-gaap_NetIncomeLoss" xlink:label="loc_us-gaap_NetIncomeLoss_a10eea14-f4db-3125-d183-77bb54500e95" xlink:type="locator" />
    <link:loc xlink:href="http://xbrl.fasb.org/us-gaap/2018/elts/us-gaap-2018-01-31.xsd#us-gaap_IncomeLossFromContinuingOperationsBeforeIncomeTaxesExtraordinaryItemsNoncontrollingInterest" xlink:label="loc_us-gaap_IncomeLossFromContinuingOperationsBeforeIncomeTaxesExtraordinaryItemsNoncontrollingInterest_4d8b6d19-6a54-06aa-2077-c10380bd20d1" xlink:type="locator" />
    <link:calculationArc order="1" weight="1" xlink:arcrole="http://www.xbrl.org/2003/arcrole/summation-item" xlink:from="loc_us-gaap_NetIncomeLoss_a10eea14-f4db-3125-d183-77bb54500e95" xlink:to="loc_us-gaap_IncomeLossFromContinuingOperationsBeforeIncomeTaxesExtraordinaryItemsNoncontrollingInterest_4d8b6d19-6a54-06aa-2077-c10380bd20d1" xlink:type="arc" />
    <link:loc xlink:href="http://xbrl.fasb.org/us-gaap/2018/elts/us-gaap-2018-01-31.xsd#us-gaap_OperatingIncomeLoss" xlink:label="loc_us-gaap_OperatingIncomeLoss_5c890570-5904-7978-36d8-35b96dcf45ab" xlink:type="locator" />
    <link:calculationArc order="1" weight="1" xlink:arcrole="http://www.xbrl.org/2003/arcrole/summation-item" xlink:from="loc_us-gaap_IncomeLossFromContinuingOperationsBeforeIncomeTaxesExtraordinaryItemsNoncontrollingInterest_4d8b6d19-6a54-06aa-2077-c10380bd20d1" xlink:to="loc_us-gaap_OperatingIncomeLoss_5c890570-5904-7978-36d8-35b96dcf45ab" xlink:type="arc" />
    <link:loc xlink:href="http://xbrl.fasb.org/us-gaap/2018/elts/us-gaap-2018-01-31.xsd#us-gaap_GrossProfit" xlink:label="loc_us-gaap_GrossProfit_df00e688-c7aa-f044-9cba-c48e7c14e35b" xlink:type="locator" />
    <link:calculationArc order="1" weight="1" xlink:arcrole="http://www.xbrl.org/2003/arcrole/summation-item" xlink:from="loc_us-gaap_OperatingIncomeLoss_5c890570-5904-7978-36d8-35b96dcf45ab" xlink:to="loc_us-gaap_GrossProfit_df00e688-c7aa-f044-9cba-c48e7c14e35b" xlink:type="arc" />
    <link:loc xlink:href="http://xbrl.fasb.org/us-gaap/2018/elts/us-gaap-2018-01-31.xsd#us-gaap_RevenueFromContractWithCustomerExcludingAssessedTax" xlink:label="loc_us-gaap_RevenueFromContractWithCustomerExcludingAssessedTax_1c604cfe-da19-5194-72b6-98be0130cfb7" xlink:type="locator" />
    <link:calculationArc order="1" weight="1" xlink:arcrole="http://www.xbrl.org/2003/arcrole/summation-item" xlink:from="loc_us-gaap_GrossProfit_df00e688-c7aa-f044-9cba-c48e7c14e35b" xlink:to="loc_us-gaap_RevenueFromContractWithCustomerExcludingAssessedTax_1c604cfe-da19-5194-72b6-98be0130cfb7" xlink:type="arc" />
    <link:loc xlink:href="http://xbrl.fasb.org/us-gaap/2018/elts/us-gaap-2018-01-31.xsd#us-gaap_CostOfGoodsAndServicesSold" xlink:label="loc_us-gaap_CostOfGoodsAndServicesSold_1c65a201-fd8e-32d7-dad9-c6d1d5719594" xlink:type="locator" />
    <link:calculationArc order="2" weight="-1" xlink:arcrole="http://www.xbrl.org/2003/arcrole/summation-item" xlink:from="loc_us-gaap_GrossProfit_df00e688-c7aa-f044-9cba-c48e7c14e35b" xlink:to="loc_us-gaap_CostOfGoodsAndServicesSold_1c65a201-fd8e-32d7-dad9-c6d1d5719594" xlink:type="arc" />
    <link:loc xlink:href="http://xbrl.fasb.org/us-gaap/2018/elts/us-gaap-2018-01-31.xsd#us-gaap_OperatingExpenses" xlink:label="loc_us-gaap_OperatingExpenses_a2f4cf19-54a3-c9c5-9b4d-23b76125e270" xlink:type="locator" />
    <link:calculationArc order="2" weight="-1" xlink:arcrole="http://www.xbrl.org/2003/arcrole/summation-item" xlink:from="loc_us-gaap_OperatingIncomeLoss_5c890570-5904-7978-36d8-35b96dcf45ab" xlink:to="loc_us-gaap_OperatingExpenses_a2f4cf19-54a3-c9c5-9b4d-23b76125e270" xlink:type="arc" />
    <link:loc xlink:href="http://xbrl.fasb.org/us-gaap/2018/elts/us-gaap-2018-01-31.xsd#us-gaap_ResearchAndDevelopmentExpense" xlink:label="loc_us-gaap_ResearchAndDevelopmentExpense_11c9d7e5-c56e-e78a-ae7b-17989a817204" xlink:type="locator" />
    <link:calculationArc order="1" weight="1" xlink:arcrole="http://www.xbrl.org/2003/arcrole/summation-item" xlink:from="loc_us-gaap_OperatingExpenses_a2f4cf19-54a3-c9c5-9b4d-23b76125e270" xlink:to="loc_us-gaap_ResearchAndDevelopmentExpense_11c9d7e5-c56e-e78a-ae7b-17989a817204" xlink:type="arc" />
    <link:loc xlink:href="http://xbrl.fasb.org/us-gaap/2018/elts/us-gaap-2018-01-31.xsd#us-gaap_SellingGeneralAndAdministrativeExpense" xlink:label="loc_us-gaap_SellingGeneralAndAdministrativeExpense_693c47dd-e6fa-9c85-6a65-7baa26f76b5e" xlink:type="locator" />
    <link:calculationArc order="2" weight="1" xlink:arcrole="http://www.xbrl.org/2003/arcrole/summation-item" xlink:from="loc_us-gaap_OperatingExpenses_a2f4cf19-54a3-c9c5-9b4d-23b76125e270" xlink:to="loc_us-gaap_SellingGeneralAndAdministrativeExpense_693c47dd-e6fa-9c85-6a65-7baa26f76b5e" xlink:type="arc" />
    <link:loc xlink:href="http://xbrl.fasb.org/us-gaap/2018/elts/us-gaap-2018-01-31.xsd#us-gaap_NonoperatingIncomeExpense" xlink:label="loc_us-gaap_NonoperatingIncomeExpense_c5398800-6e68-ed86-a47c-16106e0730c2" xlink:type="locator" />
    <link:calculationArc order="2" weight="1" xlink:arcrole="http://www.xbrl.org/2003/arcrole/summation-item" xlink:from="loc_us-gaap_IncomeLossFromContinuingOperationsBeforeIncomeTaxesExtraordinaryItemsNoncontrollingInterest_4d8b6d19-6a54-06aa-2077-c10380bd20d1" xlink:to="loc_us-gaap_NonoperatingIncomeExpense_c5398800-6e68-ed86-a47c-16106e0730c2" xlink:type="arc" />
    <link:loc xlink:href="http://xbrl.fasb.org/us-gaap/2018/elts/us-gaap-2018-01-31.xsd#us-gaap_IncomeTaxExpenseBenefit" xlink:label="loc_us-gaap_IncomeTaxExpenseBenefit_97bbae57-7f84-4da9-acab-610e56204929" xlink:type="locator" />
    <link:calculationArc order="2" weight="-1" xlink:arcrole="http://www.xbrl.org/2003/arcrole/summation-item" xlink:from="loc_us-gaap_NetIncomeLoss_a10eea14-f4db-3125-d183-77bb54500e95" xlink:to="loc_us-gaap_IncomeTaxExpenseBenefit_97bbae57-7f84-4da9-acab-610e56204929" xlink:type="arc" />
  </link:calculationLink>
  <link:calculationLink xlink:role="http://www.apple.com/role/CondensedConsolidatedStatementsOfShareholdersEquityUnaudited" xlink:type="extended" />
  <link:calculationLink xlink:role="http://www.apple.com/role/CoverPage" xlink:type="extended" />
  <link:calculationLink xlink:role="http://www.apple.com/role/Debt" xlink:type="extended" />
  <link:calculationLink xlink:role="http://www.apple.com/role/DebtAdditionalInformationDetails" xlink:type="extended" />
  <link:calculationLink xlink:role="http://www.apple.com/role/DebtSummaryOfCashFlowsAssociatedWithCommercialPaperDetails" xlink:type="extended">
    <link:loc xlink:href="http://xbrl.fasb.org/us-gaap/2018/elts/us-gaap-2018-01-31.xsd#us-gaap_ProceedsFromRepaymentsOfCommercialPaper" xlink:label="loc_us-gaap_ProceedsFromRepaymentsOfCommercialPaper_3c48a9b6-eef5-9736-6f3e-28caa9cd34c8" xlink:type="locator" />
    <link:loc xlink:href="http://xbrl.fasb.org/us-gaap/2018/elts/us-gaap-2018-01-31.xsd#us-gaap_ProceedsFromRepaymentsOfShortTermDebtMaturingInThreeMonthsOrLess" xlink:label="loc_us-gaap_ProceedsFromRepaymentsOfShortTermDebtMaturingInThreeMonthsOrLess_406c4f63-e26a-88c7-9bfe-bd9759f8c3a9" xlink:type="locator" />
    <link:calculationArc order="1" weight="1" xlink:arcrole="http://www.xbrl.org/2003/arcrole/summation-item" xlink:from="loc_us-gaap_ProceedsFromRepaymentsOfCommercialPaper_3c48a9b6-eef5-9736-6f3e-28caa9cd34c8" xlink:to="loc_us-gaap_ProceedsFromRepaymentsOfShortTermDebtMaturingInThreeMonthsOrLess_406c4f63-e26a-88c7-9bfe-bd9759f8c3a9" xlink:type="arc" />
    <link:loc xlink:href="http://xbrl.fasb.org/us-gaap/2018/elts/us-gaap-2018-01-31.xsd#us-gaap_ProceedsFromRepaymentsOfShortTermDebtMaturingInMoreThanThreeMonths" xlink:label="loc_us-gaap_ProceedsFromRepaymentsOfShortTermDebtMaturingInMoreThanThreeMonths_295cf533-2fd4-c9a2-f85f-17ef3b7a120d" xlink:type="locator" />
    <link:calculationArc order="2" weight="1" xlink:arcrole="http://www.xbrl.org/2003/arcrole/summation-item" xlink:from="loc_us-gaap_ProceedsFromRepaymentsOfCommercialPaper_3c48a9b6-eef5-9736-6f3e-28caa9cd34c8" xlink:to="loc_us-gaap_ProceedsFromRepaymentsOfShortTermDebtMaturingInMoreThanThreeMonths_295cf533-2fd4-c9a2-f85f-17ef3b7a120d" xlink:type="arc" />
    <link:loc xlink:href="http://xbrl.fasb.org/us-gaap/2018/elts/us-gaap-2018-01-31.xsd#us-gaap_ProceedsFromShortTermDebtMaturingInMoreThanThreeMonths" xlink:label="loc_us-gaap_ProceedsFromShortTermDebtMaturingInMoreThanThreeMonths_c84f95aa-1bd5-1999-dfe3-9bfb7e6b1e89" xlink:type="locator" />
    <link:calculationArc order="1" weight="1" xlink:arcrole="http://www.xbrl.org/2003/arcrole/summation-item" xlink:from="loc_us-gaap_ProceedsFromRepaymentsOfShortTermDebtMaturingInMoreThanThreeMonths_295cf533-2fd4-c9a2-f85f-17ef3b7a120d" xlink:to="loc_us-gaap_ProceedsFromShortTermDebtMaturingInMoreThanThreeMonths_c84f95aa-1bd5-1999-dfe3-9bfb7e6b1e89" xlink:type="arc" />
    <link:loc xlink:href="http://xbrl.fasb.org/us-gaap/2018/elts/us-gaap-2018-01-31.xsd#us-gaap_RepaymentsOfShortTermDebtMaturingInMoreThanThreeMonths" xlink:label="loc_us-gaap_RepaymentsOfShortTermDebtMaturingInMoreThanThreeMonths_b47aa2ed-4d0a-3263-1db9-05bf4a02c504" xlink:type="locator" />
    <link:calculationArc order="2" weight="-1" xlink:arcrole="http://www.xbrl.org/2003/arcrole/summation-item" xlink:from="loc_us-gaap_ProceedsFromRepaymentsOfShortTermDebtMaturingInMoreThanThreeMonths_295cf533-2fd4-c9a2-f85f-17ef3b7a120d" xlink:to="loc_us-gaap_RepaymentsOfShortTermDebtMaturingInMoreThanThreeMonths_b47aa2ed-4d0a-3263-1db9-05bf4a02c504" xlink:type="arc" />
  </link:calculationLink>
  <link:calculationLink xlink:role="http://www.apple.com/role/DebtSummaryOfTermDebtDetails" xlink:type="extended" />
  <link:calculationLink xlink:role="http://www.apple.com/role/DebtTables" xlink:type="extended" />
  <link:calculationLink xlink:role="http://www.apple.com/role/FinancialInstruments" xlink:type="extended" />
  <link:calculationLink xlink:role="http://www.apple.com/role/FinancialInstrumentsAdditionalInformationDetails" xlink:type="extended" />
  <link:calculationLink xlink:role="http://www.apple.com/role/FinancialInstrumentsCashCashEquivalentsAndMarketableSecuritiesDetails" xlink:type="extended">
    <link:loc xlink:href="http://xbrl.fasb.org/us-gaap/2018/elts/us-gaap-2018-01-31.xsd#us-gaap_AvailableForSaleDebtSecuritiesAmortizedCostBasis" xlink:label="loc_us-gaap_AvailableForSaleDebtSecuritiesAmortizedCostBasis_f0bf2241-14f8-6ef1-e8d7-f724d52ad9c1" xlink:type="locator" />
    <link:loc xlink:href="http://xbrl.fasb.org/us-gaap/2018/elts/us-gaap-2018-01-31.xsd#us-gaap_AvailableForSaleDebtSecuritiesAccumulatedGrossUnrealizedGainBeforeTax" xlink:label="loc_us-gaap_AvailableForSaleDebtSecuritiesAccumulatedGrossUnrealizedGainBeforeTax_5d23fa7e-7f76-6507-b72f-382f81b88e34" xlink:type="locator" />
    <link:calculationArc order="1" weight="-1" xlink:arcrole="http://www.xbrl.org/2003/arcrole/summation-item" xlink:from="loc_us-gaap_AvailableForSaleDebtSecuritiesAmortizedCostBasis_f0bf2241-14f8-6ef1-e8d7-f724d52ad9c1" xlink:to="loc_us-gaap_AvailableForSaleDebtSecuritiesAccumulatedGrossUnrealizedGainBeforeTax_5d23fa7e-7f76-6507-b72f-382f81b88e34" xlink:type="arc" />
    <link:loc xlink:href="http://xbrl.fasb.org/us-gaap/2018/elts/us-gaap-2018-01-31.xsd#us-gaap_AvailableForSaleDebtSecuritiesAccumulatedGrossUnrealizedLossBeforeTax" xlink:label="loc_us-gaap_AvailableForSaleDebtSecuritiesAccumulatedGrossUnrealizedLossBeforeTax_e0f935d0-20e2-15fc-55a1-79c116fbc07c" xlink:type="locator" />
    <link:calculationArc order="2" weight="1" xlink:arcrole="http://www.xbrl.org/2003/arcrole/summation-item" xlink:from="loc_us-gaap_AvailableForSaleDebtSecuritiesAmortizedCostBasis_f0bf2241-14f8-6ef1-e8d7-f724d52ad9c1" xlink:to="loc_us-gaap_AvailableForSaleDebtSecuritiesAccumulatedGrossUnrealizedLossBeforeTax_e0f935d0-20e2-15fc-55a1-79c116fbc07c" xlink:type="arc" />
    <link:loc xlink:href="http://xbrl.fasb.org/us-gaap/2018/elts/us-gaap-2018-01-31.xsd#us-gaap_AvailableForSaleSecuritiesDebtSecurities" xlink:label="loc_us-gaap_AvailableForSaleSecuritiesDebtSecurities_5ab305fa-195a-59cf-c0de-4b5d05fc9de4" xlink:type="locator" />
    <link:calculationArc order="3" weight="1" xlink:arcrole="http://www.xbrl.org/2003/arcrole/summation-item" xlink:from="loc_us-gaap_AvailableForSaleDebtSecuritiesAmortizedCostBasis_f0bf2241-14f8-6ef1-e8d7-f724d52ad9c1" xlink:to="loc_us-gaap_AvailableForSaleSecuritiesDebtSecurities_5ab305fa-195a-59cf-c0de-4b5d05fc9de4" xlink:type="arc" />
    <link:loc xlink:href="http://xbrl.fasb.org/us-gaap/2018/elts/us-gaap-2018-01-31.xsd#us-gaap_CashAndCashEquivalentsAtCarryingValue" xlink:label="loc_us-gaap_CashAndCashEquivalentsAtCarryingValue_32f41ea9-05c6-e713-464b-586a571d1c1f" xlink:type="locator" />
    <link:calculationArc order="1" weight="1" xlink:arcrole="http://www.xbrl.org/2003/arcrole/summation-item" xlink:from="loc_us-gaap_AvailableForSaleSecuritiesDebtSecurities_5ab305fa-195a-59cf-c0de-4b5d05fc9de4" xlink:to="loc_us-gaap_CashAndCashEquivalentsAtCarryingValue_32f41ea9-05c6-e713-464b-586a571d1c1f" xlink:type="arc" />
    <link:loc xlink:href="http://xbrl.fasb.org/us-gaap/2018/elts/us-gaap-2018-01-31.xsd#us-gaap_MarketableSecuritiesCurrent" xlink:label="loc_us-gaap_MarketableSecuritiesCurrent_50b1a6be-f082-bfa3-60b7-afefe9f63cb5" xlink:type="locator" />
    <link:calculationArc order="2" weight="1" xlink:arcrole="http://www.xbrl.org/2003/arcrole/summation-item" xlink:from="loc_us-gaap_AvailableForSaleSecuritiesDebtSecurities_5ab305fa-195a-59cf-c0de-4b5d05fc9de4" xlink:to="loc_us-gaap_MarketableSecuritiesCurrent_50b1a6be-f082-bfa3-60b7-afefe9f63cb5" xlink:type="arc" />
    <link:loc xlink:href="http://xbrl.fasb.org/us-gaap/2018/elts/us-gaap-2018-01-31.xsd#us-gaap_MarketableSecuritiesNoncurrent" xlink:label="loc_us-gaap_MarketableSecuritiesNoncurrent_ae96910d-f6c0-5dcf-e4f9-4ecf264ba7c7" xlink:type="locator" />
    <link:calculationArc order="3" weight="1" xlink:arcrole="http://www.xbrl.org/2003/arcrole/summation-item" xlink:from="loc_us-gaap_AvailableForSaleSecuritiesDebtSecurities_5ab305fa-195a-59cf-c0de-4b5d05fc9de4" xlink:to="loc_us-gaap_MarketableSecuritiesNoncurrent_ae96910d-f6c0-5dcf-e4f9-4ecf264ba7c7" xlink:type="arc" />
  </link:calculationLink>
  <link:calculationLink xlink:role="http://www.apple.com/role/FinancialInstrumentsDerivativeInstrumentsAtGrossFairValueDetails" xlink:type="extended" />
  <link:calculationLink xlink:role="http://www.apple.com/role/FinancialInstrumentsMarketableSecuritiesInContinuousUnrealizedLossPositionDetails" xlink:type="extended">
    <link:loc xlink:href="http://xbrl.fasb.org/us-gaap/2018/elts/us-gaap-2018-01-31.xsd#us-gaap_DebtSecuritiesAvailableForSaleUnrealizedLossPosition" xlink:label="loc_us-gaap_DebtSecuritiesAvailableForSaleUnrealizedLossPosition_5fba5b8c-f33f-c8fe-316d-96157b5eaddf" xlink:type="locator" />
    <link:loc xlink:href="http://xbrl.fasb.org/us-gaap/2018/elts/us-gaap-2018-01-31.xsd#us-gaap_DebtSecuritiesAvailableForSaleContinuousUnrealizedLossPositionLessThan12Months" xlink:label="loc_us-gaap_DebtSecuritiesAvailableForSaleContinuousUnrealizedLossPositionLessThan12Months_9dc7d38b-d1f1-ee4c-83ca-bf0de39ac02c" xlink:type="locator" />
    <link:calculationArc order="1" weight="1" xlink:arcrole="http://www.xbrl.org/2003/arcrole/summation-item" xlink:from="loc_us-gaap_DebtSecuritiesAvailableForSaleUnrealizedLossPosition_5fba5b8c-f33f-c8fe-316d-96157b5eaddf" xlink:to="loc_us-gaap_DebtSecuritiesAvailableForSaleContinuousUnrealizedLossPositionLessThan12Months_9dc7d38b-d1f1-ee4c-83ca-bf0de39ac02c" xlink:type="arc" />
    <link:loc xlink:href="http://xbrl.fasb.org/us-gaap/2018/elts/us-gaap-2018-01-31.xsd#us-gaap_DebtSecuritiesAvailableForSaleContinuousUnrealizedLossPosition12MonthsOrLonger" xlink:label="loc_us-gaap_DebtSecuritiesAvailableForSaleContinuousUnrealizedLossPosition12MonthsOrLonger_540feb58-a104-9e2c-e527-965521238e74" xlink:type="locator" />
    <link:calculationArc order="2" weight="1" xlink:arcrole="http://www.xbrl.org/2003/arcrole/summation-item" xlink:from="loc_us-gaap_DebtSecuritiesAvailableForSaleUnrealizedLossPosition_5fba5b8c-f33f-c8fe-316d-96157b5eaddf" xlink:to="loc_us-gaap_DebtSecuritiesAvailableForSaleContinuousUnrealizedLossPosition12MonthsOrLonger_540feb58-a104-9e2c-e527-965521238e74" xlink:type="arc" />
    <link:loc xlink:href="http://xbrl.fasb.org/us-gaap/2018/elts/us-gaap-2018-01-31.xsd#us-gaap_DebtSecuritiesAvailableForSaleUnrealizedLossPositionAccumulatedLoss" xlink:label="loc_us-gaap_DebtSecuritiesAvailableForSaleUnrealizedLossPositionAccumulatedLoss_5ad2bd9a-8a3d-b589-f487-66423fdb193d" xlink:type="locator" />
    <link:loc xlink:href="http://xbrl.fasb.org/us-gaap/2018/elts/us-gaap-2018-01-31.xsd#us-gaap_DebtSecuritiesAvailableForSaleContinuousUnrealizedLossPositionLessThan12MonthsAccumulatedLoss" xlink:label="loc_us-gaap_DebtSecuritiesAvailableForSaleContinuousUnrealizedLossPositionLessThan12MonthsAccumulatedLoss_97b62833-0a42-058f-3886-4b4d65c49079" xlink:type="locator" />
    <link:calculationArc order="1" weight="1" xlink:arcrole="http://www.xbrl.org/2003/arcrole/summation-item" xlink:from="loc_us-gaap_DebtSecuritiesAvailableForSaleUnrealizedLossPositionAccumulatedLoss_5ad2bd9a-8a3d-b589-f487-66423fdb193d" xlink:to="loc_us-gaap_DebtSecuritiesAvailableForSaleContinuousUnrealizedLossPositionLessThan12MonthsAccumulatedLoss_97b62833-0a42-058f-3886-4b4d65c49079" xlink:type="arc" />
    <link:loc xlink:href="http://xbrl.fasb.org/us-gaap/2018/elts/us-gaap-2018-01-31.xsd#us-gaap_DebtSecuritiesAvailableForSaleContinuousUnrealizedLossPosition12MonthsOrLongerAccumulatedLoss" xlink:label="loc_us-gaap_DebtSecuritiesAvailableForSaleContinuousUnrealizedLossPosition12MonthsOrLongerAccumulatedLoss_db9e5922-2e70-406b-1ac3-0318ebdc102f" xlink:type="locator" />
    <link:calculationArc order="2" weight="1" xlink:arcrole="http://www.xbrl.org/2003/arcrole/summation-item" xlink:from="loc_us-gaap_DebtSecuritiesAvailableForSaleUnrealizedLossPositionAccumulatedLoss_5ad2bd9a-8a3d-b589-f487-66423fdb193d" xlink:to="loc_us-gaap_DebtSecuritiesAvailableForSaleContinuousUnrealizedLossPosition12MonthsOrLongerAccumulatedLoss_db9e5922-2e70-406b-1ac3-0318ebdc102f" xlink:type="arc" />
  </link:calculationLink>
  <link:calculationLink xlink:role="http://www.apple.com/role/FinancialInstrumentsNotionalAmountsAndCreditRiskAmountsAssociatedWithDerivativeInstrumentsDetails" xlink:type="extended" />
  <link:calculationLink xlink:role="http://www.apple.com/role/FinancialInstrumentsPreTaxGainsAndLossesOfDerivativeAndNonDerivativeInstrumentsDesignatedAsHedgesDetails" xlink:type="extended" />
  <link:calculationLink xlink:role="http://www.apple.com/role/FinancialInstrumentsRestrictedCashDetails" xlink:type="extended">
    <link:loc xlink:href="http://xbrl.fasb.org/us-gaap/2018/elts/us-gaap-2018-01-31.xsd#us-gaap_CashCashEquivalentsRestrictedCashAndRestrictedCashEquivalents" xlink:label="loc_us-gaap_CashCashEquivalentsRestrictedCashAndRestrictedCashEquivalents_1ce4b89e-fa52-7101-5bea-622168a4559a" xlink:type="locator" />
    <link:loc xlink:href="http://xbrl.fasb.org/us-gaap/2018/elts/us-gaap-2018-01-31.xsd#us-gaap_CashAndCashEquivalentsAtCarryingValue" xlink:label="loc_us-gaap_CashAndCashEquivalentsAtCarryingValue_32f41ea9-05c6-e713-464b-586a571d1c1f" xlink:type="locator" />
    <link:calculationArc order="1" weight="1" xlink:arcrole="http://www.xbrl.org/2003/arcrole/summation-item" xlink:from="loc_us-gaap_CashCashEquivalentsRestrictedCashAndRestrictedCashEquivalents_1ce4b89e-fa52-7101-5bea-622168a4559a" xlink:to="loc_us-gaap_CashAndCashEquivalentsAtCarryingValue_32f41ea9-05c6-e713-464b-586a571d1c1f" xlink:type="arc" />
    <link:loc xlink:href="http://xbrl.fasb.org/us-gaap/2018/elts/us-gaap-2018-01-31.xsd#us-gaap_RestrictedCashAndCashEquivalentsAtCarryingValue" xlink:label="loc_us-gaap_RestrictedCashAndCashEquivalentsAtCarryingValue_0e2b0aef-f283-e3cd-a77b-e835b6efc171" xlink:type="locator" />
    <link:calculationArc order="2" weight="1" xlink:arcrole="http://www.xbrl.org/2003/arcrole/summation-item" xlink:from="loc_us-gaap_CashCashEquivalentsRestrictedCashAndRestrictedCashEquivalents_1ce4b89e-fa52-7101-5bea-622168a4559a" xlink:to="loc_us-gaap_RestrictedCashAndCashEquivalentsAtCarryingValue_0e2b0aef-f283-e3cd-a77b-e835b6efc171" xlink:type="arc" />
    <link:loc xlink:href="http://xbrl.fasb.org/us-gaap/2018/elts/us-gaap-2018-01-31.xsd#us-gaap_RestrictedCashAndCashEquivalentsNoncurrent" xlink:label="loc_us-gaap_RestrictedCashAndCashEquivalentsNoncurrent_9b51435d-78b0-60ad-5d83-343c76eab3d9" xlink:type="locator" />
    <link:calculationArc order="3" weight="1" xlink:arcrole="http://www.xbrl.org/2003/arcrole/summation-item" xlink:from="loc_us-gaap_CashCashEquivalentsRestrictedCashAndRestrictedCashEquivalents_1ce4b89e-fa52-7101-5bea-622168a4559a" xlink:to="loc_us-gaap_RestrictedCashAndCashEquivalentsNoncurrent_9b51435d-78b0-60ad-5d83-343c76eab3d9" xlink:type="arc" />
  </link:calculationLink>
  <link:calculationLink xlink:role="http://www.apple.com/role/FinancialInstrumentsTables" xlink:type="extended" />
  <link:calculationLink xlink:role="http://www.apple.com/role/IncomeTaxes" xlink:type="extended" />
  <link:calculationLink xlink:role="http://www.apple.com/role/IncomeTaxesAdditionalInformationDetails" xlink:type="extended" />
  <link:calculationLink xlink:role="http://www.apple.com/role/RevenueRecognition" xlink:type="extended" />
  <link:calculationLink xlink:role="http://www.apple.com/role/RevenueRecognitionAdditionalInformationDetails" xlink:type="extended" />
  <link:calculationLink xlink:role="http://www.apple.com/role/RevenueRecognitionDeferredRevenueExpectedTimingOfRealizationPercentageDetails" xlink:type="extended" />
  <link:calculationLink xlink:role="http://www.apple.com/role/RevenueRecognitionDeferredRevenueExpectedTimingOfRealizationPeriodDetails" xlink:type="extended" />
  <link:calculationLink xlink:role="http://www.apple.com/role/RevenueRecognitionNetSalesDisaggregatedBySignificantProductsAndServicesDetails" xlink:type="extended" />
  <link:calculationLink xlink:role="http://www.apple.com/role/RevenueRecognitionTables" xlink:type="extended" />
  <link:calculationLink xlink:role="http://www.apple.com/role/SegmentInformationAndGeographicData" xlink:type="extended" />
  <link:calculationLink xlink:role="http://www.apple.com/role/SegmentInformationAndGeographicDataReconciliationOfSegmentOperatingIncomeToCondensedConsolidatedStatementsOfOperationsDetails" xlink:type="extended" />
  <link:calculationLink xlink:role="http://www.apple.com/role/SegmentInformationAndGeographicDataSummaryInformationByReportableSegmentDetails" xlink:type="extended" />
  <link:calculationLink xlink:role="http://www.apple.com/role/SegmentInformationAndGeographicDataTables" xlink:type="extended" />
  <link:calculationLink xlink:role="http://www.apple.com/role/ShareholdersEquity" xlink:type="extended" />
  <link:calculationLink xlink:role="http://www.apple.com/role/ShareholdersEquityAdditionalInformationDetails" xlink:type="extended" />
  <link:calculationLink xlink:role="http://www.apple.com/role/SummaryOfSignificantAccountingPolicies" xlink:type="extended" />
  <link:calculationLink xlink:role="http://www.apple.com/role/SummaryOfSignificantAccountingPoliciesAdditionalInformationDetails" xlink:type="extended" />
  <link:calculationLink xlink:role="http://www.apple.com/role/SummaryOfSignificantAccountingPoliciesComputationOfBasicAndDilutedEarningsPerShareDetails" xlink:type="extended">
    <link:loc xlink:href="http://xbrl.fasb.org/us-gaap/2018/elts/us-gaap-2018-01-31.xsd#us-gaap_WeightedAverageNumberOfDilutedSharesOutstanding" xlink:label="loc_us-gaap_WeightedAverageNumberOfDilutedSharesOutstanding_21ce4f2f-397c-6c02-8635-7c94146a06a0" xlink:type="locator" />
    <link:loc xlink:href="http://xbrl.fasb.org/us-gaap/2018/elts/us-gaap-2018-01-31.xsd#us-gaap_WeightedAverageNumberOfSharesOutstandingBasic" xlink:label="loc_us-gaap_WeightedAverageNumberOfSharesOutstandingBasic_2dd9a981-e559-d141-f1c2-4db79f71a7ef" xlink:type="locator" />
    <link:calculationArc order="1" weight="1" xlink:arcrole="http://www.xbrl.org/2003/arcrole/summation-item" xlink:from="loc_us-gaap_WeightedAverageNumberOfDilutedSharesOutstanding_21ce4f2f-397c-6c02-8635-7c94146a06a0" xlink:to="loc_us-gaap_WeightedAverageNumberOfSharesOutstandingBasic_2dd9a981-e559-d141-f1c2-4db79f71a7ef" xlink:type="arc" />
    <link:loc xlink:href="http://xbrl.fasb.org/us-gaap/2018/elts/us-gaap-2018-01-31.xsd#us-gaap_WeightedAverageNumberDilutedSharesOutstandingAdjustment" xlink:label="loc_us-gaap_WeightedAverageNumberDilutedSharesOutstandingAdjustment_d342f32b-4cc6-0bef-3743-616005090121" xlink:type="locator" />
    <link:calculationArc order="2" weight="1" xlink:arcrole="http://www.xbrl.org/2003/arcrole/summation-item" xlink:from="loc_us-gaap_WeightedAverageNumberOfDilutedSharesOutstanding_21ce4f2f-397c-6c02-8635-7c94146a06a0" xlink:to="loc_us-gaap_WeightedAverageNumberDilutedSharesOutstandingAdjustment_d342f32b-4cc6-0bef-3743-616005090121" xlink:type="arc" />
  </link:calculationLink>
  <link:calculationLink xlink:role="http://www.apple.com/role/SummaryOfSignificantAccountingPoliciesPolicies" xlink:type="extended" />
  <link:calculationLink xlink:role="http://www.apple.com/role/SummaryOfSignificantAccountingPoliciesTables" xlink:type="extended" />
</link:linkbase>
