<?xml version="1.0" encoding="US-ASCII"?>
<!--XBRL Document Created with Wdesk from Workiva-->
<!-- -->
<link:linkbase xsi:schemaLocation="http://www.xbrl.org/2003/linkbase http://www.xbrl.org/2003/xbrl-linkbase-2003-12-31.xsd" xmlns:link="http://www.xbrl.org/2003/linkbase" xmlns:xlink="http://www.w3.org/1999/xlink" xmlns:xsi="http://www.w3.org/2001/XMLSchema-instance">
  <link:roleRef roleURI="http://www.apple.com/role/BenefitPlans" xlink:href="aapl-20180630.xsd#BenefitPlans" xlink:type="simple" />
  <link:roleRef roleURI="http://www.apple.com/role/BenefitPlansAdditionalInformationDetails" xlink:href="aapl-20180630.xsd#BenefitPlansAdditionalInformationDetails" xlink:type="simple" />
  <link:roleRef roleURI="http://www.apple.com/role/BenefitPlansRestrictedStockUnitsActivityAndRelatedInformationDetails" xlink:href="aapl-20180630.xsd#BenefitPlansRestrictedStockUnitsActivityAndRelatedInformationDetails" xlink:type="simple" />
  <link:roleRef roleURI="http://www.apple.com/role/BenefitPlansSummaryOfShareBasedCompensationExpenseDetails" xlink:href="aapl-20180630.xsd#BenefitPlansSummaryOfShareBasedCompensationExpenseDetails" xlink:type="simple" />
  <link:roleRef roleURI="http://www.apple.com/role/BenefitPlansTables" xlink:href="aapl-20180630.xsd#BenefitPlansTables" xlink:type="simple" />
  <link:roleRef roleURI="http://www.apple.com/role/CommitmentsAndContingencies" xlink:href="aapl-20180630.xsd#CommitmentsAndContingencies" xlink:type="simple" />
  <link:roleRef roleURI="http://www.apple.com/role/CommitmentsAndContingenciesAdditionalInformationDetails" xlink:href="aapl-20180630.xsd#CommitmentsAndContingenciesAdditionalInformationDetails" xlink:type="simple" />
  <link:roleRef roleURI="http://www.apple.com/role/CommitmentsAndContingenciesChangesInAccruedWarrantiesAndRelatedCostsDetails" xlink:href="aapl-20180630.xsd#CommitmentsAndContingenciesChangesInAccruedWarrantiesAndRelatedCostsDetails" xlink:type="simple" />
  <link:roleRef roleURI="http://www.apple.com/role/CommitmentsAndContingenciesTables" xlink:href="aapl-20180630.xsd#CommitmentsAndContingenciesTables" xlink:type="simple" />
  <link:roleRef roleURI="http://www.apple.com/role/ComprehensiveIncome" xlink:href="aapl-20180630.xsd#ComprehensiveIncome" xlink:type="simple" />
  <link:roleRef roleURI="http://www.apple.com/role/ComprehensiveIncomeChangeInAociByComponentDetails" xlink:href="aapl-20180630.xsd#ComprehensiveIncomeChangeInAociByComponentDetails" xlink:type="simple" />
  <link:roleRef roleURI="http://www.apple.com/role/ComprehensiveIncomePreTaxAmountsReclassifiedFromAociIntoCondensedConsolidatedStatementsOfOperationsDetails" xlink:href="aapl-20180630.xsd#ComprehensiveIncomePreTaxAmountsReclassifiedFromAociIntoCondensedConsolidatedStatementsOfOperationsDetails" xlink:type="simple" />
  <link:roleRef roleURI="http://www.apple.com/role/ComprehensiveIncomeTables" xlink:href="aapl-20180630.xsd#ComprehensiveIncomeTables" xlink:type="simple" />
  <link:roleRef roleURI="http://www.apple.com/role/CondensedConsolidatedBalanceSheetsUnaudited" xlink:href="aapl-20180630.xsd#CondensedConsolidatedBalanceSheetsUnaudited" xlink:type="simple" />
  <link:roleRef roleURI="http://www.apple.com/role/CondensedConsolidatedBalanceSheetsUnauditedParenthetical" xlink:href="aapl-20180630.xsd#CondensedConsolidatedBalanceSheetsUnauditedParenthetical" xlink:type="simple" />
  <link:roleRef roleURI="http://www.apple.com/role/CondensedConsolidatedFinancialStatementDetails" xlink:href="aapl-20180630.xsd#CondensedConsolidatedFinancialStatementDetails" xlink:type="simple" />
  <link:roleRef roleURI="http://www.apple.com/role/CondensedConsolidatedFinancialStatementDetailsInventoriesDetails" xlink:href="aapl-20180630.xsd#CondensedConsolidatedFinancialStatementDetailsInventoriesDetails" xlink:type="simple" />
  <link:roleRef roleURI="http://www.apple.com/role/CondensedConsolidatedFinancialStatementDetailsOtherIncomeExpenseNetDetails" xlink:href="aapl-20180630.xsd#CondensedConsolidatedFinancialStatementDetailsOtherIncomeExpenseNetDetails" xlink:type="simple" />
  <link:roleRef roleURI="http://www.apple.com/role/CondensedConsolidatedFinancialStatementDetailsOtherNonCurrentLiabilitiesDetails" xlink:href="aapl-20180630.xsd#CondensedConsolidatedFinancialStatementDetailsOtherNonCurrentLiabilitiesDetails" xlink:type="simple" />
  <link:roleRef roleURI="http://www.apple.com/role/CondensedConsolidatedFinancialStatementDetailsPropertyPlantAndEquipmentNetDetails" xlink:href="aapl-20180630.xsd#CondensedConsolidatedFinancialStatementDetailsPropertyPlantAndEquipmentNetDetails" xlink:type="simple" />
  <link:roleRef roleURI="http://www.apple.com/role/CondensedConsolidatedFinancialStatementDetailsTables" xlink:href="aapl-20180630.xsd#CondensedConsolidatedFinancialStatementDetailsTables" xlink:type="simple" />
  <link:roleRef roleURI="http://www.apple.com/role/CondensedConsolidatedStatementsOfCashFlowsUnaudited" xlink:href="aapl-20180630.xsd#CondensedConsolidatedStatementsOfCashFlowsUnaudited" xlink:type="simple" />
  <link:roleRef roleURI="http://www.apple.com/role/CondensedConsolidatedStatementsOfComprehensiveIncomeUnaudited" xlink:href="aapl-20180630.xsd#CondensedConsolidatedStatementsOfComprehensiveIncomeUnaudited" xlink:type="simple" />
  <link:roleRef roleURI="http://www.apple.com/role/CondensedConsolidatedStatementsOfComprehensiveIncomeUnauditedParenthetical" xlink:href="aapl-20180630.xsd#CondensedConsolidatedStatementsOfComprehensiveIncomeUnauditedParenthetical" xlink:type="simple" />
  <link:roleRef roleURI="http://www.apple.com/role/CondensedConsolidatedStatementsOfOperationsUnaudited" xlink:href="aapl-20180630.xsd#CondensedConsolidatedStatementsOfOperationsUnaudited" xlink:type="simple" />
  <link:roleRef roleURI="http://www.apple.com/role/Debt" xlink:href="aapl-20180630.xsd#Debt" xlink:type="simple" />
  <link:roleRef roleURI="http://www.apple.com/role/DebtAdditionalInformationDetails" xlink:href="aapl-20180630.xsd#DebtAdditionalInformationDetails" xlink:type="simple" />
  <link:roleRef roleURI="http://www.apple.com/role/DebtSummaryOfCashFlowsAssociatedWithCommercialPaperDetails" xlink:href="aapl-20180630.xsd#DebtSummaryOfCashFlowsAssociatedWithCommercialPaperDetails" xlink:type="simple" />
  <link:roleRef roleURI="http://www.apple.com/role/DebtSummaryOfTermDebtDetails" xlink:href="aapl-20180630.xsd#DebtSummaryOfTermDebtDetails" xlink:type="simple" />
  <link:roleRef roleURI="http://www.apple.com/role/DebtTables" xlink:href="aapl-20180630.xsd#DebtTables" xlink:type="simple" />
  <link:roleRef roleURI="http://www.apple.com/role/DocumentAndEntityInformation" xlink:href="aapl-20180630.xsd#DocumentAndEntityInformation" xlink:type="simple" />
  <link:roleRef roleURI="http://www.apple.com/role/FinancialInstruments" xlink:href="aapl-20180630.xsd#FinancialInstruments" xlink:type="simple" />
  <link:roleRef roleURI="http://www.apple.com/role/FinancialInstrumentsAdditionalInformationDetails" xlink:href="aapl-20180630.xsd#FinancialInstrumentsAdditionalInformationDetails" xlink:type="simple" />
  <link:roleRef roleURI="http://www.apple.com/role/FinancialInstrumentsCashCashEquivalentsAndMarketableSecuritiesDetails" xlink:href="aapl-20180630.xsd#FinancialInstrumentsCashCashEquivalentsAndMarketableSecuritiesDetails" xlink:type="simple" />
  <link:roleRef roleURI="http://www.apple.com/role/FinancialInstrumentsDerivativeInstrumentsAtGrossFairValueDetails" xlink:href="aapl-20180630.xsd#FinancialInstrumentsDerivativeInstrumentsAtGrossFairValueDetails" xlink:type="simple" />
  <link:roleRef roleURI="http://www.apple.com/role/FinancialInstrumentsMarketableSecuritiesInContinuousUnrealizedLossPositionDetails" xlink:href="aapl-20180630.xsd#FinancialInstrumentsMarketableSecuritiesInContinuousUnrealizedLossPositionDetails" xlink:type="simple" />
  <link:roleRef roleURI="http://www.apple.com/role/FinancialInstrumentsNotionalAmountsAndCreditRiskAmountsAssociatedWithDerivativeInstrumentsDetails" xlink:href="aapl-20180630.xsd#FinancialInstrumentsNotionalAmountsAndCreditRiskAmountsAssociatedWithDerivativeInstrumentsDetails" xlink:type="simple" />
  <link:roleRef roleURI="http://www.apple.com/role/FinancialInstrumentsPreTaxGainsAndLossesOfDerivativeAndNonDerivativeInstrumentsDesignatedAsHedgesDetails" xlink:href="aapl-20180630.xsd#FinancialInstrumentsPreTaxGainsAndLossesOfDerivativeAndNonDerivativeInstrumentsDesignatedAsHedgesDetails" xlink:type="simple" />
  <link:roleRef roleURI="http://www.apple.com/role/FinancialInstrumentsTables" xlink:href="aapl-20180630.xsd#FinancialInstrumentsTables" xlink:type="simple" />
  <link:roleRef roleURI="http://www.apple.com/role/IncomeTaxes" xlink:href="aapl-20180630.xsd#IncomeTaxes" xlink:type="simple" />
  <link:roleRef roleURI="http://www.apple.com/role/IncomeTaxesAdditionalInformationDetails" xlink:href="aapl-20180630.xsd#IncomeTaxesAdditionalInformationDetails" xlink:type="simple" />
  <link:roleRef roleURI="http://www.apple.com/role/SegmentInformationAndGeographicData" xlink:href="aapl-20180630.xsd#SegmentInformationAndGeographicData" xlink:type="simple" />
  <link:roleRef roleURI="http://www.apple.com/role/SegmentInformationAndGeographicDataReconciliationOfSegmentOperatingIncomeToCondensedConsolidatedStatementsOfOperationsDetails" xlink:href="aapl-20180630.xsd#SegmentInformationAndGeographicDataReconciliationOfSegmentOperatingIncomeToCondensedConsolidatedStatementsOfOperationsDetails" xlink:type="simple" />
  <link:roleRef roleURI="http://www.apple.com/role/SegmentInformationAndGeographicDataSummaryInformationByReportableSegmentDetails" xlink:href="aapl-20180630.xsd#SegmentInformationAndGeographicDataSummaryInformationByReportableSegmentDetails" xlink:type="simple" />
  <link:roleRef roleURI="http://www.apple.com/role/SegmentInformationAndGeographicDataTables" xlink:href="aapl-20180630.xsd#SegmentInformationAndGeographicDataTables" xlink:type="simple" />
  <link:roleRef roleURI="http://www.apple.com/role/ShareholdersEquity" xlink:href="aapl-20180630.xsd#ShareholdersEquity" xlink:type="simple" />
  <link:roleRef roleURI="http://www.apple.com/role/ShareholdersEquityAdditionalInformationDetails" xlink:href="aapl-20180630.xsd#ShareholdersEquityAdditionalInformationDetails" xlink:type="simple" />
  <link:roleRef roleURI="http://www.apple.com/role/SummaryOfSignificantAccountingPolicies" xlink:href="aapl-20180630.xsd#SummaryOfSignificantAccountingPolicies" xlink:type="simple" />
  <link:roleRef roleURI="http://www.apple.com/role/SummaryOfSignificantAccountingPoliciesAdditionalInformationDetails" xlink:href="aapl-20180630.xsd#SummaryOfSignificantAccountingPoliciesAdditionalInformationDetails" xlink:type="simple" />
  <link:roleRef roleURI="http://www.apple.com/role/SummaryOfSignificantAccountingPoliciesComputationOfBasicAndDilutedEarningsPerShareDetails" xlink:href="aapl-20180630.xsd#SummaryOfSignificantAccountingPoliciesComputationOfBasicAndDilutedEarningsPerShareDetails" xlink:type="simple" />
  <link:roleRef roleURI="http://www.apple.com/role/SummaryOfSignificantAccountingPoliciesPolicies" xlink:href="aapl-20180630.xsd#SummaryOfSignificantAccountingPoliciesPolicies" xlink:type="simple" />
  <link:roleRef roleURI="http://www.apple.com/role/SummaryOfSignificantAccountingPoliciesTables" xlink:href="aapl-20180630.xsd#SummaryOfSignificantAccountingPoliciesTables" xlink:type="simple" />
  <link:calculationLink xlink:role="http://www.apple.com/role/BenefitPlans" xlink:type="extended" />
  <link:calculationLink xlink:role="http://www.apple.com/role/BenefitPlansAdditionalInformationDetails" xlink:type="extended" />
  <link:calculationLink xlink:role="http://www.apple.com/role/BenefitPlansRestrictedStockUnitsActivityAndRelatedInformationDetails" xlink:type="extended" />
  <link:calculationLink xlink:role="http://www.apple.com/role/BenefitPlansSummaryOfShareBasedCompensationExpenseDetails" xlink:type="extended" />
  <link:calculationLink xlink:role="http://www.apple.com/role/BenefitPlansTables" xlink:type="extended" />
  <link:calculationLink xlink:role="http://www.apple.com/role/CommitmentsAndContingencies" xlink:type="extended" />
  <link:calculationLink xlink:role="http://www.apple.com/role/CommitmentsAndContingenciesAdditionalInformationDetails" xlink:type="extended" />
  <link:calculationLink xlink:role="http://www.apple.com/role/CommitmentsAndContingenciesChangesInAccruedWarrantiesAndRelatedCostsDetails" xlink:type="extended" />
  <link:calculationLink xlink:role="http://www.apple.com/role/CommitmentsAndContingenciesTables" xlink:type="extended" />
  <link:calculationLink xlink:role="http://www.apple.com/role/ComprehensiveIncome" xlink:type="extended" />
  <link:calculationLink xlink:role="http://www.apple.com/role/ComprehensiveIncomeChangeInAociByComponentDetails" xlink:type="extended">
    <link:loc xlink:href="http://xbrl.fasb.org/us-gaap/2017/elts/us-gaap-2017-01-31.xsd#us-gaap_OtherComprehensiveIncomeLossNetOfTaxPortionAttributableToParent" xlink:label="loc_us-gaap_OtherComprehensiveIncomeLossNetOfTaxPortionAttributableToParent_72d12753-e25c-cdc0-88b6-98db8d7b7fae" xlink:type="locator" />
    <link:loc xlink:href="http://xbrl.fasb.org/us-gaap/2017/elts/us-gaap-2017-01-31.xsd#us-gaap_OciBeforeReclassificationsBeforeTaxAttributableToParent" xlink:label="loc_us-gaap_OciBeforeReclassificationsBeforeTaxAttributableToParent_4c928012-7d99-ca8a-106e-f04f6320f3f9" xlink:type="locator" />
    <link:calculationArc order="1" weight="1" xlink:arcrole="http://www.xbrl.org/2003/arcrole/summation-item" xlink:from="loc_us-gaap_OtherComprehensiveIncomeLossNetOfTaxPortionAttributableToParent_72d12753-e25c-cdc0-88b6-98db8d7b7fae" xlink:to="loc_us-gaap_OciBeforeReclassificationsBeforeTaxAttributableToParent_4c928012-7d99-ca8a-106e-f04f6320f3f9" xlink:type="arc" />
    <link:loc xlink:href="http://xbrl.fasb.org/us-gaap/2017/elts/us-gaap-2017-01-31.xsd#us-gaap_ReclassificationFromAociCurrentPeriodBeforeTaxAttributableToParent" xlink:label="loc_us-gaap_ReclassificationFromAociCurrentPeriodBeforeTaxAttributableToParent_a86dcd9c-9c09-ef6f-53bd-f9cf63ff8faa" xlink:type="locator" />
    <link:calculationArc order="2" weight="-1" xlink:arcrole="http://www.xbrl.org/2003/arcrole/summation-item" xlink:from="loc_us-gaap_OtherComprehensiveIncomeLossNetOfTaxPortionAttributableToParent_72d12753-e25c-cdc0-88b6-98db8d7b7fae" xlink:to="loc_us-gaap_ReclassificationFromAociCurrentPeriodBeforeTaxAttributableToParent_a86dcd9c-9c09-ef6f-53bd-f9cf63ff8faa" xlink:type="arc" />
    <link:loc xlink:href="http://xbrl.fasb.org/us-gaap/2017/elts/us-gaap-2017-01-31.xsd#us-gaap_OtherComprehensiveIncomeLossTaxPortionAttributableToParent1" xlink:label="loc_us-gaap_OtherComprehensiveIncomeLossTaxPortionAttributableToParent1_67fd6528-ef4d-3003-0a98-a23807348875" xlink:type="locator" />
    <link:calculationArc order="3" weight="-1" xlink:arcrole="http://www.xbrl.org/2003/arcrole/summation-item" xlink:from="loc_us-gaap_OtherComprehensiveIncomeLossNetOfTaxPortionAttributableToParent_72d12753-e25c-cdc0-88b6-98db8d7b7fae" xlink:to="loc_us-gaap_OtherComprehensiveIncomeLossTaxPortionAttributableToParent1_67fd6528-ef4d-3003-0a98-a23807348875" xlink:type="arc" />
  </link:calculationLink>
  <link:calculationLink xlink:role="http://www.apple.com/role/ComprehensiveIncomePreTaxAmountsReclassifiedFromAociIntoCondensedConsolidatedStatementsOfOperationsDetails" xlink:type="extended" />
  <link:calculationLink xlink:role="http://www.apple.com/role/ComprehensiveIncomeTables" xlink:type="extended" />
  <link:calculationLink xlink:role="http://www.apple.com/role/CondensedConsolidatedBalanceSheetsUnaudited" xlink:type="extended">
    <link:loc xlink:href="http://xbrl.fasb.org/us-gaap/2017/elts/us-gaap-2017-01-31.xsd#us-gaap_LiabilitiesAndStockholdersEquity" xlink:label="loc_us-gaap_LiabilitiesAndStockholdersEquity_159dcb00-b17e-17db-7098-be4159799459" xlink:type="locator" />
    <link:loc xlink:href="http://xbrl.fasb.org/us-gaap/2017/elts/us-gaap-2017-01-31.xsd#us-gaap_Liabilities" xlink:label="loc_us-gaap_Liabilities_d8bb821f-d155-9d4e-1738-736b4bf4cb19" xlink:type="locator" />
    <link:calculationArc order="1" weight="1" xlink:arcrole="http://www.xbrl.org/2003/arcrole/summation-item" xlink:from="loc_us-gaap_LiabilitiesAndStockholdersEquity_159dcb00-b17e-17db-7098-be4159799459" xlink:to="loc_us-gaap_Liabilities_d8bb821f-d155-9d4e-1738-736b4bf4cb19" xlink:type="arc" />
    <link:loc xlink:href="http://xbrl.fasb.org/us-gaap/2017/elts/us-gaap-2017-01-31.xsd#us-gaap_LiabilitiesCurrent" xlink:label="loc_us-gaap_LiabilitiesCurrent_f5e246cf-e80f-d00b-c8ed-4796aa2df4b4" xlink:type="locator" />
    <link:calculationArc order="1" weight="1" xlink:arcrole="http://www.xbrl.org/2003/arcrole/summation-item" xlink:from="loc_us-gaap_Liabilities_d8bb821f-d155-9d4e-1738-736b4bf4cb19" xlink:to="loc_us-gaap_LiabilitiesCurrent_f5e246cf-e80f-d00b-c8ed-4796aa2df4b4" xlink:type="arc" />
    <link:loc xlink:href="http://xbrl.fasb.org/us-gaap/2017/elts/us-gaap-2017-01-31.xsd#us-gaap_AccountsPayableCurrent" xlink:label="loc_us-gaap_AccountsPayableCurrent_7a72b51a-735c-1ad4-bd3f-d9bcf2d6a26d" xlink:type="locator" />
    <link:calculationArc order="1" weight="1" xlink:arcrole="http://www.xbrl.org/2003/arcrole/summation-item" xlink:from="loc_us-gaap_LiabilitiesCurrent_f5e246cf-e80f-d00b-c8ed-4796aa2df4b4" xlink:to="loc_us-gaap_AccountsPayableCurrent_7a72b51a-735c-1ad4-bd3f-d9bcf2d6a26d" xlink:type="arc" />
    <link:loc xlink:href="http://xbrl.fasb.org/us-gaap/2017/elts/us-gaap-2017-01-31.xsd#us-gaap_AccruedLiabilitiesCurrent" xlink:label="loc_us-gaap_AccruedLiabilitiesCurrent_3fe8f96b-142b-97b1-3b39-b8d22cd10e98" xlink:type="locator" />
    <link:calculationArc order="2" weight="1" xlink:arcrole="http://www.xbrl.org/2003/arcrole/summation-item" xlink:from="loc_us-gaap_LiabilitiesCurrent_f5e246cf-e80f-d00b-c8ed-4796aa2df4b4" xlink:to="loc_us-gaap_AccruedLiabilitiesCurrent_3fe8f96b-142b-97b1-3b39-b8d22cd10e98" xlink:type="arc" />
    <link:loc xlink:href="http://xbrl.fasb.org/us-gaap/2017/elts/us-gaap-2017-01-31.xsd#us-gaap_DeferredRevenueCurrent" xlink:label="loc_us-gaap_DeferredRevenueCurrent_98f473f8-2d19-99d7-6142-37f86ccd14ec" xlink:type="locator" />
    <link:calculationArc order="3" weight="1" xlink:arcrole="http://www.xbrl.org/2003/arcrole/summation-item" xlink:from="loc_us-gaap_LiabilitiesCurrent_f5e246cf-e80f-d00b-c8ed-4796aa2df4b4" xlink:to="loc_us-gaap_DeferredRevenueCurrent_98f473f8-2d19-99d7-6142-37f86ccd14ec" xlink:type="arc" />
    <link:loc xlink:href="http://xbrl.fasb.org/us-gaap/2017/elts/us-gaap-2017-01-31.xsd#us-gaap_CommercialPaper" xlink:label="loc_us-gaap_CommercialPaper_dd3a429d-bd80-0c3a-54e5-72481c5d094d" xlink:type="locator" />
    <link:calculationArc order="4" weight="1" xlink:arcrole="http://www.xbrl.org/2003/arcrole/summation-item" xlink:from="loc_us-gaap_LiabilitiesCurrent_f5e246cf-e80f-d00b-c8ed-4796aa2df4b4" xlink:to="loc_us-gaap_CommercialPaper_dd3a429d-bd80-0c3a-54e5-72481c5d094d" xlink:type="arc" />
    <link:loc xlink:href="http://xbrl.fasb.org/us-gaap/2017/elts/us-gaap-2017-01-31.xsd#us-gaap_LongTermDebtCurrent" xlink:label="loc_us-gaap_LongTermDebtCurrent_f61bf97e-c3a5-ba72-7591-eba8e7bb6a44" xlink:type="locator" />
    <link:calculationArc order="5" weight="1" xlink:arcrole="http://www.xbrl.org/2003/arcrole/summation-item" xlink:from="loc_us-gaap_LiabilitiesCurrent_f5e246cf-e80f-d00b-c8ed-4796aa2df4b4" xlink:to="loc_us-gaap_LongTermDebtCurrent_f61bf97e-c3a5-ba72-7591-eba8e7bb6a44" xlink:type="arc" />
    <link:loc xlink:href="http://xbrl.fasb.org/us-gaap/2017/elts/us-gaap-2017-01-31.xsd#us-gaap_DeferredRevenueNoncurrent" xlink:label="loc_us-gaap_DeferredRevenueNoncurrent_11e98ceb-5737-f44d-6a16-2d8b64b1228d" xlink:type="locator" />
    <link:calculationArc order="2" weight="1" xlink:arcrole="http://www.xbrl.org/2003/arcrole/summation-item" xlink:from="loc_us-gaap_Liabilities_d8bb821f-d155-9d4e-1738-736b4bf4cb19" xlink:to="loc_us-gaap_DeferredRevenueNoncurrent_11e98ceb-5737-f44d-6a16-2d8b64b1228d" xlink:type="arc" />
    <link:loc xlink:href="http://xbrl.fasb.org/us-gaap/2017/elts/us-gaap-2017-01-31.xsd#us-gaap_LongTermDebtNoncurrent" xlink:label="loc_us-gaap_LongTermDebtNoncurrent_822b66ff-44a1-e66b-5e0c-09356970a23d" xlink:type="locator" />
    <link:calculationArc order="3" weight="1" xlink:arcrole="http://www.xbrl.org/2003/arcrole/summation-item" xlink:from="loc_us-gaap_Liabilities_d8bb821f-d155-9d4e-1738-736b4bf4cb19" xlink:to="loc_us-gaap_LongTermDebtNoncurrent_822b66ff-44a1-e66b-5e0c-09356970a23d" xlink:type="arc" />
    <link:loc xlink:href="http://xbrl.fasb.org/us-gaap/2017/elts/us-gaap-2017-01-31.xsd#us-gaap_OtherLiabilitiesNoncurrent" xlink:label="loc_us-gaap_OtherLiabilitiesNoncurrent_f234998c-5e05-09d0-d53e-5c44423c97c0" xlink:type="locator" />
    <link:calculationArc order="4" weight="1" xlink:arcrole="http://www.xbrl.org/2003/arcrole/summation-item" xlink:from="loc_us-gaap_Liabilities_d8bb821f-d155-9d4e-1738-736b4bf4cb19" xlink:to="loc_us-gaap_OtherLiabilitiesNoncurrent_f234998c-5e05-09d0-d53e-5c44423c97c0" xlink:type="arc" />
    <link:loc xlink:href="http://xbrl.fasb.org/us-gaap/2017/elts/us-gaap-2017-01-31.xsd#us-gaap_CommitmentsAndContingencies" xlink:label="loc_us-gaap_CommitmentsAndContingencies_058e01e4-b9a1-623e-29f5-1b5c79bf095a" xlink:type="locator" />
    <link:calculationArc order="2" weight="1" xlink:arcrole="http://www.xbrl.org/2003/arcrole/summation-item" xlink:from="loc_us-gaap_LiabilitiesAndStockholdersEquity_159dcb00-b17e-17db-7098-be4159799459" xlink:to="loc_us-gaap_CommitmentsAndContingencies_058e01e4-b9a1-623e-29f5-1b5c79bf095a" xlink:type="arc" />
    <link:loc xlink:href="http://xbrl.fasb.org/us-gaap/2017/elts/us-gaap-2017-01-31.xsd#us-gaap_StockholdersEquity" xlink:label="loc_us-gaap_StockholdersEquity_4b158f76-5f04-5e4d-ead3-d80e1f9943db" xlink:type="locator" />
    <link:calculationArc order="3" weight="1" xlink:arcrole="http://www.xbrl.org/2003/arcrole/summation-item" xlink:from="loc_us-gaap_LiabilitiesAndStockholdersEquity_159dcb00-b17e-17db-7098-be4159799459" xlink:to="loc_us-gaap_StockholdersEquity_4b158f76-5f04-5e4d-ead3-d80e1f9943db" xlink:type="arc" />
    <link:loc xlink:href="http://xbrl.fasb.org/us-gaap/2017/elts/us-gaap-2017-01-31.xsd#us-gaap_CommonStocksIncludingAdditionalPaidInCapital" xlink:label="loc_us-gaap_CommonStocksIncludingAdditionalPaidInCapital_9cc7799f-ae61-4351-e1f9-d8329ecaed62" xlink:type="locator" />
    <link:calculationArc order="1" weight="1" xlink:arcrole="http://www.xbrl.org/2003/arcrole/summation-item" xlink:from="loc_us-gaap_StockholdersEquity_4b158f76-5f04-5e4d-ead3-d80e1f9943db" xlink:to="loc_us-gaap_CommonStocksIncludingAdditionalPaidInCapital_9cc7799f-ae61-4351-e1f9-d8329ecaed62" xlink:type="arc" />
    <link:loc xlink:href="http://xbrl.fasb.org/us-gaap/2017/elts/us-gaap-2017-01-31.xsd#us-gaap_RetainedEarningsAccumulatedDeficit" xlink:label="loc_us-gaap_RetainedEarningsAccumulatedDeficit_065cb284-7fca-cc9b-5752-2feaf74d0011" xlink:type="locator" />
    <link:calculationArc order="2" weight="1" xlink:arcrole="http://www.xbrl.org/2003/arcrole/summation-item" xlink:from="loc_us-gaap_StockholdersEquity_4b158f76-5f04-5e4d-ead3-d80e1f9943db" xlink:to="loc_us-gaap_RetainedEarningsAccumulatedDeficit_065cb284-7fca-cc9b-5752-2feaf74d0011" xlink:type="arc" />
    <link:loc xlink:href="http://xbrl.fasb.org/us-gaap/2017/elts/us-gaap-2017-01-31.xsd#us-gaap_AccumulatedOtherComprehensiveIncomeLossNetOfTax" xlink:label="loc_us-gaap_AccumulatedOtherComprehensiveIncomeLossNetOfTax_04f0961a-a0bc-88cf-6658-3f950da4a458" xlink:type="locator" />
    <link:calculationArc order="3" weight="1" xlink:arcrole="http://www.xbrl.org/2003/arcrole/summation-item" xlink:from="loc_us-gaap_StockholdersEquity_4b158f76-5f04-5e4d-ead3-d80e1f9943db" xlink:to="loc_us-gaap_AccumulatedOtherComprehensiveIncomeLossNetOfTax_04f0961a-a0bc-88cf-6658-3f950da4a458" xlink:type="arc" />
    <link:loc xlink:href="http://xbrl.fasb.org/us-gaap/2017/elts/us-gaap-2017-01-31.xsd#us-gaap_Assets" xlink:label="loc_us-gaap_Assets_c6057b1d-6685-8249-2051-6c57f3a16a9e" xlink:type="locator" />
    <link:loc xlink:href="http://xbrl.fasb.org/us-gaap/2017/elts/us-gaap-2017-01-31.xsd#us-gaap_AssetsCurrent" xlink:label="loc_us-gaap_AssetsCurrent_8a47066b-3628-88d1-49db-ed09aecc7fc7" xlink:type="locator" />
    <link:calculationArc order="1" weight="1" xlink:arcrole="http://www.xbrl.org/2003/arcrole/summation-item" xlink:from="loc_us-gaap_Assets_c6057b1d-6685-8249-2051-6c57f3a16a9e" xlink:to="loc_us-gaap_AssetsCurrent_8a47066b-3628-88d1-49db-ed09aecc7fc7" xlink:type="arc" />
    <link:loc xlink:href="http://xbrl.fasb.org/us-gaap/2017/elts/us-gaap-2017-01-31.xsd#us-gaap_CashAndCashEquivalentsAtCarryingValue" xlink:label="loc_us-gaap_CashAndCashEquivalentsAtCarryingValue_07da1db4-2708-4446-4250-1fdd5956185e" xlink:type="locator" />
    <link:calculationArc order="1" weight="1" xlink:arcrole="http://www.xbrl.org/2003/arcrole/summation-item" xlink:from="loc_us-gaap_AssetsCurrent_8a47066b-3628-88d1-49db-ed09aecc7fc7" xlink:to="loc_us-gaap_CashAndCashEquivalentsAtCarryingValue_07da1db4-2708-4446-4250-1fdd5956185e" xlink:type="arc" />
    <link:loc xlink:href="http://xbrl.fasb.org/us-gaap/2017/elts/us-gaap-2017-01-31.xsd#us-gaap_AvailableForSaleSecuritiesCurrent" xlink:label="loc_us-gaap_AvailableForSaleSecuritiesCurrent_5021b8a7-49e1-51a4-4dec-1be505fea6c4" xlink:type="locator" />
    <link:calculationArc order="2" weight="1" xlink:arcrole="http://www.xbrl.org/2003/arcrole/summation-item" xlink:from="loc_us-gaap_AssetsCurrent_8a47066b-3628-88d1-49db-ed09aecc7fc7" xlink:to="loc_us-gaap_AvailableForSaleSecuritiesCurrent_5021b8a7-49e1-51a4-4dec-1be505fea6c4" xlink:type="arc" />
    <link:loc xlink:href="http://xbrl.fasb.org/us-gaap/2017/elts/us-gaap-2017-01-31.xsd#us-gaap_AccountsReceivableNetCurrent" xlink:label="loc_us-gaap_AccountsReceivableNetCurrent_dd7775cd-f4ab-5607-9b31-1ee98f605818" xlink:type="locator" />
    <link:calculationArc order="3" weight="1" xlink:arcrole="http://www.xbrl.org/2003/arcrole/summation-item" xlink:from="loc_us-gaap_AssetsCurrent_8a47066b-3628-88d1-49db-ed09aecc7fc7" xlink:to="loc_us-gaap_AccountsReceivableNetCurrent_dd7775cd-f4ab-5607-9b31-1ee98f605818" xlink:type="arc" />
    <link:loc xlink:href="http://xbrl.fasb.org/us-gaap/2017/elts/us-gaap-2017-01-31.xsd#us-gaap_InventoryNet" xlink:label="loc_us-gaap_InventoryNet_7eab44cf-1ea1-ca2a-420f-21f7b5343fc3" xlink:type="locator" />
    <link:calculationArc order="4" weight="1" xlink:arcrole="http://www.xbrl.org/2003/arcrole/summation-item" xlink:from="loc_us-gaap_AssetsCurrent_8a47066b-3628-88d1-49db-ed09aecc7fc7" xlink:to="loc_us-gaap_InventoryNet_7eab44cf-1ea1-ca2a-420f-21f7b5343fc3" xlink:type="arc" />
    <link:loc xlink:href="http://xbrl.fasb.org/us-gaap/2017/elts/us-gaap-2017-01-31.xsd#us-gaap_NontradeReceivablesCurrent" xlink:label="loc_us-gaap_NontradeReceivablesCurrent_c25f96b9-1aaf-c76d-01c3-4bd5c621bb6d" xlink:type="locator" />
    <link:calculationArc order="5" weight="1" xlink:arcrole="http://www.xbrl.org/2003/arcrole/summation-item" xlink:from="loc_us-gaap_AssetsCurrent_8a47066b-3628-88d1-49db-ed09aecc7fc7" xlink:to="loc_us-gaap_NontradeReceivablesCurrent_c25f96b9-1aaf-c76d-01c3-4bd5c621bb6d" xlink:type="arc" />
    <link:loc xlink:href="http://xbrl.fasb.org/us-gaap/2017/elts/us-gaap-2017-01-31.xsd#us-gaap_OtherAssetsCurrent" xlink:label="loc_us-gaap_OtherAssetsCurrent_1cb4a384-e314-2300-ad55-c1ed289c8f7a" xlink:type="locator" />
    <link:calculationArc order="6" weight="1" xlink:arcrole="http://www.xbrl.org/2003/arcrole/summation-item" xlink:from="loc_us-gaap_AssetsCurrent_8a47066b-3628-88d1-49db-ed09aecc7fc7" xlink:to="loc_us-gaap_OtherAssetsCurrent_1cb4a384-e314-2300-ad55-c1ed289c8f7a" xlink:type="arc" />
    <link:loc xlink:href="http://xbrl.fasb.org/us-gaap/2017/elts/us-gaap-2017-01-31.xsd#us-gaap_AvailableForSaleSecuritiesNoncurrent" xlink:label="loc_us-gaap_AvailableForSaleSecuritiesNoncurrent_0ab9456b-855b-4b5f-17aa-958b2bf5fece" xlink:type="locator" />
    <link:calculationArc order="2" weight="1" xlink:arcrole="http://www.xbrl.org/2003/arcrole/summation-item" xlink:from="loc_us-gaap_Assets_c6057b1d-6685-8249-2051-6c57f3a16a9e" xlink:to="loc_us-gaap_AvailableForSaleSecuritiesNoncurrent_0ab9456b-855b-4b5f-17aa-958b2bf5fece" xlink:type="arc" />
    <link:loc xlink:href="http://xbrl.fasb.org/us-gaap/2017/elts/us-gaap-2017-01-31.xsd#us-gaap_PropertyPlantAndEquipmentNet" xlink:label="loc_us-gaap_PropertyPlantAndEquipmentNet_1944a381-5c4e-ce3c-9111-13ccd1c639db" xlink:type="locator" />
    <link:calculationArc order="3" weight="1" xlink:arcrole="http://www.xbrl.org/2003/arcrole/summation-item" xlink:from="loc_us-gaap_Assets_c6057b1d-6685-8249-2051-6c57f3a16a9e" xlink:to="loc_us-gaap_PropertyPlantAndEquipmentNet_1944a381-5c4e-ce3c-9111-13ccd1c639db" xlink:type="arc" />
    <link:loc xlink:href="http://xbrl.fasb.org/us-gaap/2017/elts/us-gaap-2017-01-31.xsd#us-gaap_OtherAssetsNoncurrent" xlink:label="loc_us-gaap_OtherAssetsNoncurrent_9b27fab9-d497-627b-4cfb-6b585220b978" xlink:type="locator" />
    <link:calculationArc order="4" weight="1" xlink:arcrole="http://www.xbrl.org/2003/arcrole/summation-item" xlink:from="loc_us-gaap_Assets_c6057b1d-6685-8249-2051-6c57f3a16a9e" xlink:to="loc_us-gaap_OtherAssetsNoncurrent_9b27fab9-d497-627b-4cfb-6b585220b978" xlink:type="arc" />
  </link:calculationLink>
  <link:calculationLink xlink:role="http://www.apple.com/role/CondensedConsolidatedBalanceSheetsUnauditedParenthetical" xlink:type="extended" />
  <link:calculationLink xlink:role="http://www.apple.com/role/CondensedConsolidatedFinancialStatementDetails" xlink:type="extended" />
  <link:calculationLink xlink:role="http://www.apple.com/role/CondensedConsolidatedFinancialStatementDetailsInventoriesDetails" xlink:type="extended">
    <link:loc xlink:href="http://xbrl.fasb.org/us-gaap/2017/elts/us-gaap-2017-01-31.xsd#us-gaap_InventoryNet" xlink:label="loc_us-gaap_InventoryNet_7eab44cf-1ea1-ca2a-420f-21f7b5343fc3" xlink:type="locator" />
    <link:loc xlink:href="http://xbrl.fasb.org/us-gaap/2017/elts/us-gaap-2017-01-31.xsd#us-gaap_InventoryPartsAndComponentsNetOfReserves" xlink:label="loc_us-gaap_InventoryPartsAndComponentsNetOfReserves_8a9b68b3-6794-b3a5-0f93-500b6ceaf12a" xlink:type="locator" />
    <link:calculationArc order="1" weight="1" xlink:arcrole="http://www.xbrl.org/2003/arcrole/summation-item" xlink:from="loc_us-gaap_InventoryNet_7eab44cf-1ea1-ca2a-420f-21f7b5343fc3" xlink:to="loc_us-gaap_InventoryPartsAndComponentsNetOfReserves_8a9b68b3-6794-b3a5-0f93-500b6ceaf12a" xlink:type="arc" />
    <link:loc xlink:href="http://xbrl.fasb.org/us-gaap/2017/elts/us-gaap-2017-01-31.xsd#us-gaap_InventoryFinishedGoodsNetOfReserves" xlink:label="loc_us-gaap_InventoryFinishedGoodsNetOfReserves_b077ba6e-d590-fd28-6cc4-ab52e924ed70" xlink:type="locator" />
    <link:calculationArc order="2" weight="1" xlink:arcrole="http://www.xbrl.org/2003/arcrole/summation-item" xlink:from="loc_us-gaap_InventoryNet_7eab44cf-1ea1-ca2a-420f-21f7b5343fc3" xlink:to="loc_us-gaap_InventoryFinishedGoodsNetOfReserves_b077ba6e-d590-fd28-6cc4-ab52e924ed70" xlink:type="arc" />
  </link:calculationLink>
  <link:calculationLink xlink:role="http://www.apple.com/role/CondensedConsolidatedFinancialStatementDetailsOtherIncomeExpenseNetDetails" xlink:type="extended">
    <link:loc xlink:href="http://xbrl.fasb.org/us-gaap/2017/elts/us-gaap-2017-01-31.xsd#us-gaap_NonoperatingIncomeExpense" xlink:label="loc_us-gaap_NonoperatingIncomeExpense_9b894abb-bf85-2810-9d9d-c92a9b0f56f1" xlink:type="locator" />
    <link:loc xlink:href="http://xbrl.fasb.org/us-gaap/2017/elts/us-gaap-2017-01-31.xsd#us-gaap_InvestmentIncomeInterestAndDividend" xlink:label="loc_us-gaap_InvestmentIncomeInterestAndDividend_bc368fb0-0ed4-a707-5fec-e52b7d3c8d9b" xlink:type="locator" />
    <link:calculationArc order="1" weight="1" xlink:arcrole="http://www.xbrl.org/2003/arcrole/summation-item" xlink:from="loc_us-gaap_NonoperatingIncomeExpense_9b894abb-bf85-2810-9d9d-c92a9b0f56f1" xlink:to="loc_us-gaap_InvestmentIncomeInterestAndDividend_bc368fb0-0ed4-a707-5fec-e52b7d3c8d9b" xlink:type="arc" />
    <link:loc xlink:href="http://xbrl.fasb.org/us-gaap/2017/elts/us-gaap-2017-01-31.xsd#us-gaap_InterestExpense" xlink:label="loc_us-gaap_InterestExpense_7c9599ab-2a77-022c-c720-63fecff6a62c" xlink:type="locator" />
    <link:calculationArc order="2" weight="-1" xlink:arcrole="http://www.xbrl.org/2003/arcrole/summation-item" xlink:from="loc_us-gaap_NonoperatingIncomeExpense_9b894abb-bf85-2810-9d9d-c92a9b0f56f1" xlink:to="loc_us-gaap_InterestExpense_7c9599ab-2a77-022c-c720-63fecff6a62c" xlink:type="arc" />
    <link:loc xlink:href="http://xbrl.fasb.org/us-gaap/2017/elts/us-gaap-2017-01-31.xsd#us-gaap_OtherNonoperatingIncomeExpense" xlink:label="loc_us-gaap_OtherNonoperatingIncomeExpense_250c3b2f-7db5-7088-68cc-1dd831a2c2d7" xlink:type="locator" />
    <link:calculationArc order="3" weight="1" xlink:arcrole="http://www.xbrl.org/2003/arcrole/summation-item" xlink:from="loc_us-gaap_NonoperatingIncomeExpense_9b894abb-bf85-2810-9d9d-c92a9b0f56f1" xlink:to="loc_us-gaap_OtherNonoperatingIncomeExpense_250c3b2f-7db5-7088-68cc-1dd831a2c2d7" xlink:type="arc" />
  </link:calculationLink>
  <link:calculationLink xlink:role="http://www.apple.com/role/CondensedConsolidatedFinancialStatementDetailsOtherNonCurrentLiabilitiesDetails" xlink:type="extended">
    <link:loc xlink:href="http://xbrl.fasb.org/us-gaap/2017/elts/us-gaap-2017-01-31.xsd#us-gaap_OtherLiabilitiesNoncurrent" xlink:label="loc_us-gaap_OtherLiabilitiesNoncurrent_f234998c-5e05-09d0-d53e-5c44423c97c0" xlink:type="locator" />
    <link:loc xlink:href="http://xbrl.fasb.org/us-gaap/2017/elts/us-gaap-2017-01-31.xsd#us-gaap_AccruedIncomeTaxesNoncurrent" xlink:label="loc_us-gaap_AccruedIncomeTaxesNoncurrent_39fdf2e0-cba9-5ec1-5f6b-a944b9ccb0d0" xlink:type="locator" />
    <link:calculationArc order="1" weight="1" xlink:arcrole="http://www.xbrl.org/2003/arcrole/summation-item" xlink:from="loc_us-gaap_OtherLiabilitiesNoncurrent_f234998c-5e05-09d0-d53e-5c44423c97c0" xlink:to="loc_us-gaap_AccruedIncomeTaxesNoncurrent_39fdf2e0-cba9-5ec1-5f6b-a944b9ccb0d0" xlink:type="arc" />
    <link:loc xlink:href="http://xbrl.fasb.org/us-gaap/2017/elts/us-gaap-2017-01-31.xsd#us-gaap_DeferredTaxLiabilitiesNoncurrent" xlink:label="loc_us-gaap_DeferredTaxLiabilitiesNoncurrent_314eb579-3ee1-408c-39f2-e62f2f37befc" xlink:type="locator" />
    <link:calculationArc order="2" weight="1" xlink:arcrole="http://www.xbrl.org/2003/arcrole/summation-item" xlink:from="loc_us-gaap_OtherLiabilitiesNoncurrent_f234998c-5e05-09d0-d53e-5c44423c97c0" xlink:to="loc_us-gaap_DeferredTaxLiabilitiesNoncurrent_314eb579-3ee1-408c-39f2-e62f2f37befc" xlink:type="arc" />
    <link:loc xlink:href="http://xbrl.fasb.org/us-gaap/2017/elts/us-gaap-2017-01-31.xsd#us-gaap_OtherAccruedLiabilitiesNoncurrent" xlink:label="loc_us-gaap_OtherAccruedLiabilitiesNoncurrent_4650e58b-7b8c-4f18-15a4-34dd738e5c04" xlink:type="locator" />
    <link:calculationArc order="3" weight="1" xlink:arcrole="http://www.xbrl.org/2003/arcrole/summation-item" xlink:from="loc_us-gaap_OtherLiabilitiesNoncurrent_f234998c-5e05-09d0-d53e-5c44423c97c0" xlink:to="loc_us-gaap_OtherAccruedLiabilitiesNoncurrent_4650e58b-7b8c-4f18-15a4-34dd738e5c04" xlink:type="arc" />
  </link:calculationLink>
  <link:calculationLink xlink:role="http://www.apple.com/role/CondensedConsolidatedFinancialStatementDetailsPropertyPlantAndEquipmentNetDetails" xlink:type="extended">
    <link:loc xlink:href="http://xbrl.fasb.org/us-gaap/2017/elts/us-gaap-2017-01-31.xsd#us-gaap_PropertyPlantAndEquipmentNet" xlink:label="loc_us-gaap_PropertyPlantAndEquipmentNet_1944a381-5c4e-ce3c-9111-13ccd1c639db" xlink:type="locator" />
    <link:loc xlink:href="http://xbrl.fasb.org/us-gaap/2017/elts/us-gaap-2017-01-31.xsd#us-gaap_PropertyPlantAndEquipmentGross" xlink:label="loc_us-gaap_PropertyPlantAndEquipmentGross_fe5a8e8b-5934-3dc5-9dae-7d40983185cf" xlink:type="locator" />
    <link:calculationArc order="1" weight="1" xlink:arcrole="http://www.xbrl.org/2003/arcrole/summation-item" xlink:from="loc_us-gaap_PropertyPlantAndEquipmentNet_1944a381-5c4e-ce3c-9111-13ccd1c639db" xlink:to="loc_us-gaap_PropertyPlantAndEquipmentGross_fe5a8e8b-5934-3dc5-9dae-7d40983185cf" xlink:type="arc" />
    <link:loc xlink:href="http://xbrl.fasb.org/us-gaap/2017/elts/us-gaap-2017-01-31.xsd#us-gaap_AccumulatedDepreciationDepletionAndAmortizationPropertyPlantAndEquipment" xlink:label="loc_us-gaap_AccumulatedDepreciationDepletionAndAmortizationPropertyPlantAndEquipment_5551841b-83e0-4644-fca8-d4027d932c0a" xlink:type="locator" />
    <link:calculationArc order="2" weight="-1" xlink:arcrole="http://www.xbrl.org/2003/arcrole/summation-item" xlink:from="loc_us-gaap_PropertyPlantAndEquipmentNet_1944a381-5c4e-ce3c-9111-13ccd1c639db" xlink:to="loc_us-gaap_AccumulatedDepreciationDepletionAndAmortizationPropertyPlantAndEquipment_5551841b-83e0-4644-fca8-d4027d932c0a" xlink:type="arc" />
  </link:calculationLink>
  <link:calculationLink xlink:role="http://www.apple.com/role/CondensedConsolidatedFinancialStatementDetailsTables" xlink:type="extended" />
  <link:calculationLink xlink:role="http://www.apple.com/role/CondensedConsolidatedStatementsOfCashFlowsUnaudited" xlink:type="extended">
    <link:loc xlink:href="http://xbrl.fasb.org/us-gaap/2017/elts/us-gaap-2017-01-31.xsd#us-gaap_CashAndCashEquivalentsPeriodIncreaseDecrease" xlink:label="loc_us-gaap_CashAndCashEquivalentsPeriodIncreaseDecrease_dd2e9db6-10f9-d78a-ba84-b18268245a83" xlink:type="locator" />
    <link:loc xlink:href="http://xbrl.fasb.org/us-gaap/2017/elts/us-gaap-2017-01-31.xsd#us-gaap_NetCashProvidedByUsedInOperatingActivities" xlink:label="loc_us-gaap_NetCashProvidedByUsedInOperatingActivities_444b1ac7-f47a-4ce3-0caa-537f7e4ab8c3" xlink:type="locator" />
    <link:calculationArc order="1" weight="1" xlink:arcrole="http://www.xbrl.org/2003/arcrole/summation-item" xlink:from="loc_us-gaap_CashAndCashEquivalentsPeriodIncreaseDecrease_dd2e9db6-10f9-d78a-ba84-b18268245a83" xlink:to="loc_us-gaap_NetCashProvidedByUsedInOperatingActivities_444b1ac7-f47a-4ce3-0caa-537f7e4ab8c3" xlink:type="arc" />
    <link:loc xlink:href="http://xbrl.fasb.org/us-gaap/2017/elts/us-gaap-2017-01-31.xsd#us-gaap_NetIncomeLoss" xlink:label="loc_us-gaap_NetIncomeLoss_641b1cab-a2b3-2e0e-8389-1455ff3f8581" xlink:type="locator" />
    <link:calculationArc order="1" weight="1" xlink:arcrole="http://www.xbrl.org/2003/arcrole/summation-item" xlink:from="loc_us-gaap_NetCashProvidedByUsedInOperatingActivities_444b1ac7-f47a-4ce3-0caa-537f7e4ab8c3" xlink:to="loc_us-gaap_NetIncomeLoss_641b1cab-a2b3-2e0e-8389-1455ff3f8581" xlink:type="arc" />
    <link:loc xlink:href="http://xbrl.fasb.org/us-gaap/2017/elts/us-gaap-2017-01-31.xsd#us-gaap_DepreciationAmortizationAndAccretionNet" xlink:label="loc_us-gaap_DepreciationAmortizationAndAccretionNet_9b039144-dc24-2381-1de5-20fa04e9b091" xlink:type="locator" />
    <link:calculationArc order="2" weight="1" xlink:arcrole="http://www.xbrl.org/2003/arcrole/summation-item" xlink:from="loc_us-gaap_NetCashProvidedByUsedInOperatingActivities_444b1ac7-f47a-4ce3-0caa-537f7e4ab8c3" xlink:to="loc_us-gaap_DepreciationAmortizationAndAccretionNet_9b039144-dc24-2381-1de5-20fa04e9b091" xlink:type="arc" />
    <link:loc xlink:href="http://xbrl.fasb.org/us-gaap/2017/elts/us-gaap-2017-01-31.xsd#us-gaap_ShareBasedCompensation" xlink:label="loc_us-gaap_ShareBasedCompensation_e3eecf87-b290-4567-8a59-5b0a8e27c85b" xlink:type="locator" />
    <link:calculationArc order="3" weight="1" xlink:arcrole="http://www.xbrl.org/2003/arcrole/summation-item" xlink:from="loc_us-gaap_NetCashProvidedByUsedInOperatingActivities_444b1ac7-f47a-4ce3-0caa-537f7e4ab8c3" xlink:to="loc_us-gaap_ShareBasedCompensation_e3eecf87-b290-4567-8a59-5b0a8e27c85b" xlink:type="arc" />
    <link:loc xlink:href="http://xbrl.fasb.org/us-gaap/2017/elts/us-gaap-2017-01-31.xsd#us-gaap_DeferredIncomeTaxExpenseBenefit" xlink:label="loc_us-gaap_DeferredIncomeTaxExpenseBenefit_f75d01b7-d271-b07d-c4a7-6ae60293303d" xlink:type="locator" />
    <link:calculationArc order="4" weight="1" xlink:arcrole="http://www.xbrl.org/2003/arcrole/summation-item" xlink:from="loc_us-gaap_NetCashProvidedByUsedInOperatingActivities_444b1ac7-f47a-4ce3-0caa-537f7e4ab8c3" xlink:to="loc_us-gaap_DeferredIncomeTaxExpenseBenefit_f75d01b7-d271-b07d-c4a7-6ae60293303d" xlink:type="arc" />
    <link:loc xlink:href="http://xbrl.fasb.org/us-gaap/2017/elts/us-gaap-2017-01-31.xsd#us-gaap_IncreaseDecreaseInAccountsReceivable" xlink:label="loc_us-gaap_IncreaseDecreaseInAccountsReceivable_dd4bfa5e-1979-c817-e8a9-371104c0d4f7" xlink:type="locator" />
    <link:calculationArc order="5" weight="-1" xlink:arcrole="http://www.xbrl.org/2003/arcrole/summation-item" xlink:from="loc_us-gaap_NetCashProvidedByUsedInOperatingActivities_444b1ac7-f47a-4ce3-0caa-537f7e4ab8c3" xlink:to="loc_us-gaap_IncreaseDecreaseInAccountsReceivable_dd4bfa5e-1979-c817-e8a9-371104c0d4f7" xlink:type="arc" />
    <link:loc xlink:href="http://xbrl.fasb.org/us-gaap/2017/elts/us-gaap-2017-01-31.xsd#us-gaap_IncreaseDecreaseInInventories" xlink:label="loc_us-gaap_IncreaseDecreaseInInventories_bf3f9720-ba63-7ecd-52ae-e754a6f349db" xlink:type="locator" />
    <link:calculationArc order="6" weight="-1" xlink:arcrole="http://www.xbrl.org/2003/arcrole/summation-item" xlink:from="loc_us-gaap_NetCashProvidedByUsedInOperatingActivities_444b1ac7-f47a-4ce3-0caa-537f7e4ab8c3" xlink:to="loc_us-gaap_IncreaseDecreaseInInventories_bf3f9720-ba63-7ecd-52ae-e754a6f349db" xlink:type="arc" />
    <link:loc xlink:href="http://xbrl.fasb.org/us-gaap/2017/elts/us-gaap-2017-01-31.xsd#us-gaap_IncreaseDecreaseInOtherOperatingAssets" xlink:label="loc_us-gaap_IncreaseDecreaseInOtherOperatingAssets_ac9066b4-6e40-13ed-8628-1a20304926d8" xlink:type="locator" />
    <link:calculationArc order="7" weight="-1" xlink:arcrole="http://www.xbrl.org/2003/arcrole/summation-item" xlink:from="loc_us-gaap_NetCashProvidedByUsedInOperatingActivities_444b1ac7-f47a-4ce3-0caa-537f7e4ab8c3" xlink:to="loc_us-gaap_IncreaseDecreaseInOtherOperatingAssets_ac9066b4-6e40-13ed-8628-1a20304926d8" xlink:type="arc" />
    <link:loc xlink:href="http://xbrl.fasb.org/us-gaap/2017/elts/us-gaap-2017-01-31.xsd#us-gaap_IncreaseDecreaseInAccountsPayable" xlink:label="loc_us-gaap_IncreaseDecreaseInAccountsPayable_a8b6fe35-4809-bddf-7ef6-3144a6c89165" xlink:type="locator" />
    <link:calculationArc order="8" weight="1" xlink:arcrole="http://www.xbrl.org/2003/arcrole/summation-item" xlink:from="loc_us-gaap_NetCashProvidedByUsedInOperatingActivities_444b1ac7-f47a-4ce3-0caa-537f7e4ab8c3" xlink:to="loc_us-gaap_IncreaseDecreaseInAccountsPayable_a8b6fe35-4809-bddf-7ef6-3144a6c89165" xlink:type="arc" />
    <link:loc xlink:href="http://xbrl.fasb.org/us-gaap/2017/elts/us-gaap-2017-01-31.xsd#us-gaap_IncreaseDecreaseInDeferredRevenue" xlink:label="loc_us-gaap_IncreaseDecreaseInDeferredRevenue_91397648-589d-3b53-47c8-16b8909c78f4" xlink:type="locator" />
    <link:calculationArc order="9" weight="1" xlink:arcrole="http://www.xbrl.org/2003/arcrole/summation-item" xlink:from="loc_us-gaap_NetCashProvidedByUsedInOperatingActivities_444b1ac7-f47a-4ce3-0caa-537f7e4ab8c3" xlink:to="loc_us-gaap_IncreaseDecreaseInDeferredRevenue_91397648-589d-3b53-47c8-16b8909c78f4" xlink:type="arc" />
    <link:loc xlink:href="http://xbrl.fasb.org/us-gaap/2017/elts/us-gaap-2017-01-31.xsd#us-gaap_IncreaseDecreaseInOtherOperatingLiabilities" xlink:label="loc_us-gaap_IncreaseDecreaseInOtherOperatingLiabilities_7e3bb724-19f9-7fc7-d3fb-60f34a11e15a" xlink:type="locator" />
    <link:calculationArc order="10" weight="1" xlink:arcrole="http://www.xbrl.org/2003/arcrole/summation-item" xlink:from="loc_us-gaap_NetCashProvidedByUsedInOperatingActivities_444b1ac7-f47a-4ce3-0caa-537f7e4ab8c3" xlink:to="loc_us-gaap_IncreaseDecreaseInOtherOperatingLiabilities_7e3bb724-19f9-7fc7-d3fb-60f34a11e15a" xlink:type="arc" />
    <link:loc xlink:href="http://xbrl.fasb.org/us-gaap/2017/elts/us-gaap-2017-01-31.xsd#us-gaap_IncreaseDecreaseInOtherReceivables" xlink:label="loc_us-gaap_IncreaseDecreaseInOtherReceivables_6f28486e-f9ed-43d2-2ab7-156fe91bac0d" xlink:type="locator" />
    <link:calculationArc order="11" weight="-1" xlink:arcrole="http://www.xbrl.org/2003/arcrole/summation-item" xlink:from="loc_us-gaap_NetCashProvidedByUsedInOperatingActivities_444b1ac7-f47a-4ce3-0caa-537f7e4ab8c3" xlink:to="loc_us-gaap_IncreaseDecreaseInOtherReceivables_6f28486e-f9ed-43d2-2ab7-156fe91bac0d" xlink:type="arc" />
    <link:loc xlink:href="http://xbrl.fasb.org/us-gaap/2017/elts/us-gaap-2017-01-31.xsd#us-gaap_OtherNoncashIncomeExpense" xlink:label="loc_us-gaap_OtherNoncashIncomeExpense_371a4d3e-148a-313f-f556-b3ca6797139e" xlink:type="locator" />
    <link:calculationArc order="12" weight="-1" xlink:arcrole="http://www.xbrl.org/2003/arcrole/summation-item" xlink:from="loc_us-gaap_NetCashProvidedByUsedInOperatingActivities_444b1ac7-f47a-4ce3-0caa-537f7e4ab8c3" xlink:to="loc_us-gaap_OtherNoncashIncomeExpense_371a4d3e-148a-313f-f556-b3ca6797139e" xlink:type="arc" />
    <link:loc xlink:href="http://xbrl.fasb.org/us-gaap/2017/elts/us-gaap-2017-01-31.xsd#us-gaap_NetCashProvidedByUsedInInvestingActivities" xlink:label="loc_us-gaap_NetCashProvidedByUsedInInvestingActivities_70319186-e7bd-7189-88d2-eba26fb93350" xlink:type="locator" />
    <link:calculationArc order="2" weight="1" xlink:arcrole="http://www.xbrl.org/2003/arcrole/summation-item" xlink:from="loc_us-gaap_CashAndCashEquivalentsPeriodIncreaseDecrease_dd2e9db6-10f9-d78a-ba84-b18268245a83" xlink:to="loc_us-gaap_NetCashProvidedByUsedInInvestingActivities_70319186-e7bd-7189-88d2-eba26fb93350" xlink:type="arc" />
    <link:loc xlink:href="http://xbrl.fasb.org/us-gaap/2017/elts/us-gaap-2017-01-31.xsd#us-gaap_PaymentsToAcquireAvailableForSaleSecurities" xlink:label="loc_us-gaap_PaymentsToAcquireAvailableForSaleSecurities_9cebbd9b-269e-5a19-54b8-1c32e2660d83" xlink:type="locator" />
    <link:calculationArc order="1" weight="-1" xlink:arcrole="http://www.xbrl.org/2003/arcrole/summation-item" xlink:from="loc_us-gaap_NetCashProvidedByUsedInInvestingActivities_70319186-e7bd-7189-88d2-eba26fb93350" xlink:to="loc_us-gaap_PaymentsToAcquireAvailableForSaleSecurities_9cebbd9b-269e-5a19-54b8-1c32e2660d83" xlink:type="arc" />
    <link:loc xlink:href="http://xbrl.fasb.org/us-gaap/2017/elts/us-gaap-2017-01-31.xsd#us-gaap_ProceedsFromMaturitiesPrepaymentsAndCallsOfAvailableForSaleSecurities" xlink:label="loc_us-gaap_ProceedsFromMaturitiesPrepaymentsAndCallsOfAvailableForSaleSecurities_b49c7a2f-2986-824d-e7cb-bc082ac0e888" xlink:type="locator" />
    <link:calculationArc order="2" weight="1" xlink:arcrole="http://www.xbrl.org/2003/arcrole/summation-item" xlink:from="loc_us-gaap_NetCashProvidedByUsedInInvestingActivities_70319186-e7bd-7189-88d2-eba26fb93350" xlink:to="loc_us-gaap_ProceedsFromMaturitiesPrepaymentsAndCallsOfAvailableForSaleSecurities_b49c7a2f-2986-824d-e7cb-bc082ac0e888" xlink:type="arc" />
    <link:loc xlink:href="http://xbrl.fasb.org/us-gaap/2017/elts/us-gaap-2017-01-31.xsd#us-gaap_ProceedsFromSaleOfAvailableForSaleSecurities" xlink:label="loc_us-gaap_ProceedsFromSaleOfAvailableForSaleSecurities_d3d89aab-5be8-f6a4-66e9-41f55e0839cd" xlink:type="locator" />
    <link:calculationArc order="3" weight="1" xlink:arcrole="http://www.xbrl.org/2003/arcrole/summation-item" xlink:from="loc_us-gaap_NetCashProvidedByUsedInInvestingActivities_70319186-e7bd-7189-88d2-eba26fb93350" xlink:to="loc_us-gaap_ProceedsFromSaleOfAvailableForSaleSecurities_d3d89aab-5be8-f6a4-66e9-41f55e0839cd" xlink:type="arc" />
    <link:loc xlink:href="http://xbrl.fasb.org/us-gaap/2017/elts/us-gaap-2017-01-31.xsd#us-gaap_PaymentsToAcquireBusinessesNetOfCashAcquired" xlink:label="loc_us-gaap_PaymentsToAcquireBusinessesNetOfCashAcquired_9d35c912-5b2d-89f7-eeb3-812a0511db5e" xlink:type="locator" />
    <link:calculationArc order="4" weight="-1" xlink:arcrole="http://www.xbrl.org/2003/arcrole/summation-item" xlink:from="loc_us-gaap_NetCashProvidedByUsedInInvestingActivities_70319186-e7bd-7189-88d2-eba26fb93350" xlink:to="loc_us-gaap_PaymentsToAcquireBusinessesNetOfCashAcquired_9d35c912-5b2d-89f7-eeb3-812a0511db5e" xlink:type="arc" />
    <link:loc xlink:href="http://xbrl.fasb.org/us-gaap/2017/elts/us-gaap-2017-01-31.xsd#us-gaap_PaymentsToAcquirePropertyPlantAndEquipment" xlink:label="loc_us-gaap_PaymentsToAcquirePropertyPlantAndEquipment_fee12b15-6b42-6245-2e2f-ff030b98332c" xlink:type="locator" />
    <link:calculationArc order="5" weight="-1" xlink:arcrole="http://www.xbrl.org/2003/arcrole/summation-item" xlink:from="loc_us-gaap_NetCashProvidedByUsedInInvestingActivities_70319186-e7bd-7189-88d2-eba26fb93350" xlink:to="loc_us-gaap_PaymentsToAcquirePropertyPlantAndEquipment_fee12b15-6b42-6245-2e2f-ff030b98332c" xlink:type="arc" />
    <link:loc xlink:href="http://xbrl.fasb.org/us-gaap/2017/elts/us-gaap-2017-01-31.xsd#us-gaap_PaymentsToAcquireOtherInvestments" xlink:label="loc_us-gaap_PaymentsToAcquireOtherInvestments_197915f7-be4a-7489-7a63-0586d02cfc0f" xlink:type="locator" />
    <link:calculationArc order="6" weight="-1" xlink:arcrole="http://www.xbrl.org/2003/arcrole/summation-item" xlink:from="loc_us-gaap_NetCashProvidedByUsedInInvestingActivities_70319186-e7bd-7189-88d2-eba26fb93350" xlink:to="loc_us-gaap_PaymentsToAcquireOtherInvestments_197915f7-be4a-7489-7a63-0586d02cfc0f" xlink:type="arc" />
    <link:loc xlink:href="http://xbrl.fasb.org/us-gaap/2017/elts/us-gaap-2017-01-31.xsd#us-gaap_ProceedsFromSaleAndMaturityOfOtherInvestments" xlink:label="loc_us-gaap_ProceedsFromSaleAndMaturityOfOtherInvestments_e6d6486e-82d1-24a8-4687-2a4e31bd898e" xlink:type="locator" />
    <link:calculationArc order="7" weight="1" xlink:arcrole="http://www.xbrl.org/2003/arcrole/summation-item" xlink:from="loc_us-gaap_NetCashProvidedByUsedInInvestingActivities_70319186-e7bd-7189-88d2-eba26fb93350" xlink:to="loc_us-gaap_ProceedsFromSaleAndMaturityOfOtherInvestments_e6d6486e-82d1-24a8-4687-2a4e31bd898e" xlink:type="arc" />
    <link:loc xlink:href="http://xbrl.fasb.org/us-gaap/2017/elts/us-gaap-2017-01-31.xsd#us-gaap_PaymentsForProceedsFromOtherInvestingActivities" xlink:label="loc_us-gaap_PaymentsForProceedsFromOtherInvestingActivities_5eaab9ea-3795-2871-0d80-72b9662e37e6" xlink:type="locator" />
    <link:calculationArc order="8" weight="-1" xlink:arcrole="http://www.xbrl.org/2003/arcrole/summation-item" xlink:from="loc_us-gaap_NetCashProvidedByUsedInInvestingActivities_70319186-e7bd-7189-88d2-eba26fb93350" xlink:to="loc_us-gaap_PaymentsForProceedsFromOtherInvestingActivities_5eaab9ea-3795-2871-0d80-72b9662e37e6" xlink:type="arc" />
    <link:loc xlink:href="http://xbrl.fasb.org/us-gaap/2017/elts/us-gaap-2017-01-31.xsd#us-gaap_NetCashProvidedByUsedInFinancingActivities" xlink:label="loc_us-gaap_NetCashProvidedByUsedInFinancingActivities_deb49b68-c030-7624-a39d-ea301caa5dbf" xlink:type="locator" />
    <link:calculationArc order="3" weight="1" xlink:arcrole="http://www.xbrl.org/2003/arcrole/summation-item" xlink:from="loc_us-gaap_CashAndCashEquivalentsPeriodIncreaseDecrease_dd2e9db6-10f9-d78a-ba84-b18268245a83" xlink:to="loc_us-gaap_NetCashProvidedByUsedInFinancingActivities_deb49b68-c030-7624-a39d-ea301caa5dbf" xlink:type="arc" />
    <link:loc xlink:href="http://xbrl.fasb.org/us-gaap/2017/elts/us-gaap-2017-01-31.xsd#us-gaap_ProceedsFromIssuanceOfCommonStock" xlink:label="loc_us-gaap_ProceedsFromIssuanceOfCommonStock_dbbd5d91-eb58-fa81-2753-d9ddf4ada4c1" xlink:type="locator" />
    <link:calculationArc order="1" weight="1" xlink:arcrole="http://www.xbrl.org/2003/arcrole/summation-item" xlink:from="loc_us-gaap_NetCashProvidedByUsedInFinancingActivities_deb49b68-c030-7624-a39d-ea301caa5dbf" xlink:to="loc_us-gaap_ProceedsFromIssuanceOfCommonStock_dbbd5d91-eb58-fa81-2753-d9ddf4ada4c1" xlink:type="arc" />
    <link:loc xlink:href="http://xbrl.fasb.org/us-gaap/2017/elts/us-gaap-2017-01-31.xsd#us-gaap_PaymentsRelatedToTaxWithholdingForShareBasedCompensation" xlink:label="loc_us-gaap_PaymentsRelatedToTaxWithholdingForShareBasedCompensation_6d67f644-e190-e5ce-9449-e00a27ad7771" xlink:type="locator" />
    <link:calculationArc order="2" weight="-1" xlink:arcrole="http://www.xbrl.org/2003/arcrole/summation-item" xlink:from="loc_us-gaap_NetCashProvidedByUsedInFinancingActivities_deb49b68-c030-7624-a39d-ea301caa5dbf" xlink:to="loc_us-gaap_PaymentsRelatedToTaxWithholdingForShareBasedCompensation_6d67f644-e190-e5ce-9449-e00a27ad7771" xlink:type="arc" />
    <link:loc xlink:href="http://xbrl.fasb.org/us-gaap/2017/elts/us-gaap-2017-01-31.xsd#us-gaap_PaymentsOfDividends" xlink:label="loc_us-gaap_PaymentsOfDividends_11043fe8-215b-8e23-9bde-984dc82a0339" xlink:type="locator" />
    <link:calculationArc order="3" weight="-1" xlink:arcrole="http://www.xbrl.org/2003/arcrole/summation-item" xlink:from="loc_us-gaap_NetCashProvidedByUsedInFinancingActivities_deb49b68-c030-7624-a39d-ea301caa5dbf" xlink:to="loc_us-gaap_PaymentsOfDividends_11043fe8-215b-8e23-9bde-984dc82a0339" xlink:type="arc" />
    <link:loc xlink:href="http://xbrl.fasb.org/us-gaap/2017/elts/us-gaap-2017-01-31.xsd#us-gaap_PaymentsForRepurchaseOfCommonStock" xlink:label="loc_us-gaap_PaymentsForRepurchaseOfCommonStock_8a1490c4-32d9-5132-1fe2-2675a45abdae" xlink:type="locator" />
    <link:calculationArc order="4" weight="-1" xlink:arcrole="http://www.xbrl.org/2003/arcrole/summation-item" xlink:from="loc_us-gaap_NetCashProvidedByUsedInFinancingActivities_deb49b68-c030-7624-a39d-ea301caa5dbf" xlink:to="loc_us-gaap_PaymentsForRepurchaseOfCommonStock_8a1490c4-32d9-5132-1fe2-2675a45abdae" xlink:type="arc" />
    <link:loc xlink:href="http://xbrl.fasb.org/us-gaap/2017/elts/us-gaap-2017-01-31.xsd#us-gaap_ProceedsFromIssuanceOfLongTermDebt" xlink:label="loc_us-gaap_ProceedsFromIssuanceOfLongTermDebt_e5f1c7a4-b42a-8461-2001-b1f20e51b257" xlink:type="locator" />
    <link:calculationArc order="5" weight="1" xlink:arcrole="http://www.xbrl.org/2003/arcrole/summation-item" xlink:from="loc_us-gaap_NetCashProvidedByUsedInFinancingActivities_deb49b68-c030-7624-a39d-ea301caa5dbf" xlink:to="loc_us-gaap_ProceedsFromIssuanceOfLongTermDebt_e5f1c7a4-b42a-8461-2001-b1f20e51b257" xlink:type="arc" />
    <link:loc xlink:href="http://xbrl.fasb.org/us-gaap/2017/elts/us-gaap-2017-01-31.xsd#us-gaap_RepaymentsOfLongTermDebt" xlink:label="loc_us-gaap_RepaymentsOfLongTermDebt_2b72fe5f-3c0e-d5e0-8e5c-ad01818e58e5" xlink:type="locator" />
    <link:calculationArc order="6" weight="-1" xlink:arcrole="http://www.xbrl.org/2003/arcrole/summation-item" xlink:from="loc_us-gaap_NetCashProvidedByUsedInFinancingActivities_deb49b68-c030-7624-a39d-ea301caa5dbf" xlink:to="loc_us-gaap_RepaymentsOfLongTermDebt_2b72fe5f-3c0e-d5e0-8e5c-ad01818e58e5" xlink:type="arc" />
    <link:loc xlink:href="http://xbrl.fasb.org/us-gaap/2017/elts/us-gaap-2017-01-31.xsd#us-gaap_ProceedsFromRepaymentsOfCommercialPaper" xlink:label="loc_us-gaap_ProceedsFromRepaymentsOfCommercialPaper_ea457ea7-bbd5-9727-a10a-23f205f87d0a" xlink:type="locator" />
    <link:calculationArc order="7" weight="1" xlink:arcrole="http://www.xbrl.org/2003/arcrole/summation-item" xlink:from="loc_us-gaap_NetCashProvidedByUsedInFinancingActivities_deb49b68-c030-7624-a39d-ea301caa5dbf" xlink:to="loc_us-gaap_ProceedsFromRepaymentsOfCommercialPaper_ea457ea7-bbd5-9727-a10a-23f205f87d0a" xlink:type="arc" />
  </link:calculationLink>
  <link:calculationLink xlink:role="http://www.apple.com/role/CondensedConsolidatedStatementsOfComprehensiveIncomeUnaudited" xlink:type="extended">
    <link:loc xlink:href="http://xbrl.fasb.org/us-gaap/2017/elts/us-gaap-2017-01-31.xsd#us-gaap_ComprehensiveIncomeNetOfTax" xlink:label="loc_us-gaap_ComprehensiveIncomeNetOfTax_499015ce-2160-aed2-85a3-080e8c4c6cdf" xlink:type="locator" />
    <link:loc xlink:href="http://xbrl.fasb.org/us-gaap/2017/elts/us-gaap-2017-01-31.xsd#us-gaap_NetIncomeLoss" xlink:label="loc_us-gaap_NetIncomeLoss_641b1cab-a2b3-2e0e-8389-1455ff3f8581" xlink:type="locator" />
    <link:calculationArc order="1" weight="1" xlink:arcrole="http://www.xbrl.org/2003/arcrole/summation-item" xlink:from="loc_us-gaap_ComprehensiveIncomeNetOfTax_499015ce-2160-aed2-85a3-080e8c4c6cdf" xlink:to="loc_us-gaap_NetIncomeLoss_641b1cab-a2b3-2e0e-8389-1455ff3f8581" xlink:type="arc" />
    <link:loc xlink:href="http://xbrl.fasb.org/us-gaap/2017/elts/us-gaap-2017-01-31.xsd#us-gaap_OtherComprehensiveIncomeLossNetOfTaxPortionAttributableToParent" xlink:label="loc_us-gaap_OtherComprehensiveIncomeLossNetOfTaxPortionAttributableToParent_72d12753-e25c-cdc0-88b6-98db8d7b7fae" xlink:type="locator" />
    <link:calculationArc order="2" weight="1" xlink:arcrole="http://www.xbrl.org/2003/arcrole/summation-item" xlink:from="loc_us-gaap_ComprehensiveIncomeNetOfTax_499015ce-2160-aed2-85a3-080e8c4c6cdf" xlink:to="loc_us-gaap_OtherComprehensiveIncomeLossNetOfTaxPortionAttributableToParent_72d12753-e25c-cdc0-88b6-98db8d7b7fae" xlink:type="arc" />
    <link:loc xlink:href="http://xbrl.fasb.org/us-gaap/2017/elts/us-gaap-2017-01-31.xsd#us-gaap_OtherComprehensiveIncomeLossForeignCurrencyTransactionAndTranslationAdjustmentNetOfTax" xlink:label="loc_us-gaap_OtherComprehensiveIncomeLossForeignCurrencyTransactionAndTranslationAdjustmentNetOfTax_351eeed0-a987-88e4-c007-095f3644ffff" xlink:type="locator" />
    <link:calculationArc order="1" weight="1" xlink:arcrole="http://www.xbrl.org/2003/arcrole/summation-item" xlink:from="loc_us-gaap_OtherComprehensiveIncomeLossNetOfTaxPortionAttributableToParent_72d12753-e25c-cdc0-88b6-98db8d7b7fae" xlink:to="loc_us-gaap_OtherComprehensiveIncomeLossForeignCurrencyTransactionAndTranslationAdjustmentNetOfTax_351eeed0-a987-88e4-c007-095f3644ffff" xlink:type="arc" />
    <link:loc xlink:href="http://xbrl.fasb.org/us-gaap/2017/elts/us-gaap-2017-01-31.xsd#us-gaap_OtherComprehensiveIncomeLossDerivativesQualifyingAsHedgesNetOfTax" xlink:label="loc_us-gaap_OtherComprehensiveIncomeLossDerivativesQualifyingAsHedgesNetOfTax_cc7c59d2-21ac-163e-0898-1c1f212ef02b" xlink:type="locator" />
    <link:calculationArc order="2" weight="1" xlink:arcrole="http://www.xbrl.org/2003/arcrole/summation-item" xlink:from="loc_us-gaap_OtherComprehensiveIncomeLossNetOfTaxPortionAttributableToParent_72d12753-e25c-cdc0-88b6-98db8d7b7fae" xlink:to="loc_us-gaap_OtherComprehensiveIncomeLossDerivativesQualifyingAsHedgesNetOfTax_cc7c59d2-21ac-163e-0898-1c1f212ef02b" xlink:type="arc" />
    <link:loc xlink:href="http://xbrl.fasb.org/us-gaap/2017/elts/us-gaap-2017-01-31.xsd#us-gaap_OtherComprehensiveIncomeUnrealizedGainLossOnDerivativesArisingDuringPeriodNetOfTax" xlink:label="loc_us-gaap_OtherComprehensiveIncomeUnrealizedGainLossOnDerivativesArisingDuringPeriodNetOfTax_6feed690-17e1-a928-d1c5-204f2faa570e" xlink:type="locator" />
    <link:calculationArc order="1" weight="1" xlink:arcrole="http://www.xbrl.org/2003/arcrole/summation-item" xlink:from="loc_us-gaap_OtherComprehensiveIncomeLossDerivativesQualifyingAsHedgesNetOfTax_cc7c59d2-21ac-163e-0898-1c1f212ef02b" xlink:to="loc_us-gaap_OtherComprehensiveIncomeUnrealizedGainLossOnDerivativesArisingDuringPeriodNetOfTax_6feed690-17e1-a928-d1c5-204f2faa570e" xlink:type="arc" />
    <link:loc xlink:href="http://xbrl.fasb.org/us-gaap/2017/elts/us-gaap-2017-01-31.xsd#us-gaap_OtherComprehensiveIncomeLossReclassificationAdjustmentFromAOCIOnDerivativesNetOfTax" xlink:label="loc_us-gaap_OtherComprehensiveIncomeLossReclassificationAdjustmentFromAOCIOnDerivativesNetOfTax_aa99f772-8337-cbc2-0b89-25fbb3108271" xlink:type="locator" />
    <link:calculationArc order="2" weight="-1" xlink:arcrole="http://www.xbrl.org/2003/arcrole/summation-item" xlink:from="loc_us-gaap_OtherComprehensiveIncomeLossDerivativesQualifyingAsHedgesNetOfTax_cc7c59d2-21ac-163e-0898-1c1f212ef02b" xlink:to="loc_us-gaap_OtherComprehensiveIncomeLossReclassificationAdjustmentFromAOCIOnDerivativesNetOfTax_aa99f772-8337-cbc2-0b89-25fbb3108271" xlink:type="arc" />
    <link:loc xlink:href="http://xbrl.fasb.org/us-gaap/2017/elts/us-gaap-2017-01-31.xsd#us-gaap_OtherComprehensiveIncomeLossAvailableForSaleSecuritiesAdjustmentNetOfTax" xlink:label="loc_us-gaap_OtherComprehensiveIncomeLossAvailableForSaleSecuritiesAdjustmentNetOfTax_548688b8-2d34-462c-5a92-aa79f1c44c1a" xlink:type="locator" />
    <link:calculationArc order="3" weight="1" xlink:arcrole="http://www.xbrl.org/2003/arcrole/summation-item" xlink:from="loc_us-gaap_OtherComprehensiveIncomeLossNetOfTaxPortionAttributableToParent_72d12753-e25c-cdc0-88b6-98db8d7b7fae" xlink:to="loc_us-gaap_OtherComprehensiveIncomeLossAvailableForSaleSecuritiesAdjustmentNetOfTax_548688b8-2d34-462c-5a92-aa79f1c44c1a" xlink:type="arc" />
    <link:loc xlink:href="http://xbrl.fasb.org/us-gaap/2017/elts/us-gaap-2017-01-31.xsd#us-gaap_OtherComprehensiveIncomeUnrealizedHoldingGainLossOnSecuritiesArisingDuringPeriodNetOfTax" xlink:label="loc_us-gaap_OtherComprehensiveIncomeUnrealizedHoldingGainLossOnSecuritiesArisingDuringPeriodNetOfTax_57e8ae74-d8b6-c629-9bee-2d0929cd3999" xlink:type="locator" />
    <link:calculationArc order="1" weight="1" xlink:arcrole="http://www.xbrl.org/2003/arcrole/summation-item" xlink:from="loc_us-gaap_OtherComprehensiveIncomeLossAvailableForSaleSecuritiesAdjustmentNetOfTax_548688b8-2d34-462c-5a92-aa79f1c44c1a" xlink:to="loc_us-gaap_OtherComprehensiveIncomeUnrealizedHoldingGainLossOnSecuritiesArisingDuringPeriodNetOfTax_57e8ae74-d8b6-c629-9bee-2d0929cd3999" xlink:type="arc" />
    <link:loc xlink:href="http://xbrl.fasb.org/us-gaap/2017/elts/us-gaap-2017-01-31.xsd#us-gaap_OtherComprehensiveIncomeLossReclassificationAdjustmentFromAOCIForSaleOfSecuritiesNetOfTax" xlink:label="loc_us-gaap_OtherComprehensiveIncomeLossReclassificationAdjustmentFromAOCIForSaleOfSecuritiesNetOfTax_ab3008c3-c5c2-a86b-0613-39cbd9b94527" xlink:type="locator" />
    <link:calculationArc order="2" weight="-1" xlink:arcrole="http://www.xbrl.org/2003/arcrole/summation-item" xlink:from="loc_us-gaap_OtherComprehensiveIncomeLossAvailableForSaleSecuritiesAdjustmentNetOfTax_548688b8-2d34-462c-5a92-aa79f1c44c1a" xlink:to="loc_us-gaap_OtherComprehensiveIncomeLossReclassificationAdjustmentFromAOCIForSaleOfSecuritiesNetOfTax_ab3008c3-c5c2-a86b-0613-39cbd9b94527" xlink:type="arc" />
  </link:calculationLink>
  <link:calculationLink xlink:role="http://www.apple.com/role/CondensedConsolidatedStatementsOfComprehensiveIncomeUnauditedParenthetical" xlink:type="extended" />
  <link:calculationLink xlink:role="http://www.apple.com/role/CondensedConsolidatedStatementsOfOperationsUnaudited" xlink:type="extended">
    <link:loc xlink:href="http://xbrl.fasb.org/us-gaap/2017/elts/us-gaap-2017-01-31.xsd#us-gaap_NetIncomeLoss" xlink:label="loc_us-gaap_NetIncomeLoss_641b1cab-a2b3-2e0e-8389-1455ff3f8581" xlink:type="locator" />
    <link:loc xlink:href="http://xbrl.fasb.org/us-gaap/2017/elts/us-gaap-2017-01-31.xsd#us-gaap_IncomeLossFromContinuingOperationsBeforeIncomeTaxesExtraordinaryItemsNoncontrollingInterest" xlink:label="loc_us-gaap_IncomeLossFromContinuingOperationsBeforeIncomeTaxesExtraordinaryItemsNoncontrollingInterest_a53f52a4-7a54-3283-f734-95683c76ebff" xlink:type="locator" />
    <link:calculationArc order="1" weight="1" xlink:arcrole="http://www.xbrl.org/2003/arcrole/summation-item" xlink:from="loc_us-gaap_NetIncomeLoss_641b1cab-a2b3-2e0e-8389-1455ff3f8581" xlink:to="loc_us-gaap_IncomeLossFromContinuingOperationsBeforeIncomeTaxesExtraordinaryItemsNoncontrollingInterest_a53f52a4-7a54-3283-f734-95683c76ebff" xlink:type="arc" />
    <link:loc xlink:href="http://xbrl.fasb.org/us-gaap/2017/elts/us-gaap-2017-01-31.xsd#us-gaap_OperatingIncomeLoss" xlink:label="loc_us-gaap_OperatingIncomeLoss_9894e895-7695-402a-9f03-08d60b7373b8" xlink:type="locator" />
    <link:calculationArc order="1" weight="1" xlink:arcrole="http://www.xbrl.org/2003/arcrole/summation-item" xlink:from="loc_us-gaap_IncomeLossFromContinuingOperationsBeforeIncomeTaxesExtraordinaryItemsNoncontrollingInterest_a53f52a4-7a54-3283-f734-95683c76ebff" xlink:to="loc_us-gaap_OperatingIncomeLoss_9894e895-7695-402a-9f03-08d60b7373b8" xlink:type="arc" />
    <link:loc xlink:href="http://xbrl.fasb.org/us-gaap/2017/elts/us-gaap-2017-01-31.xsd#us-gaap_GrossProfit" xlink:label="loc_us-gaap_GrossProfit_aaae347c-fa91-e2c3-dd05-1b008b13fd0c" xlink:type="locator" />
    <link:calculationArc order="1" weight="1" xlink:arcrole="http://www.xbrl.org/2003/arcrole/summation-item" xlink:from="loc_us-gaap_OperatingIncomeLoss_9894e895-7695-402a-9f03-08d60b7373b8" xlink:to="loc_us-gaap_GrossProfit_aaae347c-fa91-e2c3-dd05-1b008b13fd0c" xlink:type="arc" />
    <link:loc xlink:href="http://xbrl.fasb.org/us-gaap/2017/elts/us-gaap-2017-01-31.xsd#us-gaap_SalesRevenueNet" xlink:label="loc_us-gaap_SalesRevenueNet_ff017a48-8743-bfac-8af0-ca31401cb6de" xlink:type="locator" />
    <link:calculationArc order="1" weight="1" xlink:arcrole="http://www.xbrl.org/2003/arcrole/summation-item" xlink:from="loc_us-gaap_GrossProfit_aaae347c-fa91-e2c3-dd05-1b008b13fd0c" xlink:to="loc_us-gaap_SalesRevenueNet_ff017a48-8743-bfac-8af0-ca31401cb6de" xlink:type="arc" />
    <link:loc xlink:href="http://xbrl.fasb.org/us-gaap/2017/elts/us-gaap-2017-01-31.xsd#us-gaap_CostOfGoodsAndServicesSold" xlink:label="loc_us-gaap_CostOfGoodsAndServicesSold_53981114-ea4f-c85d-1ee7-90421fdccca2" xlink:type="locator" />
    <link:calculationArc order="2" weight="-1" xlink:arcrole="http://www.xbrl.org/2003/arcrole/summation-item" xlink:from="loc_us-gaap_GrossProfit_aaae347c-fa91-e2c3-dd05-1b008b13fd0c" xlink:to="loc_us-gaap_CostOfGoodsAndServicesSold_53981114-ea4f-c85d-1ee7-90421fdccca2" xlink:type="arc" />
    <link:loc xlink:href="http://xbrl.fasb.org/us-gaap/2017/elts/us-gaap-2017-01-31.xsd#us-gaap_OperatingExpenses" xlink:label="loc_us-gaap_OperatingExpenses_23a4428c-a5e3-3b9c-fc88-04ae5be27ab3" xlink:type="locator" />
    <link:calculationArc order="2" weight="-1" xlink:arcrole="http://www.xbrl.org/2003/arcrole/summation-item" xlink:from="loc_us-gaap_OperatingIncomeLoss_9894e895-7695-402a-9f03-08d60b7373b8" xlink:to="loc_us-gaap_OperatingExpenses_23a4428c-a5e3-3b9c-fc88-04ae5be27ab3" xlink:type="arc" />
    <link:loc xlink:href="http://xbrl.fasb.org/us-gaap/2017/elts/us-gaap-2017-01-31.xsd#us-gaap_ResearchAndDevelopmentExpense" xlink:label="loc_us-gaap_ResearchAndDevelopmentExpense_25ae5ce2-b413-b975-9a84-c7503d2496cf" xlink:type="locator" />
    <link:calculationArc order="1" weight="1" xlink:arcrole="http://www.xbrl.org/2003/arcrole/summation-item" xlink:from="loc_us-gaap_OperatingExpenses_23a4428c-a5e3-3b9c-fc88-04ae5be27ab3" xlink:to="loc_us-gaap_ResearchAndDevelopmentExpense_25ae5ce2-b413-b975-9a84-c7503d2496cf" xlink:type="arc" />
    <link:loc xlink:href="http://xbrl.fasb.org/us-gaap/2017/elts/us-gaap-2017-01-31.xsd#us-gaap_SellingGeneralAndAdministrativeExpense" xlink:label="loc_us-gaap_SellingGeneralAndAdministrativeExpense_29ad42f4-24c5-90ea-4492-fdb757d66249" xlink:type="locator" />
    <link:calculationArc order="2" weight="1" xlink:arcrole="http://www.xbrl.org/2003/arcrole/summation-item" xlink:from="loc_us-gaap_OperatingExpenses_23a4428c-a5e3-3b9c-fc88-04ae5be27ab3" xlink:to="loc_us-gaap_SellingGeneralAndAdministrativeExpense_29ad42f4-24c5-90ea-4492-fdb757d66249" xlink:type="arc" />
    <link:loc xlink:href="http://xbrl.fasb.org/us-gaap/2017/elts/us-gaap-2017-01-31.xsd#us-gaap_NonoperatingIncomeExpense" xlink:label="loc_us-gaap_NonoperatingIncomeExpense_9b894abb-bf85-2810-9d9d-c92a9b0f56f1" xlink:type="locator" />
    <link:calculationArc order="2" weight="1" xlink:arcrole="http://www.xbrl.org/2003/arcrole/summation-item" xlink:from="loc_us-gaap_IncomeLossFromContinuingOperationsBeforeIncomeTaxesExtraordinaryItemsNoncontrollingInterest_a53f52a4-7a54-3283-f734-95683c76ebff" xlink:to="loc_us-gaap_NonoperatingIncomeExpense_9b894abb-bf85-2810-9d9d-c92a9b0f56f1" xlink:type="arc" />
    <link:loc xlink:href="http://xbrl.fasb.org/us-gaap/2017/elts/us-gaap-2017-01-31.xsd#us-gaap_IncomeTaxExpenseBenefit" xlink:label="loc_us-gaap_IncomeTaxExpenseBenefit_78b7d85e-8366-fe6d-cb1f-faac5a041b79" xlink:type="locator" />
    <link:calculationArc order="2" weight="-1" xlink:arcrole="http://www.xbrl.org/2003/arcrole/summation-item" xlink:from="loc_us-gaap_NetIncomeLoss_641b1cab-a2b3-2e0e-8389-1455ff3f8581" xlink:to="loc_us-gaap_IncomeTaxExpenseBenefit_78b7d85e-8366-fe6d-cb1f-faac5a041b79" xlink:type="arc" />
  </link:calculationLink>
  <link:calculationLink xlink:role="http://www.apple.com/role/Debt" xlink:type="extended" />
  <link:calculationLink xlink:role="http://www.apple.com/role/DebtAdditionalInformationDetails" xlink:type="extended" />
  <link:calculationLink xlink:role="http://www.apple.com/role/DebtSummaryOfCashFlowsAssociatedWithCommercialPaperDetails" xlink:type="extended">
    <link:loc xlink:href="http://xbrl.fasb.org/us-gaap/2017/elts/us-gaap-2017-01-31.xsd#us-gaap_ProceedsFromRepaymentsOfCommercialPaper" xlink:label="loc_us-gaap_ProceedsFromRepaymentsOfCommercialPaper_ea457ea7-bbd5-9727-a10a-23f205f87d0a" xlink:type="locator" />
    <link:loc xlink:href="http://xbrl.fasb.org/us-gaap/2017/elts/us-gaap-2017-01-31.xsd#us-gaap_ProceedsFromRepaymentsOfShortTermDebtMaturingInThreeMonthsOrLess" xlink:label="loc_us-gaap_ProceedsFromRepaymentsOfShortTermDebtMaturingInThreeMonthsOrLess_7d7c25f1-5bd5-158c-2590-7fec3e2c0c75" xlink:type="locator" />
    <link:calculationArc order="1" weight="1" xlink:arcrole="http://www.xbrl.org/2003/arcrole/summation-item" xlink:from="loc_us-gaap_ProceedsFromRepaymentsOfCommercialPaper_ea457ea7-bbd5-9727-a10a-23f205f87d0a" xlink:to="loc_us-gaap_ProceedsFromRepaymentsOfShortTermDebtMaturingInThreeMonthsOrLess_7d7c25f1-5bd5-158c-2590-7fec3e2c0c75" xlink:type="arc" />
    <link:loc xlink:href="http://xbrl.fasb.org/us-gaap/2017/elts/us-gaap-2017-01-31.xsd#us-gaap_ProceedsFromRepaymentsOfShortTermDebtMaturingInMoreThanThreeMonths" xlink:label="loc_us-gaap_ProceedsFromRepaymentsOfShortTermDebtMaturingInMoreThanThreeMonths_561d6d11-75d2-790d-788c-e0d21ea05d57" xlink:type="locator" />
    <link:calculationArc order="2" weight="1" xlink:arcrole="http://www.xbrl.org/2003/arcrole/summation-item" xlink:from="loc_us-gaap_ProceedsFromRepaymentsOfCommercialPaper_ea457ea7-bbd5-9727-a10a-23f205f87d0a" xlink:to="loc_us-gaap_ProceedsFromRepaymentsOfShortTermDebtMaturingInMoreThanThreeMonths_561d6d11-75d2-790d-788c-e0d21ea05d57" xlink:type="arc" />
    <link:loc xlink:href="http://xbrl.fasb.org/us-gaap/2017/elts/us-gaap-2017-01-31.xsd#us-gaap_ProceedsFromShortTermDebtMaturingInMoreThanThreeMonths" xlink:label="loc_us-gaap_ProceedsFromShortTermDebtMaturingInMoreThanThreeMonths_ceef2f1b-560d-5d91-ae71-60197737d9e3" xlink:type="locator" />
    <link:calculationArc order="1" weight="1" xlink:arcrole="http://www.xbrl.org/2003/arcrole/summation-item" xlink:from="loc_us-gaap_ProceedsFromRepaymentsOfShortTermDebtMaturingInMoreThanThreeMonths_561d6d11-75d2-790d-788c-e0d21ea05d57" xlink:to="loc_us-gaap_ProceedsFromShortTermDebtMaturingInMoreThanThreeMonths_ceef2f1b-560d-5d91-ae71-60197737d9e3" xlink:type="arc" />
    <link:loc xlink:href="http://xbrl.fasb.org/us-gaap/2017/elts/us-gaap-2017-01-31.xsd#us-gaap_RepaymentsOfShortTermDebtMaturingInMoreThanThreeMonths" xlink:label="loc_us-gaap_RepaymentsOfShortTermDebtMaturingInMoreThanThreeMonths_a6185d53-b926-aa7b-be99-93ce6631df4c" xlink:type="locator" />
    <link:calculationArc order="2" weight="-1" xlink:arcrole="http://www.xbrl.org/2003/arcrole/summation-item" xlink:from="loc_us-gaap_ProceedsFromRepaymentsOfShortTermDebtMaturingInMoreThanThreeMonths_561d6d11-75d2-790d-788c-e0d21ea05d57" xlink:to="loc_us-gaap_RepaymentsOfShortTermDebtMaturingInMoreThanThreeMonths_a6185d53-b926-aa7b-be99-93ce6631df4c" xlink:type="arc" />
  </link:calculationLink>
  <link:calculationLink xlink:role="http://www.apple.com/role/DebtSummaryOfTermDebtDetails" xlink:type="extended" />
  <link:calculationLink xlink:role="http://www.apple.com/role/DebtTables" xlink:type="extended" />
  <link:calculationLink xlink:role="http://www.apple.com/role/DocumentAndEntityInformation" xlink:type="extended" />
  <link:calculationLink xlink:role="http://www.apple.com/role/FinancialInstruments" xlink:type="extended" />
  <link:calculationLink xlink:role="http://www.apple.com/role/FinancialInstrumentsAdditionalInformationDetails" xlink:type="extended" />
  <link:calculationLink xlink:role="http://www.apple.com/role/FinancialInstrumentsCashCashEquivalentsAndMarketableSecuritiesDetails" xlink:type="extended">
    <link:loc xlink:href="http://xbrl.fasb.org/us-gaap/2017/elts/us-gaap-2017-01-31.xsd#us-gaap_AvailableForSaleSecuritiesAmortizedCost" xlink:label="loc_us-gaap_AvailableForSaleSecuritiesAmortizedCost_30dc6014-97a8-c9af-5d13-c233c1983f7f" xlink:type="locator" />
    <link:loc xlink:href="http://xbrl.fasb.org/us-gaap/2017/elts/us-gaap-2017-01-31.xsd#us-gaap_AvailableForSaleSecuritiesAccumulatedGrossUnrealizedGainBeforeTax" xlink:label="loc_us-gaap_AvailableForSaleSecuritiesAccumulatedGrossUnrealizedGainBeforeTax_1932fd43-f07d-5e04-493b-eca2ebb13c97" xlink:type="locator" />
    <link:calculationArc order="1" weight="-1" xlink:arcrole="http://www.xbrl.org/2003/arcrole/summation-item" xlink:from="loc_us-gaap_AvailableForSaleSecuritiesAmortizedCost_30dc6014-97a8-c9af-5d13-c233c1983f7f" xlink:to="loc_us-gaap_AvailableForSaleSecuritiesAccumulatedGrossUnrealizedGainBeforeTax_1932fd43-f07d-5e04-493b-eca2ebb13c97" xlink:type="arc" />
    <link:loc xlink:href="http://xbrl.fasb.org/us-gaap/2017/elts/us-gaap-2017-01-31.xsd#us-gaap_AvailableForSaleSecuritiesAccumulatedGrossUnrealizedLossBeforeTax" xlink:label="loc_us-gaap_AvailableForSaleSecuritiesAccumulatedGrossUnrealizedLossBeforeTax_e96beffd-8ab7-62f8-402b-cfa1adccd68f" xlink:type="locator" />
    <link:calculationArc order="2" weight="1" xlink:arcrole="http://www.xbrl.org/2003/arcrole/summation-item" xlink:from="loc_us-gaap_AvailableForSaleSecuritiesAmortizedCost_30dc6014-97a8-c9af-5d13-c233c1983f7f" xlink:to="loc_us-gaap_AvailableForSaleSecuritiesAccumulatedGrossUnrealizedLossBeforeTax_e96beffd-8ab7-62f8-402b-cfa1adccd68f" xlink:type="arc" />
    <link:loc xlink:href="http://xbrl.fasb.org/us-gaap/2017/elts/us-gaap-2017-01-31.xsd#us-gaap_AvailableForSaleSecurities" xlink:label="loc_us-gaap_AvailableForSaleSecurities_d444402b-921b-e0fa-119c-908ab66850af" xlink:type="locator" />
    <link:calculationArc order="3" weight="1" xlink:arcrole="http://www.xbrl.org/2003/arcrole/summation-item" xlink:from="loc_us-gaap_AvailableForSaleSecuritiesAmortizedCost_30dc6014-97a8-c9af-5d13-c233c1983f7f" xlink:to="loc_us-gaap_AvailableForSaleSecurities_d444402b-921b-e0fa-119c-908ab66850af" xlink:type="arc" />
    <link:loc xlink:href="http://xbrl.fasb.org/us-gaap/2017/elts/us-gaap-2017-01-31.xsd#us-gaap_CashAndCashEquivalentsAtCarryingValue" xlink:label="loc_us-gaap_CashAndCashEquivalentsAtCarryingValue_07da1db4-2708-4446-4250-1fdd5956185e" xlink:type="locator" />
    <link:calculationArc order="1" weight="1" xlink:arcrole="http://www.xbrl.org/2003/arcrole/summation-item" xlink:from="loc_us-gaap_AvailableForSaleSecurities_d444402b-921b-e0fa-119c-908ab66850af" xlink:to="loc_us-gaap_CashAndCashEquivalentsAtCarryingValue_07da1db4-2708-4446-4250-1fdd5956185e" xlink:type="arc" />
    <link:loc xlink:href="http://xbrl.fasb.org/us-gaap/2017/elts/us-gaap-2017-01-31.xsd#us-gaap_AvailableForSaleSecuritiesCurrent" xlink:label="loc_us-gaap_AvailableForSaleSecuritiesCurrent_5021b8a7-49e1-51a4-4dec-1be505fea6c4" xlink:type="locator" />
    <link:calculationArc order="2" weight="1" xlink:arcrole="http://www.xbrl.org/2003/arcrole/summation-item" xlink:from="loc_us-gaap_AvailableForSaleSecurities_d444402b-921b-e0fa-119c-908ab66850af" xlink:to="loc_us-gaap_AvailableForSaleSecuritiesCurrent_5021b8a7-49e1-51a4-4dec-1be505fea6c4" xlink:type="arc" />
    <link:loc xlink:href="http://xbrl.fasb.org/us-gaap/2017/elts/us-gaap-2017-01-31.xsd#us-gaap_AvailableForSaleSecuritiesNoncurrent" xlink:label="loc_us-gaap_AvailableForSaleSecuritiesNoncurrent_0ab9456b-855b-4b5f-17aa-958b2bf5fece" xlink:type="locator" />
    <link:calculationArc order="3" weight="1" xlink:arcrole="http://www.xbrl.org/2003/arcrole/summation-item" xlink:from="loc_us-gaap_AvailableForSaleSecurities_d444402b-921b-e0fa-119c-908ab66850af" xlink:to="loc_us-gaap_AvailableForSaleSecuritiesNoncurrent_0ab9456b-855b-4b5f-17aa-958b2bf5fece" xlink:type="arc" />
  </link:calculationLink>
  <link:calculationLink xlink:role="http://www.apple.com/role/FinancialInstrumentsDerivativeInstrumentsAtGrossFairValueDetails" xlink:type="extended" />
  <link:calculationLink xlink:role="http://www.apple.com/role/FinancialInstrumentsMarketableSecuritiesInContinuousUnrealizedLossPositionDetails" xlink:type="extended">
    <link:loc xlink:href="http://xbrl.fasb.org/us-gaap/2017/elts/us-gaap-2017-01-31.xsd#us-gaap_AvailableForSaleSecuritiesContinuousUnrealizedLossPositionFairValue" xlink:label="loc_us-gaap_AvailableForSaleSecuritiesContinuousUnrealizedLossPositionFairValue_00e7a94b-1ec9-6499-7f0a-2050ff159115" xlink:type="locator" />
    <link:loc xlink:href="http://xbrl.fasb.org/us-gaap/2017/elts/us-gaap-2017-01-31.xsd#us-gaap_AvailableForSaleSecuritiesContinuousUnrealizedLossPositionLessThanTwelveMonthsFairValue" xlink:label="loc_us-gaap_AvailableForSaleSecuritiesContinuousUnrealizedLossPositionLessThanTwelveMonthsFairValue_a1dd3f1b-4c24-2372-1a98-24b25891a665" xlink:type="locator" />
    <link:calculationArc order="1" weight="1" xlink:arcrole="http://www.xbrl.org/2003/arcrole/summation-item" xlink:from="loc_us-gaap_AvailableForSaleSecuritiesContinuousUnrealizedLossPositionFairValue_00e7a94b-1ec9-6499-7f0a-2050ff159115" xlink:to="loc_us-gaap_AvailableForSaleSecuritiesContinuousUnrealizedLossPositionLessThanTwelveMonthsFairValue_a1dd3f1b-4c24-2372-1a98-24b25891a665" xlink:type="arc" />
    <link:loc xlink:href="http://xbrl.fasb.org/us-gaap/2017/elts/us-gaap-2017-01-31.xsd#us-gaap_AvailableForSaleSecuritiesContinuousUnrealizedLossPositionTwelveMonthsOrLongerFairValue" xlink:label="loc_us-gaap_AvailableForSaleSecuritiesContinuousUnrealizedLossPositionTwelveMonthsOrLongerFairValue_7b1de9af-f23a-d7bf-8a2c-7efccf28ddba" xlink:type="locator" />
    <link:calculationArc order="2" weight="1" xlink:arcrole="http://www.xbrl.org/2003/arcrole/summation-item" xlink:from="loc_us-gaap_AvailableForSaleSecuritiesContinuousUnrealizedLossPositionFairValue_00e7a94b-1ec9-6499-7f0a-2050ff159115" xlink:to="loc_us-gaap_AvailableForSaleSecuritiesContinuousUnrealizedLossPositionTwelveMonthsOrLongerFairValue_7b1de9af-f23a-d7bf-8a2c-7efccf28ddba" xlink:type="arc" />
    <link:loc xlink:href="http://xbrl.fasb.org/us-gaap/2017/elts/us-gaap-2017-01-31.xsd#us-gaap_AvailableForSaleSecuritiesContinuousUnrealizedLossPositionAccumulatedLoss" xlink:label="loc_us-gaap_AvailableForSaleSecuritiesContinuousUnrealizedLossPositionAccumulatedLoss_2e09f20d-7547-1a18-6f83-8a0ce6a75ae4" xlink:type="locator" />
    <link:loc xlink:href="http://xbrl.fasb.org/us-gaap/2017/elts/us-gaap-2017-01-31.xsd#us-gaap_AvailableForSaleSecuritiesContinuousUnrealizedLossPositionLessThan12MonthsAccumulatedLoss" xlink:label="loc_us-gaap_AvailableForSaleSecuritiesContinuousUnrealizedLossPositionLessThan12MonthsAccumulatedLoss_aaf3e830-a5d9-ffa3-4995-c9e738f331db" xlink:type="locator" />
    <link:calculationArc order="1" weight="1" xlink:arcrole="http://www.xbrl.org/2003/arcrole/summation-item" xlink:from="loc_us-gaap_AvailableForSaleSecuritiesContinuousUnrealizedLossPositionAccumulatedLoss_2e09f20d-7547-1a18-6f83-8a0ce6a75ae4" xlink:to="loc_us-gaap_AvailableForSaleSecuritiesContinuousUnrealizedLossPositionLessThan12MonthsAccumulatedLoss_aaf3e830-a5d9-ffa3-4995-c9e738f331db" xlink:type="arc" />
    <link:loc xlink:href="http://xbrl.fasb.org/us-gaap/2017/elts/us-gaap-2017-01-31.xsd#us-gaap_AvailableForSaleSecuritiesContinuousUnrealizedLossPosition12MonthsOrLongerAccumulatedLoss" xlink:label="loc_us-gaap_AvailableForSaleSecuritiesContinuousUnrealizedLossPosition12MonthsOrLongerAccumulatedLoss_80d8afbb-83ba-fc94-42ba-ea8166197445" xlink:type="locator" />
    <link:calculationArc order="2" weight="1" xlink:arcrole="http://www.xbrl.org/2003/arcrole/summation-item" xlink:from="loc_us-gaap_AvailableForSaleSecuritiesContinuousUnrealizedLossPositionAccumulatedLoss_2e09f20d-7547-1a18-6f83-8a0ce6a75ae4" xlink:to="loc_us-gaap_AvailableForSaleSecuritiesContinuousUnrealizedLossPosition12MonthsOrLongerAccumulatedLoss_80d8afbb-83ba-fc94-42ba-ea8166197445" xlink:type="arc" />
  </link:calculationLink>
  <link:calculationLink xlink:role="http://www.apple.com/role/FinancialInstrumentsNotionalAmountsAndCreditRiskAmountsAssociatedWithDerivativeInstrumentsDetails" xlink:type="extended" />
  <link:calculationLink xlink:role="http://www.apple.com/role/FinancialInstrumentsPreTaxGainsAndLossesOfDerivativeAndNonDerivativeInstrumentsDesignatedAsHedgesDetails" xlink:type="extended" />
  <link:calculationLink xlink:role="http://www.apple.com/role/FinancialInstrumentsTables" xlink:type="extended" />
  <link:calculationLink xlink:role="http://www.apple.com/role/IncomeTaxes" xlink:type="extended" />
  <link:calculationLink xlink:role="http://www.apple.com/role/IncomeTaxesAdditionalInformationDetails" xlink:type="extended" />
  <link:calculationLink xlink:role="http://www.apple.com/role/SegmentInformationAndGeographicData" xlink:type="extended" />
  <link:calculationLink xlink:role="http://www.apple.com/role/SegmentInformationAndGeographicDataReconciliationOfSegmentOperatingIncomeToCondensedConsolidatedStatementsOfOperationsDetails" xlink:type="extended" />
  <link:calculationLink xlink:role="http://www.apple.com/role/SegmentInformationAndGeographicDataSummaryInformationByReportableSegmentDetails" xlink:type="extended" />
  <link:calculationLink xlink:role="http://www.apple.com/role/SegmentInformationAndGeographicDataTables" xlink:type="extended" />
  <link:calculationLink xlink:role="http://www.apple.com/role/ShareholdersEquity" xlink:type="extended" />
  <link:calculationLink xlink:role="http://www.apple.com/role/ShareholdersEquityAdditionalInformationDetails" xlink:type="extended" />
  <link:calculationLink xlink:role="http://www.apple.com/role/SummaryOfSignificantAccountingPolicies" xlink:type="extended" />
  <link:calculationLink xlink:role="http://www.apple.com/role/SummaryOfSignificantAccountingPoliciesAdditionalInformationDetails" xlink:type="extended" />
  <link:calculationLink xlink:role="http://www.apple.com/role/SummaryOfSignificantAccountingPoliciesComputationOfBasicAndDilutedEarningsPerShareDetails" xlink:type="extended">
    <link:loc xlink:href="http://xbrl.fasb.org/us-gaap/2017/elts/us-gaap-2017-01-31.xsd#us-gaap_WeightedAverageNumberOfDilutedSharesOutstanding" xlink:label="loc_us-gaap_WeightedAverageNumberOfDilutedSharesOutstanding_223fd9c8-68e8-e433-7c40-f98b238e79de" xlink:type="locator" />
    <link:loc xlink:href="http://xbrl.fasb.org/us-gaap/2017/elts/us-gaap-2017-01-31.xsd#us-gaap_WeightedAverageNumberOfSharesOutstandingBasic" xlink:label="loc_us-gaap_WeightedAverageNumberOfSharesOutstandingBasic_86e61cf2-b7b2-e230-65f1-5a2b152f3a30" xlink:type="locator" />
    <link:calculationArc order="1" weight="1" xlink:arcrole="http://www.xbrl.org/2003/arcrole/summation-item" xlink:from="loc_us-gaap_WeightedAverageNumberOfDilutedSharesOutstanding_223fd9c8-68e8-e433-7c40-f98b238e79de" xlink:to="loc_us-gaap_WeightedAverageNumberOfSharesOutstandingBasic_86e61cf2-b7b2-e230-65f1-5a2b152f3a30" xlink:type="arc" />
    <link:loc xlink:href="http://xbrl.fasb.org/us-gaap/2017/elts/us-gaap-2017-01-31.xsd#us-gaap_WeightedAverageNumberDilutedSharesOutstandingAdjustment" xlink:label="loc_us-gaap_WeightedAverageNumberDilutedSharesOutstandingAdjustment_7b1369dd-f813-fe00-b292-96e275568f1b" xlink:type="locator" />
    <link:calculationArc order="2" weight="1" xlink:arcrole="http://www.xbrl.org/2003/arcrole/summation-item" xlink:from="loc_us-gaap_WeightedAverageNumberOfDilutedSharesOutstanding_223fd9c8-68e8-e433-7c40-f98b238e79de" xlink:to="loc_us-gaap_WeightedAverageNumberDilutedSharesOutstandingAdjustment_7b1369dd-f813-fe00-b292-96e275568f1b" xlink:type="arc" />
  </link:calculationLink>
  <link:calculationLink xlink:role="http://www.apple.com/role/SummaryOfSignificantAccountingPoliciesPolicies" xlink:type="extended" />
  <link:calculationLink xlink:role="http://www.apple.com/role/SummaryOfSignificantAccountingPoliciesTables" xlink:type="extended" />
</link:linkbase>
