<DefinitionAndReference>
  <Element Id="us-gaap_NonoperatingIncomeExpense">
    <definition>No authoritative reference available.</definition>
    <reference>No authoritative reference available.</reference>
  </Element>
  <Element Id="us-gaap_DepreciationAmortizationAndAccretionNet">
    <definition>No authoritative reference available.</definition>
    <reference>No authoritative reference available.</reference>
  </Element>
  <Element Id="us-gaap_AllowanceForDoubtfulAccountsReceivableCurrent">
    <definition>No authoritative reference available.</definition>
    <reference>No authoritative reference available.</reference>
  </Element>
  <Element Id="us-gaap_DeferredTaxAssetsNetCurrent">
    <definition>No authoritative reference available.</definition>
    <reference>No authoritative reference available.</reference>
  </Element>
  <Element Id="us-gaap_IncreaseDecreaseInOtherOperatingAssets">
    <definition>No authoritative reference available.</definition>
    <reference>No authoritative reference available.</reference>
  </Element>
  <Element Id="us-gaap_IncreaseDecreaseInAccountsPayable">
    <definition>No authoritative reference available.</definition>
    <reference>No authoritative reference available.</reference>
  </Element>
  <Element Id="us-gaap_AccountsPayable">
    <definition>No authoritative reference available.</definition>
    <reference>No authoritative reference available.</reference>
  </Element>
  <Element Id="us-gaap_ProceedsFromSaleOfAvailableForSaleSecurities">
    <definition>No authoritative reference available.</definition>
    <reference>No authoritative reference available.</reference>
  </Element>
  <Element Id="us-gaap_OtherLiabilitiesNoncurrent">
    <definition>No authoritative reference available.</definition>
    <reference>No authoritative reference available.</reference>
  </Element>
  <Element Id="us-gaap_DeferredRevenueCurrent">
    <definition>No authoritative reference available.</definition>
    <reference>No authoritative reference available.</reference>
  </Element>
  <Element Id="dei_EntityPublicFloat">
    <definition>No authoritative reference available.</definition>
    <reference>No authoritative reference available.</reference>
  </Element>
  <Element Id="us-gaap_NetCashProvidedByUsedInFinancingActivities">
    <definition>No authoritative reference available.</definition>
    <reference>No authoritative reference available.</reference>
  </Element>
  <Element Id="us-gaap_IncreaseDecreaseInDeferredRevenue">
    <definition>No authoritative reference available.</definition>
    <reference>No authoritative reference available.</reference>
  </Element>
  <Element Id="us-gaap_PaymentsToAcquireIntangibleAssets">
    <definition>No authoritative reference available.</definition>
    <reference>No authoritative reference available.</reference>
  </Element>
  <Element Id="us-gaap_CommonStockSharesOutstanding">
    <definition>No authoritative reference available.</definition>
    <reference>No authoritative reference available.</reference>
  </Element>
  <Element Id="us-gaap_LiabilitiesCurrent">
    <definition>No authoritative reference available.</definition>
    <reference>No authoritative reference available.</reference>
  </Element>
  <Element Id="dei_EntityVoluntaryFilers">
    <definition>No authoritative reference available.</definition>
    <reference>No authoritative reference available.</reference>
  </Element>
  <Element Id="us-gaap_StockholdersEquityNoteDisclosureTextBlock">
    <definition>No authoritative reference available.</definition>
    <reference>No authoritative reference available.</reference>
  </Element>
  <Element Id="dei_TradingSymbol">
    <definition>No authoritative reference available.</definition>
    <reference>No authoritative reference available.</reference>
  </Element>
  <Element Id="us-gaap_AccumulatedOtherComprehensiveIncomeLossNetOfTax">
    <definition>No authoritative reference available.</definition>
    <reference>No authoritative reference available.</reference>
  </Element>
  <Element Id="dei_EntityRegistrantName">
    <definition>No authoritative reference available.</definition>
    <reference>No authoritative reference available.</reference>
  </Element>
  <Element Id="us-gaap_DeferredIncomeTaxExpenseBenefit">
    <definition>No authoritative reference available.</definition>
    <reference>No authoritative reference available.</reference>
  </Element>
  <Element Id="dei_EntityCentralIndexKey">
    <definition>No authoritative reference available.</definition>
    <reference>No authoritative reference available.</reference>
  </Element>
  <Element Id="us-gaap_IncomeLossFromContinuingOperationsBeforeIncomeTaxesMinorityInterestAndIncomeLossFromEquityMethodInvestments">
    <definition>No authoritative reference available.</definition>
    <reference>No authoritative reference available.</reference>
  </Element>
  <Element Id="us-gaap_NetIncomeLoss">
    <definition>No authoritative reference available.</definition>
    <reference>No authoritative reference available.</reference>
  </Element>
  <Element Id="us-gaap_IncomeTaxesPaidNet">
    <definition>No authoritative reference available.</definition>
    <reference>No authoritative reference available.</reference>
  </Element>
  <Element Id="aapl_PropertyPlantAndEquipmentAndCapitalizedSoftwareNet">
    <definition>No authoritative reference available.</definition>
    <reference>No authoritative reference available.</reference>
  </Element>
  <Element Id="us-gaap_GainLossOnSaleOfPropertyPlantEquipment">
    <definition>No authoritative reference available.</definition>
    <reference>No authoritative reference available.</reference>
  </Element>
  <Element Id="us-gaap_SegmentReportingDisclosureTextBlock">
    <definition>No authoritative reference available.</definition>
    <reference>No authoritative reference available.</reference>
  </Element>
  <Element Id="us-gaap_GrossProfit">
    <definition>No authoritative reference available.</definition>
    <reference>No authoritative reference available.</reference>
  </Element>
  <Element Id="us-gaap_StockholdersEquity">
    <definition>No authoritative reference available.</definition>
    <reference>No authoritative reference available.</reference>
  </Element>
  <Element Id="us-gaap_IncreaseDecreaseInInventories">
    <definition>No authoritative reference available.</definition>
    <reference>No authoritative reference available.</reference>
  </Element>
  <Element Id="dei_AmendmentDescription">
    <definition>No authoritative reference available.</definition>
    <reference>No authoritative reference available.</reference>
  </Element>
  <Element Id="us-gaap_ResearchAndDevelopmentExpense">
    <definition>No authoritative reference available.</definition>
    <reference>No authoritative reference available.</reference>
  </Element>
  <Element Id="us-gaap_Goodwill">
    <definition>No authoritative reference available.</definition>
    <reference>No authoritative reference available.</reference>
  </Element>
  <Element Id="us-gaap_IntangibleAssetsNetExcludingGoodwill">
    <definition>No authoritative reference available.</definition>
    <reference>No authoritative reference available.</reference>
  </Element>
  <Element Id="us-gaap_SalesRevenueNet">
    <definition>No authoritative reference available.</definition>
    <reference>No authoritative reference available.</reference>
  </Element>
  <Element Id="us-gaap_CashAndCashEquivalentsAtCarryingValue">
    <definition>No authoritative reference available.</definition>
    <reference>No authoritative reference available.</reference>
  </Element>
  <Element Id="us-gaap_RelatedPartyTransactionsDisclosureTextBlock">
    <definition>No authoritative reference available.</definition>
    <reference>No authoritative reference available.</reference>
  </Element>
  <Element Id="us-gaap_ProceedsFromMaturitiesPrepaymentsAndCallsOfAvailableForSaleSecurities">
    <definition>No authoritative reference available.</definition>
    <reference>No authoritative reference available.</reference>
  </Element>
  <Element Id="us-gaap_CommonStockSharesIssued">
    <definition>No authoritative reference available.</definition>
    <reference>No authoritative reference available.</reference>
  </Element>
  <Element Id="us-gaap_PaymentsToAcquireOtherInvestments">
    <definition>No authoritative reference available.</definition>
    <reference>No authoritative reference available.</reference>
  </Element>
  <Element Id="us-gaap_AvailableForSaleSecuritiesNoncurrent">
    <definition>No authoritative reference available.</definition>
    <reference>No authoritative reference available.</reference>
  </Element>
  <Element Id="us-gaap_EarningsPerShareBasic">
    <definition>No authoritative reference available.</definition>
    <reference>No authoritative reference available.</reference>
  </Element>
  <Element Id="us-gaap_OperatingExpenses">
    <definition>No authoritative reference available.</definition>
    <reference>No authoritative reference available.</reference>
  </Element>
  <Element Id="us-gaap_Liabilities">
    <definition>No authoritative reference available.</definition>
    <reference>No authoritative reference available.</reference>
  </Element>
  <Element Id="us-gaap_EmployeeServiceShareBasedCompensationCashFlowEffectCashUsedToSettleAwards">
    <definition>No authoritative reference available.</definition>
    <reference>No authoritative reference available.</reference>
  </Element>
  <Element Id="us-gaap_NetCashProvidedByUsedInOperatingActivities">
    <definition>No authoritative reference available.</definition>
    <reference>No authoritative reference available.</reference>
  </Element>
  <Element Id="us-gaap_IncomeTaxDisclosureTextBlock">
    <definition>No authoritative reference available.</definition>
    <reference>No authoritative reference available.</reference>
  </Element>
  <Element Id="us-gaap_CommonStockSharesAuthorized">
    <definition>No authoritative reference available.</definition>
    <reference>No authoritative reference available.</reference>
  </Element>
  <Element Id="us-gaap_IncreaseDecreaseInOtherOperatingLiabilities">
    <definition>No authoritative reference available.</definition>
    <reference>No authoritative reference available.</reference>
  </Element>
  <Element Id="dei_EntityCommonStockSharesOutstanding">
    <definition>No authoritative reference available.</definition>
    <reference>No authoritative reference available.</reference>
  </Element>
  <Element Id="us-gaap_EarningsPerShareDiluted">
    <definition>No authoritative reference available.</definition>
    <reference>No authoritative reference available.</reference>
  </Element>
  <Element Id="us-gaap_CashAndCashEquivalentsPeriodIncreaseDecrease">
    <definition>No authoritative reference available.</definition>
    <reference>No authoritative reference available.</reference>
  </Element>
  <Element Id="us-gaap_RetainedEarningsAccumulatedDeficit">
    <definition>No authoritative reference available.</definition>
    <reference>No authoritative reference available.</reference>
  </Element>
  <Element Id="us-gaap_CostOfGoodsAndServicesSold">
    <definition>No authoritative reference available.</definition>
    <reference>No authoritative reference available.</reference>
  </Element>
  <Element Id="us-gaap_ShareBasedCompensation">
    <definition>No authoritative reference available.</definition>
    <reference>No authoritative reference available.</reference>
  </Element>
  <Element Id="us-gaap_AccountsReceivableNetCurrent">
    <definition>No authoritative reference available.</definition>
    <reference>No authoritative reference available.</reference>
  </Element>
  <Element Id="aapl_IncreaseDecreaseOtherCurrentAssets">
    <definition>No authoritative reference available.</definition>
    <reference>No authoritative reference available.</reference>
  </Element>
  <Element Id="us-gaap_WeightedAverageNumberOfSharesOutstandingBasic">
    <definition>No authoritative reference available.</definition>
    <reference>No authoritative reference available.</reference>
  </Element>
  <Element Id="us-gaap_DisclosureOfCompensationRelatedCostsShareBasedPaymentsTextBlock">
    <definition>No authoritative reference available.</definition>
    <reference>No authoritative reference available.</reference>
  </Element>
  <Element Id="dei_AmendmentFlag">
    <definition>No authoritative reference available.</definition>
    <reference>No authoritative reference available.</reference>
  </Element>
  <Element Id="dei_EntityFilerCategory">
    <definition>No authoritative reference available.</definition>
    <reference>No authoritative reference available.</reference>
  </Element>
  <Element Id="dei_CurrentFiscalYearEndDate">
    <definition>No authoritative reference available.</definition>
    <reference>No authoritative reference available.</reference>
  </Element>
  <Element Id="us-gaap_AvailableForSaleSecuritiesCurrent">
    <definition>No authoritative reference available.</definition>
    <reference>No authoritative reference available.</reference>
  </Element>
  <Element Id="us-gaap_OperatingIncomeLoss">
    <definition>No authoritative reference available.</definition>
    <reference>No authoritative reference available.</reference>
  </Element>
  <Element Id="us-gaap_CommonStockValue">
    <definition>No authoritative reference available.</definition>
    <reference>No authoritative reference available.</reference>
  </Element>
  <Element Id="us-gaap_CommonStockNoParValue">
    <definition>No authoritative reference available.</definition>
    <reference>No authoritative reference available.</reference>
  </Element>
  <Element Id="us-gaap_ExcessTaxBenefitFromShareBasedCompensationFinancingActivities">
    <definition>No authoritative reference available.</definition>
    <reference>No authoritative reference available.</reference>
  </Element>
  <Element Id="us-gaap_NetCashProvidedByUsedInInvestingActivities">
    <definition>No authoritative reference available.</definition>
    <reference>No authoritative reference available.</reference>
  </Element>
  <Element Id="aapl_FinancialInstrumentsTextBlock">
    <definition>No authoritative reference available.</definition>
    <reference>No authoritative reference available.</reference>
  </Element>
  <Element Id="us-gaap_Assets">
    <definition>No authoritative reference available.</definition>
    <reference>No authoritative reference available.</reference>
  </Element>
  <Element Id="dei_EntityWellKnownSeasonedIssuer">
    <definition>No authoritative reference available.</definition>
    <reference>No authoritative reference available.</reference>
  </Element>
  <Element Id="dei_DocumentType">
    <definition>No authoritative reference available.</definition>
    <reference>No authoritative reference available.</reference>
  </Element>
  <Element Id="us-gaap_OtherAssetsNoncurrent">
    <definition>No authoritative reference available.</definition>
    <reference>No authoritative reference available.</reference>
  </Element>
  <Element Id="aapl_DetailsOfCertainBalanceSheetAccountsDisclosureTextBlock">
    <definition>No authoritative reference available.</definition>
    <reference>No authoritative reference available.</reference>
  </Element>
  <Element Id="us-gaap_FairValueMeasurementInputsDisclosureTextBlock">
    <definition>No authoritative reference available.</definition>
    <reference>No authoritative reference available.</reference>
  </Element>
  <Element Id="us-gaap_CommitmentsAndContingenciesDisclosureTextBlock">
    <definition>No authoritative reference available.</definition>
    <reference>No authoritative reference available.</reference>
  </Element>
  <Element Id="us-gaap_IncreaseDecreaseInAccountsReceivable">
    <definition>No authoritative reference available.</definition>
    <reference>No authoritative reference available.</reference>
  </Element>
  <Element Id="us-gaap_IncomeTaxExpenseBenefit">
    <definition>No authoritative reference available.</definition>
    <reference>No authoritative reference available.</reference>
  </Element>
  <Element Id="dei_EntityCurrentReportingStatus">
    <definition>No authoritative reference available.</definition>
    <reference>No authoritative reference available.</reference>
  </Element>
  <Element Id="us-gaap_ProceedsFromIssuanceOfCommonStock">
    <definition>No authoritative reference available.</definition>
    <reference>No authoritative reference available.</reference>
  </Element>
  <Element Id="us-gaap_InventoryNet">
    <definition>No authoritative reference available.</definition>
    <reference>No authoritative reference available.</reference>
  </Element>
  <Element Id="us-gaap_PaymentsForProceedsFromOtherInvestingActivities">
    <definition>No authoritative reference available.</definition>
    <reference>No authoritative reference available.</reference>
  </Element>
  <Element Id="us-gaap_DeferredRevenueNoncurrent">
    <definition>No authoritative reference available.</definition>
    <reference>No authoritative reference available.</reference>
  </Element>
  <Element Id="us-gaap_AssetsCurrent">
    <definition>No authoritative reference available.</definition>
    <reference>No authoritative reference available.</reference>
  </Element>
  <Element Id="us-gaap_OtherAssetsCurrent">
    <definition>No authoritative reference available.</definition>
    <reference>No authoritative reference available.</reference>
  </Element>
  <Element Id="us-gaap_PaymentsToAcquireProductiveAssets">
    <definition>No authoritative reference available.</definition>
    <reference>No authoritative reference available.</reference>
  </Element>
  <Element Id="us-gaap_LiabilitiesAndStockholdersEquity">
    <definition>No authoritative reference available.</definition>
    <reference>No authoritative reference available.</reference>
  </Element>
  <Element Id="us-gaap_SellingGeneralAndAdministrativeExpense">
    <definition>No authoritative reference available.</definition>
    <reference>No authoritative reference available.</reference>
  </Element>
  <Element Id="us-gaap_WeightedAverageNumberOfDilutedSharesOutstanding">
    <definition>No authoritative reference available.</definition>
    <reference>No authoritative reference available.</reference>
  </Element>
  <Element Id="us-gaap_AccruedLiabilities">
    <definition>No authoritative reference available.</definition>
    <reference>No authoritative reference available.</reference>
  </Element>
  <Element Id="us-gaap_PaymentsToAcquireAvailableForSaleSecurities">
    <definition>No authoritative reference available.</definition>
    <reference>No authoritative reference available.</reference>
  </Element>
  <Element Id="dei_DocumentPeriodEndDate">
    <definition>No authoritative reference available.</definition>
    <reference>No authoritative reference available.</reference>
  </Element>
  <Element Id="us-gaap_SignificantAccountingPoliciesTextBlock">
    <definition>No authoritative reference available.</definition>
    <reference>No authoritative reference available.</reference>
  </Element>
  <Element Id="us-gaap_CommitmentsAndContingencies">
    <definition>No authoritative reference available.</definition>
    <reference>No authoritative reference available.</reference>
  </Element>
</DefinitionAndReference>
