<?xml version="1.0" encoding="US-ASCII"?>
<!--  EDGAR Online I-Metrix Xcelerate Taxonomy Presentation Linkbase, based on XBRL 2.1  http://www.edgar-online.com/  -->
<!--  Version: 6.2.18 -->
<!--  Round: f9715579-606e-4a7e-b6da-bf5ff6f929f9 -->
<!--  Creation date: 2010-01-24T01:29Z -->
<!--  Copyright (c) 2005-2010 EDGAR Online, Inc. All Rights Reserved. -->
<linkbase xmlns="http://www.xbrl.org/2003/linkbase"
  xmlns:xsi="http://www.w3.org/2001/XMLSchema-instance"
  xmlns:xlink="http://www.w3.org/1999/xlink"
  xsi:schemaLocation="http://www.xbrl.org/2003/linkbase http://www.xbrl.org/2003/xbrl-linkbase-2003-12-31.xsd">
  <roleRef xlink:type="simple" xlink:href="aapl-20091226.xsd#IMetrix_StatementOfIncome" roleURI="http://www.apple.com/taxonomy/role/StatementOfIncome"/>
  <roleRef xlink:type="simple" xlink:href="aapl-20091226.xsd#IMetrix_StatementOfFinancialPositionClassified" roleURI="http://www.apple.com/taxonomy/role/StatementOfFinancialPositionClassified"/>
  <roleRef xlink:type="simple" xlink:href="aapl-20091226.xsd#IMetrix_StatementOfFinancialPositionClassifiedParen" roleURI="http://www.apple.com/taxonomy/role/StatementOfFinancialPositionClassifiedParenthetical"/>
  <roleRef xlink:type="simple" xlink:href="aapl-20091226.xsd#IMetrix_StatementOfCashFlowsIndirect" roleURI="http://www.apple.com/taxonomy/role/StatementOfCashFlowsIndirect"/>
  <roleRef xlink:type="simple" xlink:href="aapl-20091226.xsd#IMetrix_NotesToFinancialStatementsSignificantAccountingPoliciesTextBlock" roleURI="http://www.apple.com/taxonomy/role/NotesToFinancialStatementsSignificantAccountingPoliciesTextBlock"/>
  <roleRef xlink:type="simple" xlink:href="aapl-20091226.xsd#IMetrix_NotesToFinancialStatementsScheduleOfNewAccountingPronouncementsAndChangesInAccountingPrinciplesTextBlock" roleURI="http://www.apple.com/taxonomy/role/NotesToFinancialStatementsScheduleOfNewAccountingPronouncementsAndChangesInAccountingPrinciplesTextBlock"/>
  <roleRef xlink:type="simple" xlink:href="aapl-20091226.xsd#IMetrix_NotesToFinancialStatementsFinancialInstrumentsTextBlock" roleURI="http://www.apple.com/taxonomy/role/NotesToFinancialStatementsFinancialInstrumentsTextBlock"/>
  <roleRef xlink:type="simple" xlink:href="aapl-20091226.xsd#IMetrix_NotesToFinancialStatementsFairValueMeasurementInputsDisclosureTextBlock" roleURI="http://www.apple.com/taxonomy/role/NotesToFinancialStatementsFairValueMeasurementInputsDisclosureTextBlock"/>
  <roleRef xlink:type="simple" xlink:href="aapl-20091226.xsd#IMetrix_NotesToFinancialStatementsDetailsOfCertainBalanceSheetAccountsDisclosureTextBlock" roleURI="http://www.apple.com/taxonomy/role/NotesToFinancialStatementsDetailsOfCertainBalanceSheetAccountsDisclosureTextBlock"/>
  <roleRef xlink:type="simple" xlink:href="aapl-20091226.xsd#IMetrix_NotesToFinancialStatementsIncomeTaxDisclosureTextBlock" roleURI="http://www.apple.com/taxonomy/role/NotesToFinancialStatementsIncomeTaxDisclosureTextBlock"/>
  <roleRef xlink:type="simple" xlink:href="aapl-20091226.xsd#IMetrix_NotesToFinancialStatementsStockholdersEquityAndStockBasedCompensationDisclosureTextBlock" roleURI="http://www.apple.com/taxonomy/role/NotesToFinancialStatementsStockholdersEquityAndStockBasedCompensationDisclosureTextBlock"/>
  <roleRef xlink:type="simple" xlink:href="aapl-20091226.xsd#IMetrix_NotesToFinancialStatementsCommitmentsAndContingenciesDisclosureTextBlock" roleURI="http://www.apple.com/taxonomy/role/NotesToFinancialStatementsCommitmentsAndContingenciesDisclosureTextBlock"/>
  <roleRef xlink:type="simple" xlink:href="aapl-20091226.xsd#IMetrix_NotesToFinancialStatementsSegmentReportingDisclosureTextBlock" roleURI="http://www.apple.com/taxonomy/role/NotesToFinancialStatementsSegmentReportingDisclosureTextBlock"/>
  <roleRef xlink:type="simple" xlink:href="aapl-20091226.xsd#IMetrix_NotesToFinancialStatementsRelatedPartyTransactionsDisclosureTextBlock" roleURI="http://www.apple.com/taxonomy/role/NotesToFinancialStatementsRelatedPartyTransactionsDisclosureTextBlock"/>
  <roleRef xlink:type="simple" xlink:href="aapl-20091226.xsd#IMetrix_DocumentInformation" roleURI="http://www.apple.com/taxonomy/role/DocumentInformation"/>
  <roleRef xlink:type="simple" xlink:href="aapl-20091226.xsd#IMetrix_EntityInformation" roleURI="http://www.apple.com/taxonomy/role/EntityInformation"/>
  <presentationLink xlink:type="extended" xlink:role="http://www.apple.com/taxonomy/role/StatementOfIncome">
    <loc xlink:type="locator" xlink:href="http://taxonomies.xbrl.us/us-gaap/2009/elts/us-gaap-2009-01-31.xsd#us-gaap_CostOfGoodsAndServicesSold" xlink:label="us-gaap_CostOfGoodsAndServicesSold"/>
    <loc xlink:type="locator" xlink:href="http://taxonomies.xbrl.us/us-gaap/2009/elts/us-gaap-2009-01-31.xsd#us-gaap_EarningsPerShareAbstract" xlink:label="us-gaap_EarningsPerShareAbstract"/>
    <loc xlink:type="locator" xlink:href="http://taxonomies.xbrl.us/us-gaap/2009/elts/us-gaap-2009-01-31.xsd#us-gaap_EarningsPerShareBasic" xlink:label="us-gaap_EarningsPerShareBasic"/>
    <loc xlink:type="locator" xlink:href="http://taxonomies.xbrl.us/us-gaap/2009/elts/us-gaap-2009-01-31.xsd#us-gaap_EarningsPerShareDiluted" xlink:label="us-gaap_EarningsPerShareDiluted"/>
    <loc xlink:type="locator" xlink:href="http://taxonomies.xbrl.us/us-gaap/2009/elts/us-gaap-2009-01-31.xsd#us-gaap_GrossProfit" xlink:label="us-gaap_GrossProfit"/>
    <loc xlink:type="locator" xlink:href="http://taxonomies.xbrl.us/us-gaap/2009/elts/us-gaap-2009-01-31.xsd#us-gaap_IncomeLossFromContinuingOperationsBeforeIncomeTaxesMinorityInterestAndIncomeLossFromEquityMethodInvestments" xlink:label="us-gaap_IncomeLossFromContinuingOperationsBeforeIncomeTaxesMinorityInterestAndIncomeLossFromEquityMethodInvestments"/>
    <loc xlink:type="locator" xlink:href="http://taxonomies.xbrl.us/us-gaap/2009/elts/us-gaap-2009-01-31.xsd#us-gaap_IncomeStatementAbstract" xlink:label="us-gaap_IncomeStatementAbstract"/>
    <loc xlink:type="locator" xlink:href="http://taxonomies.xbrl.us/us-gaap/2009/elts/us-gaap-2009-01-31.xsd#us-gaap_IncomeTaxExpenseBenefit" xlink:label="us-gaap_IncomeTaxExpenseBenefit"/>
    <loc xlink:type="locator" xlink:href="http://taxonomies.xbrl.us/us-gaap/2009/elts/us-gaap-2009-01-31.xsd#us-gaap_NetIncomeLoss" xlink:label="us-gaap_NetIncomeLoss"/>
    <loc xlink:type="locator" xlink:href="http://taxonomies.xbrl.us/us-gaap/2009/elts/us-gaap-2009-01-31.xsd#us-gaap_NonoperatingIncomeExpense" xlink:label="us-gaap_NonoperatingIncomeExpense"/>
    <loc xlink:type="locator" xlink:href="http://taxonomies.xbrl.us/us-gaap/2009/elts/us-gaap-2009-01-31.xsd#us-gaap_OperatingExpenses" xlink:label="us-gaap_OperatingExpenses"/>
    <loc xlink:type="locator" xlink:href="http://taxonomies.xbrl.us/us-gaap/2009/elts/us-gaap-2009-01-31.xsd#us-gaap_OperatingExpensesAbstract" xlink:label="us-gaap_OperatingExpensesAbstract"/>
    <loc xlink:type="locator" xlink:href="http://taxonomies.xbrl.us/us-gaap/2009/elts/us-gaap-2009-01-31.xsd#us-gaap_OperatingIncomeLoss" xlink:label="us-gaap_OperatingIncomeLoss"/>
    <loc xlink:type="locator" xlink:href="http://taxonomies.xbrl.us/us-gaap/2009/elts/us-gaap-2009-01-31.xsd#us-gaap_ResearchAndDevelopmentExpense" xlink:label="us-gaap_ResearchAndDevelopmentExpense"/>
    <loc xlink:type="locator" xlink:href="http://taxonomies.xbrl.us/us-gaap/2009/elts/us-gaap-2009-01-31.xsd#us-gaap_SalesRevenueNet" xlink:label="us-gaap_SalesRevenueNet"/>
    <loc xlink:type="locator" xlink:href="http://taxonomies.xbrl.us/us-gaap/2009/elts/us-gaap-2009-01-31.xsd#us-gaap_SellingGeneralAndAdministrativeExpense" xlink:label="us-gaap_SellingGeneralAndAdministrativeExpense"/>
    <loc xlink:type="locator" xlink:href="http://taxonomies.xbrl.us/us-gaap/2009/elts/us-gaap-2009-01-31.xsd#us-gaap_StatementLineItems" xlink:label="us-gaap_StatementLineItems"/>
    <loc xlink:type="locator" xlink:href="http://taxonomies.xbrl.us/us-gaap/2009/elts/us-gaap-2009-01-31.xsd#us-gaap_StatementTable" xlink:label="us-gaap_StatementTable"/>
    <loc xlink:type="locator" xlink:href="http://taxonomies.xbrl.us/us-gaap/2009/elts/us-gaap-2009-01-31.xsd#us-gaap_WeightedAverageNumberOfDilutedSharesOutstanding" xlink:label="us-gaap_WeightedAverageNumberOfDilutedSharesOutstanding"/>
    <loc xlink:type="locator" xlink:href="http://taxonomies.xbrl.us/us-gaap/2009/elts/us-gaap-2009-01-31.xsd#us-gaap_WeightedAverageNumberOfSharesOutstandingAbstract" xlink:label="us-gaap_WeightedAverageNumberOfSharesOutstandingAbstract"/>
    <loc xlink:type="locator" xlink:href="http://taxonomies.xbrl.us/us-gaap/2009/elts/us-gaap-2009-01-31.xsd#us-gaap_WeightedAverageNumberOfSharesOutstandingBasic" xlink:label="us-gaap_WeightedAverageNumberOfSharesOutstandingBasic"/>
    <presentationArc xlink:type="arc" xlink:arcrole="http://www.xbrl.org/2003/arcrole/parent-child" xlink:from="us-gaap_EarningsPerShareAbstract" xlink:to="us-gaap_EarningsPerShareBasic" order="50.1000" preferredLabel="http://www.xbrl.org/2003/role/verboseLabel" priority="2" use="optional"/>
    <presentationArc xlink:type="arc" xlink:arcrole="http://www.xbrl.org/2003/arcrole/parent-child" xlink:from="us-gaap_EarningsPerShareAbstract" xlink:to="us-gaap_EarningsPerShareDiluted" order="50.2000" preferredLabel="http://www.xbrl.org/2003/role/verboseLabel" priority="2" use="optional"/>
    <presentationArc xlink:type="arc" xlink:arcrole="http://www.xbrl.org/2003/arcrole/parent-child" xlink:from="us-gaap_IncomeStatementAbstract" xlink:to="us-gaap_StatementTable" order="100.0000" priority="2" use="optional"/>
    <presentationArc xlink:type="arc" xlink:arcrole="http://www.xbrl.org/2003/arcrole/parent-child" xlink:from="us-gaap_OperatingExpensesAbstract" xlink:to="us-gaap_ResearchAndDevelopmentExpense" order="50.3000" priority="2" use="optional"/>
    <presentationArc xlink:type="arc" xlink:arcrole="http://www.xbrl.org/2003/arcrole/parent-child" xlink:from="us-gaap_OperatingExpensesAbstract" xlink:to="us-gaap_SellingGeneralAndAdministrativeExpense" order="50.4000" priority="2" use="optional"/>
    <presentationArc xlink:type="arc" xlink:arcrole="http://www.xbrl.org/2003/arcrole/parent-child" xlink:from="us-gaap_OperatingExpensesAbstract" xlink:to="us-gaap_OperatingExpenses" order="50.5000" preferredLabel="http://www.xbrl.org/2003/role/totalLabel" priority="2" use="optional"/>
    <presentationArc xlink:type="arc" xlink:arcrole="http://www.xbrl.org/2003/arcrole/parent-child" xlink:from="us-gaap_StatementLineItems" xlink:to="us-gaap_SalesRevenueNet" order="50.6000" priority="2" use="optional"/>
    <presentationArc xlink:type="arc" xlink:arcrole="http://www.xbrl.org/2003/arcrole/parent-child" xlink:from="us-gaap_StatementLineItems" xlink:to="us-gaap_CostOfGoodsAndServicesSold" order="50.7000" priority="2" use="optional"/>
    <presentationArc xlink:type="arc" xlink:arcrole="http://www.xbrl.org/2003/arcrole/parent-child" xlink:from="us-gaap_StatementLineItems" xlink:to="us-gaap_GrossProfit" order="50.8000" preferredLabel="http://www.xbrl.org/2003/role/totalLabel" priority="2" use="optional"/>
    <presentationArc xlink:type="arc" xlink:arcrole="http://www.xbrl.org/2003/arcrole/parent-child" xlink:from="us-gaap_StatementLineItems" xlink:to="us-gaap_OperatingExpensesAbstract" order="50.9000" priority="2" use="optional"/>
    <presentationArc xlink:type="arc" xlink:arcrole="http://www.xbrl.org/2003/arcrole/parent-child" xlink:from="us-gaap_StatementLineItems" xlink:to="us-gaap_OperatingIncomeLoss" order="51.0000" preferredLabel="http://www.xbrl.org/2003/role/totalLabel" priority="2" use="optional"/>
    <presentationArc xlink:type="arc" xlink:arcrole="http://www.xbrl.org/2003/arcrole/parent-child" xlink:from="us-gaap_StatementLineItems" xlink:to="us-gaap_NonoperatingIncomeExpense" order="51.1000" priority="2" use="optional"/>
    <presentationArc xlink:type="arc" xlink:arcrole="http://www.xbrl.org/2003/arcrole/parent-child" xlink:from="us-gaap_StatementLineItems" xlink:to="us-gaap_IncomeLossFromContinuingOperationsBeforeIncomeTaxesMinorityInterestAndIncomeLossFromEquityMethodInvestments" order="51.2000" preferredLabel="http://www.xbrl.org/2003/role/totalLabel" priority="2" use="optional"/>
    <presentationArc xlink:type="arc" xlink:arcrole="http://www.xbrl.org/2003/arcrole/parent-child" xlink:from="us-gaap_StatementLineItems" xlink:to="us-gaap_IncomeTaxExpenseBenefit" order="51.3000" priority="2" use="optional"/>
    <presentationArc xlink:type="arc" xlink:arcrole="http://www.xbrl.org/2003/arcrole/parent-child" xlink:from="us-gaap_StatementLineItems" xlink:to="us-gaap_NetIncomeLoss" order="51.4000" preferredLabel="http://www.xbrl.org/2003/role/totalLabel" priority="2" use="optional"/>
    <presentationArc xlink:type="arc" xlink:arcrole="http://www.xbrl.org/2003/arcrole/parent-child" xlink:from="us-gaap_StatementLineItems" xlink:to="us-gaap_EarningsPerShareAbstract" order="51.5000" priority="2" use="optional"/>
    <presentationArc xlink:type="arc" xlink:arcrole="http://www.xbrl.org/2003/arcrole/parent-child" xlink:from="us-gaap_StatementLineItems" xlink:to="us-gaap_WeightedAverageNumberOfSharesOutstandingAbstract" order="51.6000" priority="2" use="optional"/>
    <presentationArc xlink:type="arc" xlink:arcrole="http://www.xbrl.org/2003/arcrole/parent-child" xlink:from="us-gaap_StatementTable" xlink:to="us-gaap_StatementLineItems" order="200.0000" priority="2" use="optional"/>
    <presentationArc xlink:type="arc" xlink:arcrole="http://www.xbrl.org/2003/arcrole/parent-child" xlink:from="us-gaap_WeightedAverageNumberOfSharesOutstandingAbstract" xlink:to="us-gaap_WeightedAverageNumberOfSharesOutstandingBasic" order="1.1700" preferredLabel="http://www.xbrl.org/2003/role/verboseLabel" priority="2" use="optional"/>
    <presentationArc xlink:type="arc" xlink:arcrole="http://www.xbrl.org/2003/arcrole/parent-child" xlink:from="us-gaap_WeightedAverageNumberOfSharesOutstandingAbstract" xlink:to="us-gaap_WeightedAverageNumberOfDilutedSharesOutstanding" order="1.1800" preferredLabel="http://www.xbrl.org/2003/role/verboseLabel" priority="2" use="optional"/>
  </presentationLink>
  <presentationLink xlink:type="extended" xlink:role="http://www.apple.com/taxonomy/role/StatementOfFinancialPositionClassified">
    <loc xlink:type="locator" xlink:href="http://taxonomies.xbrl.us/us-gaap/2009/elts/us-gaap-2009-01-31.xsd#us-gaap_AccountsPayableCurrent" xlink:label="us-gaap_AccountsPayableCurrent"/>
    <loc xlink:type="locator" xlink:href="http://taxonomies.xbrl.us/us-gaap/2009/elts/us-gaap-2009-01-31.xsd#us-gaap_AccountsReceivableNetCurrent" xlink:label="us-gaap_AccountsReceivableNetCurrent"/>
    <loc xlink:type="locator" xlink:href="http://taxonomies.xbrl.us/us-gaap/2009/elts/us-gaap-2009-01-31.xsd#us-gaap_AccruedLiabilitiesCurrent" xlink:label="us-gaap_AccruedLiabilitiesCurrent"/>
    <loc xlink:type="locator" xlink:href="http://taxonomies.xbrl.us/us-gaap/2009/elts/us-gaap-2009-01-31.xsd#us-gaap_AccumulatedOtherComprehensiveIncomeLossNetOfTax" xlink:label="us-gaap_AccumulatedOtherComprehensiveIncomeLossNetOfTax"/>
    <loc xlink:type="locator" xlink:href="http://taxonomies.xbrl.us/us-gaap/2009/elts/us-gaap-2009-01-31.xsd#us-gaap_Assets" xlink:label="us-gaap_Assets"/>
    <loc xlink:type="locator" xlink:href="http://taxonomies.xbrl.us/us-gaap/2009/elts/us-gaap-2009-01-31.xsd#us-gaap_AssetsAbstract" xlink:label="us-gaap_AssetsAbstract"/>
    <loc xlink:type="locator" xlink:href="http://taxonomies.xbrl.us/us-gaap/2009/elts/us-gaap-2009-01-31.xsd#us-gaap_AssetsCurrent" xlink:label="us-gaap_AssetsCurrent"/>
    <loc xlink:type="locator" xlink:href="http://taxonomies.xbrl.us/us-gaap/2009/elts/us-gaap-2009-01-31.xsd#us-gaap_AssetsCurrentAbstract" xlink:label="us-gaap_AssetsCurrentAbstract"/>
    <loc xlink:type="locator" xlink:href="http://taxonomies.xbrl.us/us-gaap/2009/elts/us-gaap-2009-01-31.xsd#us-gaap_AvailableForSaleSecuritiesCurrent" xlink:label="us-gaap_AvailableForSaleSecuritiesCurrent"/>
    <loc xlink:type="locator" xlink:href="http://taxonomies.xbrl.us/us-gaap/2009/elts/us-gaap-2009-01-31.xsd#us-gaap_AvailableForSaleSecuritiesNoncurrent" xlink:label="us-gaap_AvailableForSaleSecuritiesNoncurrent"/>
    <loc xlink:type="locator" xlink:href="http://taxonomies.xbrl.us/us-gaap/2009/elts/us-gaap-2009-01-31.xsd#us-gaap_CashAndCashEquivalentsAtCarryingValue" xlink:label="us-gaap_CashAndCashEquivalentsAtCarryingValue"/>
    <loc xlink:type="locator" xlink:href="http://taxonomies.xbrl.us/us-gaap/2009/elts/us-gaap-2009-01-31.xsd#us-gaap_CommitmentsAndContingencies2009" xlink:label="us-gaap_CommitmentsAndContingencies2009"/>
    <loc xlink:type="locator" xlink:href="http://taxonomies.xbrl.us/us-gaap/2009/elts/us-gaap-2009-01-31.xsd#us-gaap_CommonStockValue" xlink:label="us-gaap_CommonStockValue"/>
    <loc xlink:type="locator" xlink:href="http://taxonomies.xbrl.us/us-gaap/2009/elts/us-gaap-2009-01-31.xsd#us-gaap_DeferredRevenueCurrent" xlink:label="us-gaap_DeferredRevenueCurrent"/>
    <loc xlink:type="locator" xlink:href="http://taxonomies.xbrl.us/us-gaap/2009/elts/us-gaap-2009-01-31.xsd#us-gaap_DeferredRevenueNoncurrent" xlink:label="us-gaap_DeferredRevenueNoncurrent"/>
    <loc xlink:type="locator" xlink:href="http://taxonomies.xbrl.us/us-gaap/2009/elts/us-gaap-2009-01-31.xsd#us-gaap_DeferredTaxAssetsNetCurrent" xlink:label="us-gaap_DeferredTaxAssetsNetCurrent"/>
    <loc xlink:type="locator" xlink:href="http://taxonomies.xbrl.us/us-gaap/2009/elts/us-gaap-2009-01-31.xsd#us-gaap_Goodwill" xlink:label="us-gaap_Goodwill"/>
    <loc xlink:type="locator" xlink:href="http://taxonomies.xbrl.us/us-gaap/2009/elts/us-gaap-2009-01-31.xsd#us-gaap_IntangibleAssetsNetExcludingGoodwill" xlink:label="us-gaap_IntangibleAssetsNetExcludingGoodwill"/>
    <loc xlink:type="locator" xlink:href="http://taxonomies.xbrl.us/us-gaap/2009/elts/us-gaap-2009-01-31.xsd#us-gaap_InventoryNet" xlink:label="us-gaap_InventoryNet"/>
    <loc xlink:type="locator" xlink:href="http://taxonomies.xbrl.us/us-gaap/2009/elts/us-gaap-2009-01-31.xsd#us-gaap_Liabilities" xlink:label="us-gaap_Liabilities"/>
    <loc xlink:type="locator" xlink:href="http://taxonomies.xbrl.us/us-gaap/2009/elts/us-gaap-2009-01-31.xsd#us-gaap_LiabilitiesAndStockholdersEquity" xlink:label="us-gaap_LiabilitiesAndStockholdersEquity"/>
    <loc xlink:type="locator" xlink:href="http://taxonomies.xbrl.us/us-gaap/2009/elts/us-gaap-2009-01-31.xsd#us-gaap_LiabilitiesAndStockholdersEquityAbstract" xlink:label="us-gaap_LiabilitiesAndStockholdersEquityAbstract"/>
    <loc xlink:type="locator" xlink:href="http://taxonomies.xbrl.us/us-gaap/2009/elts/us-gaap-2009-01-31.xsd#us-gaap_LiabilitiesCurrent" xlink:label="us-gaap_LiabilitiesCurrent"/>
    <loc xlink:type="locator" xlink:href="http://taxonomies.xbrl.us/us-gaap/2009/elts/us-gaap-2009-01-31.xsd#us-gaap_LiabilitiesCurrentAbstract" xlink:label="us-gaap_LiabilitiesCurrentAbstract"/>
    <loc xlink:type="locator" xlink:href="http://taxonomies.xbrl.us/us-gaap/2009/elts/us-gaap-2009-01-31.xsd#us-gaap_OtherAssetsCurrent" xlink:label="us-gaap_OtherAssetsCurrent"/>
    <loc xlink:type="locator" xlink:href="http://taxonomies.xbrl.us/us-gaap/2009/elts/us-gaap-2009-01-31.xsd#us-gaap_OtherAssetsNoncurrent" xlink:label="us-gaap_OtherAssetsNoncurrent"/>
    <loc xlink:type="locator" xlink:href="http://taxonomies.xbrl.us/us-gaap/2009/elts/us-gaap-2009-01-31.xsd#us-gaap_OtherLiabilitiesNoncurrent" xlink:label="us-gaap_OtherLiabilitiesNoncurrent"/>
    <loc xlink:type="locator" xlink:href="aapl-20091226.xsd#aapl_PropertyPlantAndEquipmentAndCapitalizedSoftwareNet" xlink:label="aapl_PropertyPlantAndEquipmentAndCapitalizedSoftwareNet"/>
    <loc xlink:type="locator" xlink:href="http://taxonomies.xbrl.us/us-gaap/2009/elts/us-gaap-2009-01-31.xsd#us-gaap_RetainedEarningsAccumulatedDeficit" xlink:label="us-gaap_RetainedEarningsAccumulatedDeficit"/>
    <loc xlink:type="locator" xlink:href="http://taxonomies.xbrl.us/us-gaap/2009/elts/us-gaap-2009-01-31.xsd#us-gaap_StatementLineItems" xlink:label="us-gaap_StatementLineItems"/>
    <loc xlink:type="locator" xlink:href="http://taxonomies.xbrl.us/us-gaap/2009/elts/us-gaap-2009-01-31.xsd#us-gaap_StatementOfFinancialPositionAbstract" xlink:label="us-gaap_StatementOfFinancialPositionAbstract"/>
    <loc xlink:type="locator" xlink:href="http://taxonomies.xbrl.us/us-gaap/2009/elts/us-gaap-2009-01-31.xsd#us-gaap_StatementTable" xlink:label="us-gaap_StatementTable"/>
    <loc xlink:type="locator" xlink:href="http://taxonomies.xbrl.us/us-gaap/2009/elts/us-gaap-2009-01-31.xsd#us-gaap_StockholdersEquity" xlink:label="us-gaap_StockholdersEquity"/>
    <loc xlink:type="locator" xlink:href="http://taxonomies.xbrl.us/us-gaap/2009/elts/us-gaap-2009-01-31.xsd#us-gaap_StockholdersEquityAbstract" xlink:label="us-gaap_StockholdersEquityAbstract"/>
    <presentationArc xlink:type="arc" xlink:arcrole="http://www.xbrl.org/2003/arcrole/parent-child" xlink:from="us-gaap_AssetsAbstract" xlink:to="us-gaap_AssetsCurrentAbstract" order="50.1000" priority="2" use="optional"/>
    <presentationArc xlink:type="arc" xlink:arcrole="http://www.xbrl.org/2003/arcrole/parent-child" xlink:from="us-gaap_AssetsAbstract" xlink:to="us-gaap_AvailableForSaleSecuritiesNoncurrent" order="50.2000" priority="2" use="optional"/>
    <presentationArc xlink:type="arc" xlink:arcrole="http://www.xbrl.org/2003/arcrole/parent-child" xlink:from="us-gaap_AssetsAbstract" xlink:to="aapl_PropertyPlantAndEquipmentAndCapitalizedSoftwareNet" order="50.3000" priority="2" use="optional"/>
    <presentationArc xlink:type="arc" xlink:arcrole="http://www.xbrl.org/2003/arcrole/parent-child" xlink:from="us-gaap_AssetsAbstract" xlink:to="us-gaap_Goodwill" order="50.4000" priority="2" use="optional"/>
    <presentationArc xlink:type="arc" xlink:arcrole="http://www.xbrl.org/2003/arcrole/parent-child" xlink:from="us-gaap_AssetsAbstract" xlink:to="us-gaap_IntangibleAssetsNetExcludingGoodwill" order="50.5000" priority="2" use="optional"/>
    <presentationArc xlink:type="arc" xlink:arcrole="http://www.xbrl.org/2003/arcrole/parent-child" xlink:from="us-gaap_AssetsAbstract" xlink:to="us-gaap_OtherAssetsNoncurrent" order="50.6000" priority="2" use="optional"/>
    <presentationArc xlink:type="arc" xlink:arcrole="http://www.xbrl.org/2003/arcrole/parent-child" xlink:from="us-gaap_AssetsAbstract" xlink:to="us-gaap_Assets" order="50.7000" preferredLabel="http://www.xbrl.org/2003/role/totalLabel" priority="2" use="optional"/>
    <presentationArc xlink:type="arc" xlink:arcrole="http://www.xbrl.org/2003/arcrole/parent-child" xlink:from="us-gaap_AssetsCurrentAbstract" xlink:to="us-gaap_CashAndCashEquivalentsAtCarryingValue" order="50.8000" priority="2" use="optional"/>
    <presentationArc xlink:type="arc" xlink:arcrole="http://www.xbrl.org/2003/arcrole/parent-child" xlink:from="us-gaap_AssetsCurrentAbstract" xlink:to="us-gaap_AvailableForSaleSecuritiesCurrent" order="50.9000" priority="2" use="optional"/>
    <presentationArc xlink:type="arc" xlink:arcrole="http://www.xbrl.org/2003/arcrole/parent-child" xlink:from="us-gaap_AssetsCurrentAbstract" xlink:to="us-gaap_AccountsReceivableNetCurrent" order="51.0000" priority="2" use="optional"/>
    <presentationArc xlink:type="arc" xlink:arcrole="http://www.xbrl.org/2003/arcrole/parent-child" xlink:from="us-gaap_AssetsCurrentAbstract" xlink:to="us-gaap_InventoryNet" order="51.1000" priority="2" use="optional"/>
    <presentationArc xlink:type="arc" xlink:arcrole="http://www.xbrl.org/2003/arcrole/parent-child" xlink:from="us-gaap_AssetsCurrentAbstract" xlink:to="us-gaap_DeferredTaxAssetsNetCurrent" order="51.2000" priority="2" use="optional"/>
    <presentationArc xlink:type="arc" xlink:arcrole="http://www.xbrl.org/2003/arcrole/parent-child" xlink:from="us-gaap_AssetsCurrentAbstract" xlink:to="us-gaap_OtherAssetsCurrent" order="51.3000" priority="2" use="optional"/>
    <presentationArc xlink:type="arc" xlink:arcrole="http://www.xbrl.org/2003/arcrole/parent-child" xlink:from="us-gaap_AssetsCurrentAbstract" xlink:to="us-gaap_AssetsCurrent" order="51.4000" preferredLabel="http://www.xbrl.org/2003/role/totalLabel" priority="2" use="optional"/>
    <presentationArc xlink:type="arc" xlink:arcrole="http://www.xbrl.org/2003/arcrole/parent-child" xlink:from="us-gaap_LiabilitiesAndStockholdersEquityAbstract" xlink:to="us-gaap_LiabilitiesCurrentAbstract" order="51.5000" priority="2" use="optional"/>
    <presentationArc xlink:type="arc" xlink:arcrole="http://www.xbrl.org/2003/arcrole/parent-child" xlink:from="us-gaap_LiabilitiesAndStockholdersEquityAbstract" xlink:to="us-gaap_DeferredRevenueNoncurrent" order="51.6000" priority="2" use="optional"/>
    <presentationArc xlink:type="arc" xlink:arcrole="http://www.xbrl.org/2003/arcrole/parent-child" xlink:from="us-gaap_LiabilitiesAndStockholdersEquityAbstract" xlink:to="us-gaap_OtherLiabilitiesNoncurrent" order="51.7000" priority="2" use="optional"/>
    <presentationArc xlink:type="arc" xlink:arcrole="http://www.xbrl.org/2003/arcrole/parent-child" xlink:from="us-gaap_LiabilitiesAndStockholdersEquityAbstract" xlink:to="us-gaap_Liabilities" order="51.8000" preferredLabel="http://www.xbrl.org/2003/role/totalLabel" priority="2" use="optional"/>
    <presentationArc xlink:type="arc" xlink:arcrole="http://www.xbrl.org/2003/arcrole/parent-child" xlink:from="us-gaap_LiabilitiesAndStockholdersEquityAbstract" xlink:to="us-gaap_CommitmentsAndContingencies2009" order="51.9000" priority="2" use="optional"/>
    <presentationArc xlink:type="arc" xlink:arcrole="http://www.xbrl.org/2003/arcrole/parent-child" xlink:from="us-gaap_LiabilitiesAndStockholdersEquityAbstract" xlink:to="us-gaap_StockholdersEquityAbstract" order="52.0000" priority="2" use="optional"/>
    <presentationArc xlink:type="arc" xlink:arcrole="http://www.xbrl.org/2003/arcrole/parent-child" xlink:from="us-gaap_LiabilitiesAndStockholdersEquityAbstract" xlink:to="us-gaap_LiabilitiesAndStockholdersEquity" order="52.1000" preferredLabel="http://www.xbrl.org/2003/role/totalLabel" priority="2" use="optional"/>
    <presentationArc xlink:type="arc" xlink:arcrole="http://www.xbrl.org/2003/arcrole/parent-child" xlink:from="us-gaap_LiabilitiesCurrentAbstract" xlink:to="us-gaap_AccountsPayableCurrent" order="52.2000" preferredLabel="http://www.xbrl.org/2003/role/verboseLabel" priority="2" use="optional"/>
    <presentationArc xlink:type="arc" xlink:arcrole="http://www.xbrl.org/2003/arcrole/parent-child" xlink:from="us-gaap_LiabilitiesCurrentAbstract" xlink:to="us-gaap_AccruedLiabilitiesCurrent" order="52.3000" priority="2" use="optional"/>
    <presentationArc xlink:type="arc" xlink:arcrole="http://www.xbrl.org/2003/arcrole/parent-child" xlink:from="us-gaap_LiabilitiesCurrentAbstract" xlink:to="us-gaap_DeferredRevenueCurrent" order="52.4000" preferredLabel="http://www.xbrl.org/2003/role/verboseLabel" priority="2" use="optional"/>
    <presentationArc xlink:type="arc" xlink:arcrole="http://www.xbrl.org/2003/arcrole/parent-child" xlink:from="us-gaap_LiabilitiesCurrentAbstract" xlink:to="us-gaap_LiabilitiesCurrent" order="52.5000" preferredLabel="http://www.xbrl.org/2003/role/totalLabel" priority="2" use="optional"/>
    <presentationArc xlink:type="arc" xlink:arcrole="http://www.xbrl.org/2003/arcrole/parent-child" xlink:from="us-gaap_StatementLineItems" xlink:to="us-gaap_AssetsAbstract" order="52.6000" priority="2" use="optional"/>
    <presentationArc xlink:type="arc" xlink:arcrole="http://www.xbrl.org/2003/arcrole/parent-child" xlink:from="us-gaap_StatementLineItems" xlink:to="us-gaap_LiabilitiesAndStockholdersEquityAbstract" order="52.7000" priority="2" use="optional"/>
    <presentationArc xlink:type="arc" xlink:arcrole="http://www.xbrl.org/2003/arcrole/parent-child" xlink:from="us-gaap_StatementOfFinancialPositionAbstract" xlink:to="us-gaap_StatementTable" order="100.0000" priority="2" use="optional"/>
    <presentationArc xlink:type="arc" xlink:arcrole="http://www.xbrl.org/2003/arcrole/parent-child" xlink:from="us-gaap_StatementTable" xlink:to="us-gaap_StatementLineItems" order="300.0000" priority="2" use="optional"/>
    <presentationArc xlink:type="arc" xlink:arcrole="http://www.xbrl.org/2003/arcrole/parent-child" xlink:from="us-gaap_StockholdersEquityAbstract" xlink:to="us-gaap_CommonStockValue" order="52.8000" priority="2" use="optional"/>
    <presentationArc xlink:type="arc" xlink:arcrole="http://www.xbrl.org/2003/arcrole/parent-child" xlink:from="us-gaap_StockholdersEquityAbstract" xlink:to="us-gaap_RetainedEarningsAccumulatedDeficit" order="52.9000" priority="2" use="optional"/>
    <presentationArc xlink:type="arc" xlink:arcrole="http://www.xbrl.org/2003/arcrole/parent-child" xlink:from="us-gaap_StockholdersEquityAbstract" xlink:to="us-gaap_AccumulatedOtherComprehensiveIncomeLossNetOfTax" order="53.0000" priority="2" use="optional"/>
    <presentationArc xlink:type="arc" xlink:arcrole="http://www.xbrl.org/2003/arcrole/parent-child" xlink:from="us-gaap_StockholdersEquityAbstract" xlink:to="us-gaap_StockholdersEquity" order="53.1000" preferredLabel="http://www.xbrl.org/2003/role/totalLabel" priority="2" use="optional"/>
  </presentationLink>
  <presentationLink xlink:type="extended" xlink:role="http://www.apple.com/taxonomy/role/StatementOfFinancialPositionClassifiedParenthetical">
    <loc xlink:type="locator" xlink:href="http://taxonomies.xbrl.us/us-gaap/2009/elts/us-gaap-2009-01-31.xsd#us-gaap_AllowanceForDoubtfulAccountsReceivableCurrent" xlink:label="us-gaap_AllowanceForDoubtfulAccountsReceivableCurrent"/>
    <loc xlink:type="locator" xlink:href="http://taxonomies.xbrl.us/us-gaap/2009/elts/us-gaap-2009-01-31.xsd#us-gaap_CommonStockNoParValue" xlink:label="us-gaap_CommonStockNoParValue"/>
    <loc xlink:type="locator" xlink:href="http://taxonomies.xbrl.us/us-gaap/2009/elts/us-gaap-2009-01-31.xsd#us-gaap_CommonStockSharesAuthorized" xlink:label="us-gaap_CommonStockSharesAuthorized"/>
    <loc xlink:type="locator" xlink:href="http://taxonomies.xbrl.us/us-gaap/2009/elts/us-gaap-2009-01-31.xsd#us-gaap_CommonStockSharesIssued" xlink:label="us-gaap_CommonStockSharesIssued"/>
    <loc xlink:type="locator" xlink:href="http://taxonomies.xbrl.us/us-gaap/2009/elts/us-gaap-2009-01-31.xsd#us-gaap_CommonStockSharesOutstanding" xlink:label="us-gaap_CommonStockSharesOutstanding"/>
    <loc xlink:type="locator" xlink:href="http://taxonomies.xbrl.us/us-gaap/2009/elts/us-gaap-2009-01-31.xsd#us-gaap_StatementLineItems" xlink:label="us-gaap_StatementLineItems"/>
    <loc xlink:type="locator" xlink:href="http://taxonomies.xbrl.us/us-gaap/2009/elts/us-gaap-2009-01-31.xsd#us-gaap_StatementOfFinancialPositionAbstract" xlink:label="us-gaap_StatementOfFinancialPositionAbstract"/>
    <loc xlink:type="locator" xlink:href="http://taxonomies.xbrl.us/us-gaap/2009/elts/us-gaap-2009-01-31.xsd#us-gaap_StatementTable" xlink:label="us-gaap_StatementTable"/>
    <presentationArc xlink:type="arc" xlink:arcrole="http://www.xbrl.org/2003/arcrole/parent-child" xlink:from="us-gaap_StatementLineItems" xlink:to="us-gaap_AllowanceForDoubtfulAccountsReceivableCurrent" order="50.1000" priority="2" use="optional"/>
    <presentationArc xlink:type="arc" xlink:arcrole="http://www.xbrl.org/2003/arcrole/parent-child" xlink:from="us-gaap_StatementLineItems" xlink:to="us-gaap_CommonStockNoParValue" order="50.2000" priority="2" use="optional"/>
    <presentationArc xlink:type="arc" xlink:arcrole="http://www.xbrl.org/2003/arcrole/parent-child" xlink:from="us-gaap_StatementLineItems" xlink:to="us-gaap_CommonStockSharesAuthorized" order="50.3000" priority="2" use="optional"/>
    <presentationArc xlink:type="arc" xlink:arcrole="http://www.xbrl.org/2003/arcrole/parent-child" xlink:from="us-gaap_StatementLineItems" xlink:to="us-gaap_CommonStockSharesIssued" order="50.4000" priority="2" use="optional"/>
    <presentationArc xlink:type="arc" xlink:arcrole="http://www.xbrl.org/2003/arcrole/parent-child" xlink:from="us-gaap_StatementLineItems" xlink:to="us-gaap_CommonStockSharesOutstanding" order="50.5000" priority="2" use="optional"/>
    <presentationArc xlink:type="arc" xlink:arcrole="http://www.xbrl.org/2003/arcrole/parent-child" xlink:from="us-gaap_StatementOfFinancialPositionAbstract" xlink:to="us-gaap_StatementTable" order="100.0000" priority="2" use="optional"/>
    <presentationArc xlink:type="arc" xlink:arcrole="http://www.xbrl.org/2003/arcrole/parent-child" xlink:from="us-gaap_StatementTable" xlink:to="us-gaap_StatementLineItems" order="300.0000" priority="2" use="optional"/>
  </presentationLink>
  <presentationLink xlink:type="extended" xlink:role="http://www.apple.com/taxonomy/role/StatementOfCashFlowsIndirect">
    <loc xlink:type="locator" xlink:href="http://taxonomies.xbrl.us/us-gaap/2009/elts/us-gaap-2009-01-31.xsd#us-gaap_AdjustmentsToReconcileNetIncomeLossToCashProvidedByUsedInOperatingActivitiesAbstract" xlink:label="us-gaap_AdjustmentsToReconcileNetIncomeLossToCashProvidedByUsedInOperatingActivitiesAbstract"/>
    <loc xlink:type="locator" xlink:href="http://taxonomies.xbrl.us/us-gaap/2009/elts/us-gaap-2009-01-31.xsd#us-gaap_CashAndCashEquivalentsAtCarryingValue" xlink:label="us-gaap_CashAndCashEquivalentsAtCarryingValue"/>
    <loc xlink:type="locator" xlink:href="http://taxonomies.xbrl.us/us-gaap/2009/elts/us-gaap-2009-01-31.xsd#us-gaap_CashAndCashEquivalentsAtCarryingValue" xlink:label="us-gaap_CashAndCashEquivalentsAtCarryingValue_2"/>
    <loc xlink:type="locator" xlink:href="http://taxonomies.xbrl.us/us-gaap/2009/elts/us-gaap-2009-01-31.xsd#us-gaap_CashAndCashEquivalentsPeriodIncreaseDecrease" xlink:label="us-gaap_CashAndCashEquivalentsPeriodIncreaseDecrease"/>
    <loc xlink:type="locator" xlink:href="http://taxonomies.xbrl.us/us-gaap/2009/elts/us-gaap-2009-01-31.xsd#us-gaap_DeferredIncomeTaxExpenseBenefit" xlink:label="us-gaap_DeferredIncomeTaxExpenseBenefit"/>
    <loc xlink:type="locator" xlink:href="http://taxonomies.xbrl.us/us-gaap/2009/elts/us-gaap-2009-01-31.xsd#us-gaap_DepreciationAmortizationAndAccretionNet" xlink:label="us-gaap_DepreciationAmortizationAndAccretionNet"/>
    <loc xlink:type="locator" xlink:href="http://taxonomies.xbrl.us/us-gaap/2009/elts/us-gaap-2009-01-31.xsd#us-gaap_EmployeeServiceShareBasedCompensationCashFlowEffectCashUsedToSettleAwards" xlink:label="us-gaap_EmployeeServiceShareBasedCompensationCashFlowEffectCashUsedToSettleAwards"/>
    <loc xlink:type="locator" xlink:href="http://taxonomies.xbrl.us/us-gaap/2009/elts/us-gaap-2009-01-31.xsd#us-gaap_ExcessTaxBenefitFromShareBasedCompensationFinancingActivities" xlink:label="us-gaap_ExcessTaxBenefitFromShareBasedCompensationFinancingActivities"/>
    <loc xlink:type="locator" xlink:href="http://taxonomies.xbrl.us/us-gaap/2009/elts/us-gaap-2009-01-31.xsd#us-gaap_GainLossOnSaleOfPropertyPlantEquipment" xlink:label="us-gaap_GainLossOnSaleOfPropertyPlantEquipment"/>
    <loc xlink:type="locator" xlink:href="http://taxonomies.xbrl.us/us-gaap/2009/elts/us-gaap-2009-01-31.xsd#us-gaap_IncomeTaxesPaidNet" xlink:label="us-gaap_IncomeTaxesPaidNet"/>
    <loc xlink:type="locator" xlink:href="http://taxonomies.xbrl.us/us-gaap/2009/elts/us-gaap-2009-01-31.xsd#us-gaap_IncreaseDecreaseInAccountsPayable" xlink:label="us-gaap_IncreaseDecreaseInAccountsPayable"/>
    <loc xlink:type="locator" xlink:href="http://taxonomies.xbrl.us/us-gaap/2009/elts/us-gaap-2009-01-31.xsd#us-gaap_IncreaseDecreaseInAccountsReceivable" xlink:label="us-gaap_IncreaseDecreaseInAccountsReceivable"/>
    <loc xlink:type="locator" xlink:href="http://taxonomies.xbrl.us/us-gaap/2009/elts/us-gaap-2009-01-31.xsd#us-gaap_IncreaseDecreaseInDeferredRevenue" xlink:label="us-gaap_IncreaseDecreaseInDeferredRevenue"/>
    <loc xlink:type="locator" xlink:href="http://taxonomies.xbrl.us/us-gaap/2009/elts/us-gaap-2009-01-31.xsd#us-gaap_IncreaseDecreaseInInventories" xlink:label="us-gaap_IncreaseDecreaseInInventories"/>
    <loc xlink:type="locator" xlink:href="http://taxonomies.xbrl.us/us-gaap/2009/elts/us-gaap-2009-01-31.xsd#us-gaap_IncreaseDecreaseInOperatingCapitalAbstract" xlink:label="us-gaap_IncreaseDecreaseInOperatingCapitalAbstract"/>
    <loc xlink:type="locator" xlink:href="http://taxonomies.xbrl.us/us-gaap/2009/elts/us-gaap-2009-01-31.xsd#us-gaap_IncreaseDecreaseInOtherOperatingAssets" xlink:label="us-gaap_IncreaseDecreaseInOtherOperatingAssets"/>
    <loc xlink:type="locator" xlink:href="http://taxonomies.xbrl.us/us-gaap/2009/elts/us-gaap-2009-01-31.xsd#us-gaap_IncreaseDecreaseInOtherOperatingLiabilities" xlink:label="us-gaap_IncreaseDecreaseInOtherOperatingLiabilities"/>
    <loc xlink:type="locator" xlink:href="aapl-20091226.xsd#aapl_IncreaseDecreaseOtherCurrentAssets" xlink:label="aapl_IncreaseDecreaseOtherCurrentAssets"/>
    <loc xlink:type="locator" xlink:href="http://taxonomies.xbrl.us/us-gaap/2009/elts/us-gaap-2009-01-31.xsd#us-gaap_NetCashProvidedByUsedInFinancingActivities" xlink:label="us-gaap_NetCashProvidedByUsedInFinancingActivities"/>
    <loc xlink:type="locator" xlink:href="http://taxonomies.xbrl.us/us-gaap/2009/elts/us-gaap-2009-01-31.xsd#us-gaap_NetCashProvidedByUsedInFinancingActivitiesAbstract" xlink:label="us-gaap_NetCashProvidedByUsedInFinancingActivitiesAbstract"/>
    <loc xlink:type="locator" xlink:href="http://taxonomies.xbrl.us/us-gaap/2009/elts/us-gaap-2009-01-31.xsd#us-gaap_NetCashProvidedByUsedInInvestingActivities" xlink:label="us-gaap_NetCashProvidedByUsedInInvestingActivities"/>
    <loc xlink:type="locator" xlink:href="http://taxonomies.xbrl.us/us-gaap/2009/elts/us-gaap-2009-01-31.xsd#us-gaap_NetCashProvidedByUsedInInvestingActivitiesAbstract" xlink:label="us-gaap_NetCashProvidedByUsedInInvestingActivitiesAbstract"/>
    <loc xlink:type="locator" xlink:href="http://taxonomies.xbrl.us/us-gaap/2009/elts/us-gaap-2009-01-31.xsd#us-gaap_NetCashProvidedByUsedInOperatingActivities" xlink:label="us-gaap_NetCashProvidedByUsedInOperatingActivities"/>
    <loc xlink:type="locator" xlink:href="http://taxonomies.xbrl.us/us-gaap/2009/elts/us-gaap-2009-01-31.xsd#us-gaap_NetCashProvidedByUsedInOperatingActivitiesAbstract" xlink:label="us-gaap_NetCashProvidedByUsedInOperatingActivitiesAbstract"/>
    <loc xlink:type="locator" xlink:href="http://taxonomies.xbrl.us/us-gaap/2009/elts/us-gaap-2009-01-31.xsd#us-gaap_NetIncomeLoss" xlink:label="us-gaap_NetIncomeLoss"/>
    <loc xlink:type="locator" xlink:href="http://taxonomies.xbrl.us/us-gaap/2009/elts/us-gaap-2009-01-31.xsd#us-gaap_PaymentsForProceedsFromOtherInvestingActivities" xlink:label="us-gaap_PaymentsForProceedsFromOtherInvestingActivities"/>
    <loc xlink:type="locator" xlink:href="http://taxonomies.xbrl.us/us-gaap/2009/elts/us-gaap-2009-01-31.xsd#us-gaap_PaymentsToAcquireAvailableForSaleSecurities" xlink:label="us-gaap_PaymentsToAcquireAvailableForSaleSecurities"/>
    <loc xlink:type="locator" xlink:href="http://taxonomies.xbrl.us/us-gaap/2009/elts/us-gaap-2009-01-31.xsd#us-gaap_PaymentsToAcquireIntangibleAssets" xlink:label="us-gaap_PaymentsToAcquireIntangibleAssets"/>
    <loc xlink:type="locator" xlink:href="http://taxonomies.xbrl.us/us-gaap/2009/elts/us-gaap-2009-01-31.xsd#us-gaap_PaymentsToAcquireOtherInvestments" xlink:label="us-gaap_PaymentsToAcquireOtherInvestments"/>
    <loc xlink:type="locator" xlink:href="http://taxonomies.xbrl.us/us-gaap/2009/elts/us-gaap-2009-01-31.xsd#us-gaap_PaymentsToAcquireProductiveAssets" xlink:label="us-gaap_PaymentsToAcquireProductiveAssets"/>
    <loc xlink:type="locator" xlink:href="http://taxonomies.xbrl.us/us-gaap/2009/elts/us-gaap-2009-01-31.xsd#us-gaap_ProceedsFromIssuanceOfCommonStock" xlink:label="us-gaap_ProceedsFromIssuanceOfCommonStock"/>
    <loc xlink:type="locator" xlink:href="http://taxonomies.xbrl.us/us-gaap/2009/elts/us-gaap-2009-01-31.xsd#us-gaap_ProceedsFromMaturitiesPrepaymentsAndCallsOfAvailableForSaleSecurities" xlink:label="us-gaap_ProceedsFromMaturitiesPrepaymentsAndCallsOfAvailableForSaleSecurities"/>
    <loc xlink:type="locator" xlink:href="http://taxonomies.xbrl.us/us-gaap/2009/elts/us-gaap-2009-01-31.xsd#us-gaap_ProceedsFromSaleOfAvailableForSaleSecurities" xlink:label="us-gaap_ProceedsFromSaleOfAvailableForSaleSecurities"/>
    <loc xlink:type="locator" xlink:href="http://taxonomies.xbrl.us/us-gaap/2009/elts/us-gaap-2009-01-31.xsd#us-gaap_ShareBasedCompensation" xlink:label="us-gaap_ShareBasedCompensation"/>
    <loc xlink:type="locator" xlink:href="http://taxonomies.xbrl.us/us-gaap/2009/elts/us-gaap-2009-01-31.xsd#us-gaap_StatementLineItems" xlink:label="us-gaap_StatementLineItems"/>
    <loc xlink:type="locator" xlink:href="http://taxonomies.xbrl.us/us-gaap/2009/elts/us-gaap-2009-01-31.xsd#us-gaap_StatementOfCashFlowsAbstract" xlink:label="us-gaap_StatementOfCashFlowsAbstract"/>
    <loc xlink:type="locator" xlink:href="http://taxonomies.xbrl.us/us-gaap/2009/elts/us-gaap-2009-01-31.xsd#us-gaap_StatementTable" xlink:label="us-gaap_StatementTable"/>
    <loc xlink:type="locator" xlink:href="http://taxonomies.xbrl.us/us-gaap/2009/elts/us-gaap-2009-01-31.xsd#us-gaap_SupplementalCashFlowInformationAbstract" xlink:label="us-gaap_SupplementalCashFlowInformationAbstract"/>
    <presentationArc xlink:type="arc" xlink:arcrole="http://www.xbrl.org/2003/arcrole/parent-child" xlink:from="us-gaap_AdjustmentsToReconcileNetIncomeLossToCashProvidedByUsedInOperatingActivitiesAbstract" xlink:to="us-gaap_DepreciationAmortizationAndAccretionNet" order="50.1000" priority="2" use="optional"/>
    <presentationArc xlink:type="arc" xlink:arcrole="http://www.xbrl.org/2003/arcrole/parent-child" xlink:from="us-gaap_AdjustmentsToReconcileNetIncomeLossToCashProvidedByUsedInOperatingActivitiesAbstract" xlink:to="us-gaap_ShareBasedCompensation" order="50.2000" priority="2" use="optional"/>
    <presentationArc xlink:type="arc" xlink:arcrole="http://www.xbrl.org/2003/arcrole/parent-child" xlink:from="us-gaap_AdjustmentsToReconcileNetIncomeLossToCashProvidedByUsedInOperatingActivitiesAbstract" xlink:to="us-gaap_DeferredIncomeTaxExpenseBenefit" order="50.3000" priority="2" use="optional"/>
    <presentationArc xlink:type="arc" xlink:arcrole="http://www.xbrl.org/2003/arcrole/parent-child" xlink:from="us-gaap_AdjustmentsToReconcileNetIncomeLossToCashProvidedByUsedInOperatingActivitiesAbstract" xlink:to="us-gaap_GainLossOnSaleOfPropertyPlantEquipment" order="50.4000" preferredLabel="http://xbrl.us/us-gaap/role/label/negated" priority="2" use="optional"/>
    <presentationArc xlink:type="arc" xlink:arcrole="http://www.xbrl.org/2003/arcrole/parent-child" xlink:from="us-gaap_IncreaseDecreaseInOperatingCapitalAbstract" xlink:to="us-gaap_IncreaseDecreaseInAccountsReceivable" order="50.5000" preferredLabel="http://xbrl.us/us-gaap/role/label/negated" priority="2" use="optional"/>
    <presentationArc xlink:type="arc" xlink:arcrole="http://www.xbrl.org/2003/arcrole/parent-child" xlink:from="us-gaap_IncreaseDecreaseInOperatingCapitalAbstract" xlink:to="us-gaap_IncreaseDecreaseInInventories" order="50.6000" preferredLabel="http://xbrl.us/us-gaap/role/label/negated" priority="2" use="optional"/>
    <presentationArc xlink:type="arc" xlink:arcrole="http://www.xbrl.org/2003/arcrole/parent-child" xlink:from="us-gaap_IncreaseDecreaseInOperatingCapitalAbstract" xlink:to="aapl_IncreaseDecreaseOtherCurrentAssets" order="50.7000" preferredLabel="http://xbrl.us/us-gaap/role/label/negated" priority="2" use="optional"/>
    <presentationArc xlink:type="arc" xlink:arcrole="http://www.xbrl.org/2003/arcrole/parent-child" xlink:from="us-gaap_IncreaseDecreaseInOperatingCapitalAbstract" xlink:to="us-gaap_IncreaseDecreaseInOtherOperatingAssets" order="50.8000" preferredLabel="http://xbrl.us/us-gaap/role/label/negated" priority="2" use="optional"/>
    <presentationArc xlink:type="arc" xlink:arcrole="http://www.xbrl.org/2003/arcrole/parent-child" xlink:from="us-gaap_IncreaseDecreaseInOperatingCapitalAbstract" xlink:to="us-gaap_IncreaseDecreaseInAccountsPayable" order="50.9000" preferredLabel="http://www.xbrl.org/2003/role/verboseLabel" priority="2" use="optional"/>
    <presentationArc xlink:type="arc" xlink:arcrole="http://www.xbrl.org/2003/arcrole/parent-child" xlink:from="us-gaap_IncreaseDecreaseInOperatingCapitalAbstract" xlink:to="us-gaap_IncreaseDecreaseInDeferredRevenue" order="51.0000" preferredLabel="http://www.xbrl.org/2003/role/verboseLabel" priority="2" use="optional"/>
    <presentationArc xlink:type="arc" xlink:arcrole="http://www.xbrl.org/2003/arcrole/parent-child" xlink:from="us-gaap_IncreaseDecreaseInOperatingCapitalAbstract" xlink:to="us-gaap_IncreaseDecreaseInOtherOperatingLiabilities" order="51.1000" priority="2" use="optional"/>
    <presentationArc xlink:type="arc" xlink:arcrole="http://www.xbrl.org/2003/arcrole/parent-child" xlink:from="us-gaap_NetCashProvidedByUsedInFinancingActivitiesAbstract" xlink:to="us-gaap_ProceedsFromIssuanceOfCommonStock" order="51.2000" priority="2" use="optional"/>
    <presentationArc xlink:type="arc" xlink:arcrole="http://www.xbrl.org/2003/arcrole/parent-child" xlink:from="us-gaap_NetCashProvidedByUsedInFinancingActivitiesAbstract" xlink:to="us-gaap_ExcessTaxBenefitFromShareBasedCompensationFinancingActivities" order="51.3000" priority="2" use="optional"/>
    <presentationArc xlink:type="arc" xlink:arcrole="http://www.xbrl.org/2003/arcrole/parent-child" xlink:from="us-gaap_NetCashProvidedByUsedInFinancingActivitiesAbstract" xlink:to="us-gaap_EmployeeServiceShareBasedCompensationCashFlowEffectCashUsedToSettleAwards" order="51.4000" priority="2" use="optional"/>
    <presentationArc xlink:type="arc" xlink:arcrole="http://www.xbrl.org/2003/arcrole/parent-child" xlink:from="us-gaap_NetCashProvidedByUsedInFinancingActivitiesAbstract" xlink:to="us-gaap_NetCashProvidedByUsedInFinancingActivities" order="51.5000" preferredLabel="http://www.xbrl.org/2003/role/totalLabel" priority="2" use="optional"/>
    <presentationArc xlink:type="arc" xlink:arcrole="http://www.xbrl.org/2003/arcrole/parent-child" xlink:from="us-gaap_NetCashProvidedByUsedInInvestingActivitiesAbstract" xlink:to="us-gaap_PaymentsToAcquireAvailableForSaleSecurities" order="51.6000" preferredLabel="http://xbrl.us/us-gaap/role/label/negated" priority="2" use="optional"/>
    <presentationArc xlink:type="arc" xlink:arcrole="http://www.xbrl.org/2003/arcrole/parent-child" xlink:from="us-gaap_NetCashProvidedByUsedInInvestingActivitiesAbstract" xlink:to="us-gaap_ProceedsFromMaturitiesPrepaymentsAndCallsOfAvailableForSaleSecurities" order="51.7000" priority="2" use="optional"/>
    <presentationArc xlink:type="arc" xlink:arcrole="http://www.xbrl.org/2003/arcrole/parent-child" xlink:from="us-gaap_NetCashProvidedByUsedInInvestingActivitiesAbstract" xlink:to="us-gaap_ProceedsFromSaleOfAvailableForSaleSecurities" order="51.8000" priority="2" use="optional"/>
    <presentationArc xlink:type="arc" xlink:arcrole="http://www.xbrl.org/2003/arcrole/parent-child" xlink:from="us-gaap_NetCashProvidedByUsedInInvestingActivitiesAbstract" xlink:to="us-gaap_PaymentsToAcquireOtherInvestments" order="51.9000" preferredLabel="http://xbrl.us/us-gaap/role/label/negated" priority="2" use="optional"/>
    <presentationArc xlink:type="arc" xlink:arcrole="http://www.xbrl.org/2003/arcrole/parent-child" xlink:from="us-gaap_NetCashProvidedByUsedInInvestingActivitiesAbstract" xlink:to="us-gaap_PaymentsToAcquireProductiveAssets" order="52.0000" preferredLabel="http://xbrl.us/us-gaap/role/label/negated" priority="2" use="optional"/>
    <presentationArc xlink:type="arc" xlink:arcrole="http://www.xbrl.org/2003/arcrole/parent-child" xlink:from="us-gaap_NetCashProvidedByUsedInInvestingActivitiesAbstract" xlink:to="us-gaap_PaymentsToAcquireIntangibleAssets" order="52.1000" preferredLabel="http://xbrl.us/us-gaap/role/label/negated" priority="2" use="optional"/>
    <presentationArc xlink:type="arc" xlink:arcrole="http://www.xbrl.org/2003/arcrole/parent-child" xlink:from="us-gaap_NetCashProvidedByUsedInInvestingActivitiesAbstract" xlink:to="us-gaap_PaymentsForProceedsFromOtherInvestingActivities" order="52.2000" preferredLabel="http://xbrl.us/us-gaap/role/label/negated" priority="2" use="optional"/>
    <presentationArc xlink:type="arc" xlink:arcrole="http://www.xbrl.org/2003/arcrole/parent-child" xlink:from="us-gaap_NetCashProvidedByUsedInInvestingActivitiesAbstract" xlink:to="us-gaap_NetCashProvidedByUsedInInvestingActivities" order="52.3000" preferredLabel="http://www.xbrl.org/2003/role/totalLabel" priority="2" use="optional"/>
    <presentationArc xlink:type="arc" xlink:arcrole="http://www.xbrl.org/2003/arcrole/parent-child" xlink:from="us-gaap_NetCashProvidedByUsedInOperatingActivitiesAbstract" xlink:to="us-gaap_NetIncomeLoss" order="52.4000" priority="2" use="optional"/>
    <presentationArc xlink:type="arc" xlink:arcrole="http://www.xbrl.org/2003/arcrole/parent-child" xlink:from="us-gaap_NetCashProvidedByUsedInOperatingActivitiesAbstract" xlink:to="us-gaap_AdjustmentsToReconcileNetIncomeLossToCashProvidedByUsedInOperatingActivitiesAbstract" order="52.5000" priority="2" use="optional"/>
    <presentationArc xlink:type="arc" xlink:arcrole="http://www.xbrl.org/2003/arcrole/parent-child" xlink:from="us-gaap_NetCashProvidedByUsedInOperatingActivitiesAbstract" xlink:to="us-gaap_IncreaseDecreaseInOperatingCapitalAbstract" order="52.6000" priority="2" use="optional"/>
    <presentationArc xlink:type="arc" xlink:arcrole="http://www.xbrl.org/2003/arcrole/parent-child" xlink:from="us-gaap_NetCashProvidedByUsedInOperatingActivitiesAbstract" xlink:to="us-gaap_NetCashProvidedByUsedInOperatingActivities" order="52.7000" preferredLabel="http://www.xbrl.org/2003/role/totalLabel" priority="2" use="optional"/>
    <presentationArc xlink:type="arc" xlink:arcrole="http://www.xbrl.org/2003/arcrole/parent-child" xlink:from="us-gaap_StatementLineItems" xlink:to="us-gaap_CashAndCashEquivalentsAtCarryingValue" order="52.8000" preferredLabel="http://www.xbrl.org/2003/role/periodStartLabel" priority="2" use="optional"/>
    <presentationArc xlink:type="arc" xlink:arcrole="http://www.xbrl.org/2003/arcrole/parent-child" xlink:from="us-gaap_StatementLineItems" xlink:to="us-gaap_NetCashProvidedByUsedInOperatingActivitiesAbstract" order="52.9000" priority="2" use="optional"/>
    <presentationArc xlink:type="arc" xlink:arcrole="http://www.xbrl.org/2003/arcrole/parent-child" xlink:from="us-gaap_StatementLineItems" xlink:to="us-gaap_NetCashProvidedByUsedInInvestingActivitiesAbstract" order="53.0000" priority="2" use="optional"/>
    <presentationArc xlink:type="arc" xlink:arcrole="http://www.xbrl.org/2003/arcrole/parent-child" xlink:from="us-gaap_StatementLineItems" xlink:to="us-gaap_NetCashProvidedByUsedInFinancingActivitiesAbstract" order="53.1000" priority="2" use="optional"/>
    <presentationArc xlink:type="arc" xlink:arcrole="http://www.xbrl.org/2003/arcrole/parent-child" xlink:from="us-gaap_StatementLineItems" xlink:to="us-gaap_CashAndCashEquivalentsPeriodIncreaseDecrease" order="53.2000" preferredLabel="http://www.xbrl.org/2003/role/totalLabel" priority="2" use="optional"/>
    <presentationArc xlink:type="arc" xlink:arcrole="http://www.xbrl.org/2003/arcrole/parent-child" xlink:from="us-gaap_StatementLineItems" xlink:to="us-gaap_CashAndCashEquivalentsAtCarryingValue_2" order="53.3000" preferredLabel="http://www.xbrl.org/2003/role/periodEndLabel" priority="2" use="optional"/>
    <presentationArc xlink:type="arc" xlink:arcrole="http://www.xbrl.org/2003/arcrole/parent-child" xlink:from="us-gaap_StatementLineItems" xlink:to="us-gaap_SupplementalCashFlowInformationAbstract" order="53.4000" priority="2" use="optional"/>
    <presentationArc xlink:type="arc" xlink:arcrole="http://www.xbrl.org/2003/arcrole/parent-child" xlink:from="us-gaap_StatementOfCashFlowsAbstract" xlink:to="us-gaap_StatementTable" order="100.0000" priority="2" use="optional"/>
    <presentationArc xlink:type="arc" xlink:arcrole="http://www.xbrl.org/2003/arcrole/parent-child" xlink:from="us-gaap_StatementTable" xlink:to="us-gaap_StatementLineItems" order="200.0000" priority="2" use="optional"/>
    <presentationArc xlink:type="arc" xlink:arcrole="http://www.xbrl.org/2003/arcrole/parent-child" xlink:from="us-gaap_SupplementalCashFlowInformationAbstract" xlink:to="us-gaap_IncomeTaxesPaidNet" order="53.5000" priority="2" use="optional"/>
  </presentationLink>
  <presentationLink xlink:type="extended" xlink:role="http://www.apple.com/taxonomy/role/NotesToFinancialStatementsSignificantAccountingPoliciesTextBlock">
    <loc xlink:type="locator" xlink:href="aapl-20091226.xsd#aapl_NotesToFinancialStatementsAbstract" xlink:label="aapl_NotesToFinancialStatementsAbstract"/>
    <loc xlink:type="locator" xlink:href="http://taxonomies.xbrl.us/us-gaap/2009/elts/us-gaap-2009-01-31.xsd#us-gaap_SignificantAccountingPoliciesTextBlock" xlink:label="us-gaap_SignificantAccountingPoliciesTextBlock"/>
    <loc xlink:type="locator" xlink:href="http://taxonomies.xbrl.us/us-gaap/2009/elts/us-gaap-2009-01-31.xsd#us-gaap_StatementLineItems" xlink:label="us-gaap_StatementLineItems"/>
    <loc xlink:type="locator" xlink:href="http://taxonomies.xbrl.us/us-gaap/2009/elts/us-gaap-2009-01-31.xsd#us-gaap_StatementTable" xlink:label="us-gaap_StatementTable"/>
    <presentationArc xlink:type="arc" xlink:arcrole="http://www.xbrl.org/2003/arcrole/parent-child" xlink:from="aapl_NotesToFinancialStatementsAbstract" xlink:to="us-gaap_StatementTable" order="100.0000" priority="2" use="optional"/>
    <presentationArc xlink:type="arc" xlink:arcrole="http://www.xbrl.org/2003/arcrole/parent-child" xlink:from="us-gaap_StatementLineItems" xlink:to="us-gaap_SignificantAccountingPoliciesTextBlock" order="50.1000" priority="2" use="optional"/>
    <presentationArc xlink:type="arc" xlink:arcrole="http://www.xbrl.org/2003/arcrole/parent-child" xlink:from="us-gaap_StatementTable" xlink:to="us-gaap_StatementLineItems" order="100.0000" priority="2" use="optional"/>
  </presentationLink>
  <presentationLink xlink:type="extended" xlink:role="http://www.apple.com/taxonomy/role/NotesToFinancialStatementsScheduleOfNewAccountingPronouncementsAndChangesInAccountingPrinciplesTextBlock">
    <loc xlink:type="locator" xlink:href="aapl-20091226.xsd#aapl_NotesToFinancialStatementsAbstract" xlink:label="aapl_NotesToFinancialStatementsAbstract"/>
    <loc xlink:type="locator" xlink:href="http://taxonomies.xbrl.us/us-gaap/2009/elts/us-gaap-2009-01-31.xsd#us-gaap_ScheduleOfNewAccountingPronouncementsAndChangesInAccountingPrinciplesTextBlock" xlink:label="us-gaap_ScheduleOfNewAccountingPronouncementsAndChangesInAccountingPrinciplesTextBlock"/>
    <loc xlink:type="locator" xlink:href="http://taxonomies.xbrl.us/us-gaap/2009/elts/us-gaap-2009-01-31.xsd#us-gaap_StatementLineItems" xlink:label="us-gaap_StatementLineItems"/>
    <loc xlink:type="locator" xlink:href="http://taxonomies.xbrl.us/us-gaap/2009/elts/us-gaap-2009-01-31.xsd#us-gaap_StatementTable" xlink:label="us-gaap_StatementTable"/>
    <presentationArc xlink:type="arc" xlink:arcrole="http://www.xbrl.org/2003/arcrole/parent-child" xlink:from="aapl_NotesToFinancialStatementsAbstract" xlink:to="us-gaap_StatementTable" order="100.0000" priority="2" use="optional"/>
    <presentationArc xlink:type="arc" xlink:arcrole="http://www.xbrl.org/2003/arcrole/parent-child" xlink:from="us-gaap_StatementLineItems" xlink:to="us-gaap_ScheduleOfNewAccountingPronouncementsAndChangesInAccountingPrinciplesTextBlock" order="50.1000" priority="2" use="optional"/>
    <presentationArc xlink:type="arc" xlink:arcrole="http://www.xbrl.org/2003/arcrole/parent-child" xlink:from="us-gaap_StatementTable" xlink:to="us-gaap_StatementLineItems" order="100.0000" priority="2" use="optional"/>
  </presentationLink>
  <presentationLink xlink:type="extended" xlink:role="http://www.apple.com/taxonomy/role/NotesToFinancialStatementsFinancialInstrumentsTextBlock">
    <loc xlink:type="locator" xlink:href="aapl-20091226.xsd#aapl_FinancialInstrumentsTextBlock" xlink:label="aapl_FinancialInstrumentsTextBlock"/>
    <loc xlink:type="locator" xlink:href="aapl-20091226.xsd#aapl_NotesToFinancialStatementsAbstract" xlink:label="aapl_NotesToFinancialStatementsAbstract"/>
    <loc xlink:type="locator" xlink:href="http://taxonomies.xbrl.us/us-gaap/2009/elts/us-gaap-2009-01-31.xsd#us-gaap_StatementLineItems" xlink:label="us-gaap_StatementLineItems"/>
    <loc xlink:type="locator" xlink:href="http://taxonomies.xbrl.us/us-gaap/2009/elts/us-gaap-2009-01-31.xsd#us-gaap_StatementTable" xlink:label="us-gaap_StatementTable"/>
    <presentationArc xlink:type="arc" xlink:arcrole="http://www.xbrl.org/2003/arcrole/parent-child" xlink:from="aapl_NotesToFinancialStatementsAbstract" xlink:to="us-gaap_StatementTable" order="100.0000" priority="2" use="optional"/>
    <presentationArc xlink:type="arc" xlink:arcrole="http://www.xbrl.org/2003/arcrole/parent-child" xlink:from="us-gaap_StatementLineItems" xlink:to="aapl_FinancialInstrumentsTextBlock" order="50.1000" priority="2" use="optional"/>
    <presentationArc xlink:type="arc" xlink:arcrole="http://www.xbrl.org/2003/arcrole/parent-child" xlink:from="us-gaap_StatementTable" xlink:to="us-gaap_StatementLineItems" order="100.0000" priority="2" use="optional"/>
  </presentationLink>
  <presentationLink xlink:type="extended" xlink:role="http://www.apple.com/taxonomy/role/NotesToFinancialStatementsFairValueMeasurementInputsDisclosureTextBlock">
    <loc xlink:type="locator" xlink:href="http://taxonomies.xbrl.us/us-gaap/2009/elts/us-gaap-2009-01-31.xsd#us-gaap_FairValueMeasurementInputsDisclosureTextBlock" xlink:label="us-gaap_FairValueMeasurementInputsDisclosureTextBlock"/>
    <loc xlink:type="locator" xlink:href="aapl-20091226.xsd#aapl_NotesToFinancialStatementsAbstract" xlink:label="aapl_NotesToFinancialStatementsAbstract"/>
    <loc xlink:type="locator" xlink:href="http://taxonomies.xbrl.us/us-gaap/2009/elts/us-gaap-2009-01-31.xsd#us-gaap_StatementLineItems" xlink:label="us-gaap_StatementLineItems"/>
    <loc xlink:type="locator" xlink:href="http://taxonomies.xbrl.us/us-gaap/2009/elts/us-gaap-2009-01-31.xsd#us-gaap_StatementTable" xlink:label="us-gaap_StatementTable"/>
    <presentationArc xlink:type="arc" xlink:arcrole="http://www.xbrl.org/2003/arcrole/parent-child" xlink:from="aapl_NotesToFinancialStatementsAbstract" xlink:to="us-gaap_StatementTable" order="100.0000" priority="2" use="optional"/>
    <presentationArc xlink:type="arc" xlink:arcrole="http://www.xbrl.org/2003/arcrole/parent-child" xlink:from="us-gaap_StatementLineItems" xlink:to="us-gaap_FairValueMeasurementInputsDisclosureTextBlock" order="50.1000" priority="2" use="optional"/>
    <presentationArc xlink:type="arc" xlink:arcrole="http://www.xbrl.org/2003/arcrole/parent-child" xlink:from="us-gaap_StatementTable" xlink:to="us-gaap_StatementLineItems" order="100.0000" priority="2" use="optional"/>
  </presentationLink>
  <presentationLink xlink:type="extended" xlink:role="http://www.apple.com/taxonomy/role/NotesToFinancialStatementsDetailsOfCertainBalanceSheetAccountsDisclosureTextBlock">
    <loc xlink:type="locator" xlink:href="aapl-20091226.xsd#aapl_DetailsOfCertainBalanceSheetAccountsDisclosureTextBlock" xlink:label="aapl_DetailsOfCertainBalanceSheetAccountsDisclosureTextBlock"/>
    <loc xlink:type="locator" xlink:href="aapl-20091226.xsd#aapl_NotesToFinancialStatementsAbstract" xlink:label="aapl_NotesToFinancialStatementsAbstract"/>
    <loc xlink:type="locator" xlink:href="http://taxonomies.xbrl.us/us-gaap/2009/elts/us-gaap-2009-01-31.xsd#us-gaap_StatementLineItems" xlink:label="us-gaap_StatementLineItems"/>
    <loc xlink:type="locator" xlink:href="http://taxonomies.xbrl.us/us-gaap/2009/elts/us-gaap-2009-01-31.xsd#us-gaap_StatementTable" xlink:label="us-gaap_StatementTable"/>
    <presentationArc xlink:type="arc" xlink:arcrole="http://www.xbrl.org/2003/arcrole/parent-child" xlink:from="aapl_NotesToFinancialStatementsAbstract" xlink:to="us-gaap_StatementTable" order="100.0000" priority="2" use="optional"/>
    <presentationArc xlink:type="arc" xlink:arcrole="http://www.xbrl.org/2003/arcrole/parent-child" xlink:from="us-gaap_StatementLineItems" xlink:to="aapl_DetailsOfCertainBalanceSheetAccountsDisclosureTextBlock" order="50.1000" priority="2" use="optional"/>
    <presentationArc xlink:type="arc" xlink:arcrole="http://www.xbrl.org/2003/arcrole/parent-child" xlink:from="us-gaap_StatementTable" xlink:to="us-gaap_StatementLineItems" order="100.0000" priority="2" use="optional"/>
  </presentationLink>
  <presentationLink xlink:type="extended" xlink:role="http://www.apple.com/taxonomy/role/NotesToFinancialStatementsIncomeTaxDisclosureTextBlock">
    <loc xlink:type="locator" xlink:href="http://taxonomies.xbrl.us/us-gaap/2009/elts/us-gaap-2009-01-31.xsd#us-gaap_IncomeTaxDisclosureTextBlock" xlink:label="us-gaap_IncomeTaxDisclosureTextBlock"/>
    <loc xlink:type="locator" xlink:href="aapl-20091226.xsd#aapl_NotesToFinancialStatementsAbstract" xlink:label="aapl_NotesToFinancialStatementsAbstract"/>
    <loc xlink:type="locator" xlink:href="http://taxonomies.xbrl.us/us-gaap/2009/elts/us-gaap-2009-01-31.xsd#us-gaap_StatementLineItems" xlink:label="us-gaap_StatementLineItems"/>
    <loc xlink:type="locator" xlink:href="http://taxonomies.xbrl.us/us-gaap/2009/elts/us-gaap-2009-01-31.xsd#us-gaap_StatementTable" xlink:label="us-gaap_StatementTable"/>
    <presentationArc xlink:type="arc" xlink:arcrole="http://www.xbrl.org/2003/arcrole/parent-child" xlink:from="aapl_NotesToFinancialStatementsAbstract" xlink:to="us-gaap_StatementTable" order="100.0000" priority="2" use="optional"/>
    <presentationArc xlink:type="arc" xlink:arcrole="http://www.xbrl.org/2003/arcrole/parent-child" xlink:from="us-gaap_StatementLineItems" xlink:to="us-gaap_IncomeTaxDisclosureTextBlock" order="50.1000" priority="2" use="optional"/>
    <presentationArc xlink:type="arc" xlink:arcrole="http://www.xbrl.org/2003/arcrole/parent-child" xlink:from="us-gaap_StatementTable" xlink:to="us-gaap_StatementLineItems" order="100.0000" priority="2" use="optional"/>
  </presentationLink>
  <presentationLink xlink:type="extended" xlink:role="http://www.apple.com/taxonomy/role/NotesToFinancialStatementsStockholdersEquityAndStockBasedCompensationDisclosureTextBlock">
    <loc xlink:type="locator" xlink:href="aapl-20091226.xsd#aapl_NotesToFinancialStatementsAbstract" xlink:label="aapl_NotesToFinancialStatementsAbstract"/>
    <loc xlink:type="locator" xlink:href="http://taxonomies.xbrl.us/us-gaap/2009/elts/us-gaap-2009-01-31.xsd#us-gaap_StatementLineItems" xlink:label="us-gaap_StatementLineItems"/>
    <loc xlink:type="locator" xlink:href="http://taxonomies.xbrl.us/us-gaap/2009/elts/us-gaap-2009-01-31.xsd#us-gaap_StatementTable" xlink:label="us-gaap_StatementTable"/>
    <loc xlink:type="locator" xlink:href="aapl-20091226.xsd#aapl_StockholdersEquityAndStockBasedCompensationDisclosureTextBlock" xlink:label="aapl_StockholdersEquityAndStockBasedCompensationDisclosureTextBlock"/>
    <presentationArc xlink:type="arc" xlink:arcrole="http://www.xbrl.org/2003/arcrole/parent-child" xlink:from="aapl_NotesToFinancialStatementsAbstract" xlink:to="us-gaap_StatementTable" order="100.0000" priority="2" use="optional"/>
    <presentationArc xlink:type="arc" xlink:arcrole="http://www.xbrl.org/2003/arcrole/parent-child" xlink:from="us-gaap_StatementLineItems" xlink:to="aapl_StockholdersEquityAndStockBasedCompensationDisclosureTextBlock" order="50.1000" priority="2" use="optional"/>
    <presentationArc xlink:type="arc" xlink:arcrole="http://www.xbrl.org/2003/arcrole/parent-child" xlink:from="us-gaap_StatementTable" xlink:to="us-gaap_StatementLineItems" order="100.0000" priority="2" use="optional"/>
  </presentationLink>
  <presentationLink xlink:type="extended" xlink:role="http://www.apple.com/taxonomy/role/NotesToFinancialStatementsCommitmentsAndContingenciesDisclosureTextBlock">
    <loc xlink:type="locator" xlink:href="http://taxonomies.xbrl.us/us-gaap/2009/elts/us-gaap-2009-01-31.xsd#us-gaap_CommitmentsAndContingenciesDisclosureTextBlock" xlink:label="us-gaap_CommitmentsAndContingenciesDisclosureTextBlock"/>
    <loc xlink:type="locator" xlink:href="aapl-20091226.xsd#aapl_NotesToFinancialStatementsAbstract" xlink:label="aapl_NotesToFinancialStatementsAbstract"/>
    <loc xlink:type="locator" xlink:href="http://taxonomies.xbrl.us/us-gaap/2009/elts/us-gaap-2009-01-31.xsd#us-gaap_StatementLineItems" xlink:label="us-gaap_StatementLineItems"/>
    <loc xlink:type="locator" xlink:href="http://taxonomies.xbrl.us/us-gaap/2009/elts/us-gaap-2009-01-31.xsd#us-gaap_StatementTable" xlink:label="us-gaap_StatementTable"/>
    <presentationArc xlink:type="arc" xlink:arcrole="http://www.xbrl.org/2003/arcrole/parent-child" xlink:from="aapl_NotesToFinancialStatementsAbstract" xlink:to="us-gaap_StatementTable" order="100.0000" priority="2" use="optional"/>
    <presentationArc xlink:type="arc" xlink:arcrole="http://www.xbrl.org/2003/arcrole/parent-child" xlink:from="us-gaap_StatementLineItems" xlink:to="us-gaap_CommitmentsAndContingenciesDisclosureTextBlock" order="50.1000" preferredLabel="http://www.xbrl.org/2003/role/verboseLabel" priority="2" use="optional"/>
    <presentationArc xlink:type="arc" xlink:arcrole="http://www.xbrl.org/2003/arcrole/parent-child" xlink:from="us-gaap_StatementTable" xlink:to="us-gaap_StatementLineItems" order="100.0000" priority="2" use="optional"/>
  </presentationLink>
  <presentationLink xlink:type="extended" xlink:role="http://www.apple.com/taxonomy/role/NotesToFinancialStatementsSegmentReportingDisclosureTextBlock">
    <loc xlink:type="locator" xlink:href="aapl-20091226.xsd#aapl_NotesToFinancialStatementsAbstract" xlink:label="aapl_NotesToFinancialStatementsAbstract"/>
    <loc xlink:type="locator" xlink:href="http://taxonomies.xbrl.us/us-gaap/2009/elts/us-gaap-2009-01-31.xsd#us-gaap_SegmentReportingDisclosureTextBlock" xlink:label="us-gaap_SegmentReportingDisclosureTextBlock"/>
    <loc xlink:type="locator" xlink:href="http://taxonomies.xbrl.us/us-gaap/2009/elts/us-gaap-2009-01-31.xsd#us-gaap_StatementLineItems" xlink:label="us-gaap_StatementLineItems"/>
    <loc xlink:type="locator" xlink:href="http://taxonomies.xbrl.us/us-gaap/2009/elts/us-gaap-2009-01-31.xsd#us-gaap_StatementTable" xlink:label="us-gaap_StatementTable"/>
    <presentationArc xlink:type="arc" xlink:arcrole="http://www.xbrl.org/2003/arcrole/parent-child" xlink:from="aapl_NotesToFinancialStatementsAbstract" xlink:to="us-gaap_StatementTable" order="100.0000" priority="2" use="optional"/>
    <presentationArc xlink:type="arc" xlink:arcrole="http://www.xbrl.org/2003/arcrole/parent-child" xlink:from="us-gaap_StatementLineItems" xlink:to="us-gaap_SegmentReportingDisclosureTextBlock" order="50.1000" priority="2" use="optional"/>
    <presentationArc xlink:type="arc" xlink:arcrole="http://www.xbrl.org/2003/arcrole/parent-child" xlink:from="us-gaap_StatementTable" xlink:to="us-gaap_StatementLineItems" order="100.0000" priority="2" use="optional"/>
  </presentationLink>
  <presentationLink xlink:type="extended" xlink:role="http://www.apple.com/taxonomy/role/NotesToFinancialStatementsRelatedPartyTransactionsDisclosureTextBlock">
    <loc xlink:type="locator" xlink:href="aapl-20091226.xsd#aapl_NotesToFinancialStatementsAbstract" xlink:label="aapl_NotesToFinancialStatementsAbstract"/>
    <loc xlink:type="locator" xlink:href="http://taxonomies.xbrl.us/us-gaap/2009/elts/us-gaap-2009-01-31.xsd#us-gaap_RelatedPartyTransactionsDisclosureTextBlock" xlink:label="us-gaap_RelatedPartyTransactionsDisclosureTextBlock"/>
    <loc xlink:type="locator" xlink:href="http://taxonomies.xbrl.us/us-gaap/2009/elts/us-gaap-2009-01-31.xsd#us-gaap_StatementLineItems" xlink:label="us-gaap_StatementLineItems"/>
    <loc xlink:type="locator" xlink:href="http://taxonomies.xbrl.us/us-gaap/2009/elts/us-gaap-2009-01-31.xsd#us-gaap_StatementTable" xlink:label="us-gaap_StatementTable"/>
    <presentationArc xlink:type="arc" xlink:arcrole="http://www.xbrl.org/2003/arcrole/parent-child" xlink:from="aapl_NotesToFinancialStatementsAbstract" xlink:to="us-gaap_StatementTable" order="100.0000" priority="2" use="optional"/>
    <presentationArc xlink:type="arc" xlink:arcrole="http://www.xbrl.org/2003/arcrole/parent-child" xlink:from="us-gaap_StatementLineItems" xlink:to="us-gaap_RelatedPartyTransactionsDisclosureTextBlock" order="50.1000" priority="2" use="optional"/>
    <presentationArc xlink:type="arc" xlink:arcrole="http://www.xbrl.org/2003/arcrole/parent-child" xlink:from="us-gaap_StatementTable" xlink:to="us-gaap_StatementLineItems" order="100.0000" priority="2" use="optional"/>
  </presentationLink>
  <presentationLink xlink:type="extended" xlink:role="http://www.apple.com/taxonomy/role/DocumentInformation">
    <loc xlink:type="locator" xlink:href="http://taxonomies.xbrl.us/us-gaap/2009/non-gaap/dei-2009-01-31.xsd#dei_AmendmentFlag" xlink:label="dei_AmendmentFlag"/>
    <loc xlink:type="locator" xlink:href="http://taxonomies.xbrl.us/us-gaap/2009/non-gaap/dei-2009-01-31.xsd#dei_DocumentInformationTextBlock" xlink:label="dei_DocumentInformationTextBlock"/>
    <loc xlink:type="locator" xlink:href="http://taxonomies.xbrl.us/us-gaap/2009/non-gaap/dei-2009-01-31.xsd#dei_DocumentPeriodEndDate" xlink:label="dei_DocumentPeriodEndDate"/>
    <loc xlink:type="locator" xlink:href="http://taxonomies.xbrl.us/us-gaap/2009/non-gaap/dei-2009-01-31.xsd#dei_DocumentType" xlink:label="dei_DocumentType"/>
    <presentationArc xlink:type="arc" xlink:arcrole="http://www.xbrl.org/2003/arcrole/parent-child" xlink:from="dei_DocumentInformationTextBlock" xlink:to="dei_DocumentType" order="50.1000" priority="2" use="optional"/>
    <presentationArc xlink:type="arc" xlink:arcrole="http://www.xbrl.org/2003/arcrole/parent-child" xlink:from="dei_DocumentInformationTextBlock" xlink:to="dei_AmendmentFlag" order="50.2000" priority="2" use="optional"/>
    <presentationArc xlink:type="arc" xlink:arcrole="http://www.xbrl.org/2003/arcrole/parent-child" xlink:from="dei_DocumentInformationTextBlock" xlink:to="dei_DocumentPeriodEndDate" order="50.3000" priority="2" use="optional"/>
  </presentationLink>
  <presentationLink xlink:type="extended" xlink:role="http://www.apple.com/taxonomy/role/EntityInformation">
    <loc xlink:type="locator" xlink:href="http://taxonomies.xbrl.us/us-gaap/2009/non-gaap/dei-2009-01-31.xsd#dei_CurrentFiscalYearEndDate" xlink:label="dei_CurrentFiscalYearEndDate"/>
    <loc xlink:type="locator" xlink:href="http://taxonomies.xbrl.us/us-gaap/2009/non-gaap/dei-2009-01-31.xsd#dei_EntityCentralIndexKey" xlink:label="dei_EntityCentralIndexKey"/>
    <loc xlink:type="locator" xlink:href="http://taxonomies.xbrl.us/us-gaap/2009/non-gaap/dei-2009-01-31.xsd#dei_EntityCommonStockSharesOutstanding" xlink:label="dei_EntityCommonStockSharesOutstanding"/>
    <loc xlink:type="locator" xlink:href="http://taxonomies.xbrl.us/us-gaap/2009/non-gaap/dei-2009-01-31.xsd#dei_EntityFilerCategory" xlink:label="dei_EntityFilerCategory"/>
    <loc xlink:type="locator" xlink:href="http://taxonomies.xbrl.us/us-gaap/2009/non-gaap/dei-2009-01-31.xsd#dei_EntityRegistrantName" xlink:label="dei_EntityRegistrantName"/>
    <loc xlink:type="locator" xlink:href="http://taxonomies.xbrl.us/us-gaap/2009/non-gaap/dei-2009-01-31.xsd#dei_EntityTextBlock" xlink:label="dei_EntityTextBlock"/>
    <loc xlink:type="locator" xlink:href="http://taxonomies.xbrl.us/us-gaap/2009/non-gaap/dei-2009-01-31.xsd#dei_TradingSymbol" xlink:label="dei_TradingSymbol"/>
    <presentationArc xlink:type="arc" xlink:arcrole="http://www.xbrl.org/2003/arcrole/parent-child" xlink:from="dei_EntityTextBlock" xlink:to="dei_TradingSymbol" order="50.1000" priority="2" use="optional"/>
    <presentationArc xlink:type="arc" xlink:arcrole="http://www.xbrl.org/2003/arcrole/parent-child" xlink:from="dei_EntityTextBlock" xlink:to="dei_EntityRegistrantName" order="50.2000" priority="2" use="optional"/>
    <presentationArc xlink:type="arc" xlink:arcrole="http://www.xbrl.org/2003/arcrole/parent-child" xlink:from="dei_EntityTextBlock" xlink:to="dei_EntityCentralIndexKey" order="50.3000" priority="2" use="optional"/>
    <presentationArc xlink:type="arc" xlink:arcrole="http://www.xbrl.org/2003/arcrole/parent-child" xlink:from="dei_EntityTextBlock" xlink:to="dei_CurrentFiscalYearEndDate" order="50.4000" priority="2" use="optional"/>
    <presentationArc xlink:type="arc" xlink:arcrole="http://www.xbrl.org/2003/arcrole/parent-child" xlink:from="dei_EntityTextBlock" xlink:to="dei_EntityFilerCategory" order="50.5000" priority="2" use="optional"/>
    <presentationArc xlink:type="arc" xlink:arcrole="http://www.xbrl.org/2003/arcrole/parent-child" xlink:from="dei_EntityTextBlock" xlink:to="dei_EntityCommonStockSharesOutstanding" order="50.6000" priority="2" use="optional"/>
  </presentationLink>
</linkbase>
