<?xml version="1.0" encoding="US-ASCII"?>
<!--  EDGAR Online I-Metrix Xcelerate Taxonomy Calculation Linkbase, based on XBRL 2.1  http://www.edgar-online.com/  -->
<!--  Version: 6.2.18 -->
<!--  Round: f9715579-606e-4a7e-b6da-bf5ff6f929f9 -->
<!--  Creation date: 2010-01-24T01:29Z -->
<!--  Copyright (c) 2005-2010 EDGAR Online, Inc. All Rights Reserved. -->
<linkbase xmlns="http://www.xbrl.org/2003/linkbase"
  xmlns:xsi="http://www.w3.org/2001/XMLSchema-instance"
  xmlns:xlink="http://www.w3.org/1999/xlink"
  xsi:schemaLocation="http://www.xbrl.org/2003/linkbase http://www.xbrl.org/2003/xbrl-linkbase-2003-12-31.xsd">
  <roleRef xlink:type="simple" xlink:href="aapl-20091226.xsd#IMetrix_StatementOfIncome" roleURI="http://www.apple.com/taxonomy/role/StatementOfIncome"/>
  <roleRef xlink:type="simple" xlink:href="aapl-20091226.xsd#IMetrix_StatementOfFinancialPositionClassified" roleURI="http://www.apple.com/taxonomy/role/StatementOfFinancialPositionClassified"/>
  <roleRef xlink:type="simple" xlink:href="aapl-20091226.xsd#IMetrix_StatementOfFinancialPositionClassifiedParen" roleURI="http://www.apple.com/taxonomy/role/StatementOfFinancialPositionClassifiedParenthetical"/>
  <roleRef xlink:type="simple" xlink:href="aapl-20091226.xsd#IMetrix_StatementOfCashFlowsIndirect" roleURI="http://www.apple.com/taxonomy/role/StatementOfCashFlowsIndirect"/>
  <calculationLink xlink:type="extended" xlink:role="http://www.apple.com/taxonomy/role/StatementOfIncome">
    <loc xlink:type="locator" xlink:href="http://taxonomies.xbrl.us/us-gaap/2009/elts/us-gaap-2009-01-31.xsd#us-gaap_CostOfGoodsAndServicesSold" xlink:label="us-gaap_CostOfGoodsAndServicesSold"/>
    <loc xlink:type="locator" xlink:href="http://taxonomies.xbrl.us/us-gaap/2009/elts/us-gaap-2009-01-31.xsd#us-gaap_GrossProfit" xlink:label="us-gaap_GrossProfit"/>
    <loc xlink:type="locator" xlink:href="http://taxonomies.xbrl.us/us-gaap/2009/elts/us-gaap-2009-01-31.xsd#us-gaap_IncomeLossFromContinuingOperationsBeforeIncomeTaxesMinorityInterestAndIncomeLossFromEquityMethodInvestments" xlink:label="us-gaap_IncomeLossFromContinuingOperationsBeforeIncomeTaxesMinorityInterestAndIncomeLossFromEquityMethodInvestments"/>
    <loc xlink:type="locator" xlink:href="http://taxonomies.xbrl.us/us-gaap/2009/elts/us-gaap-2009-01-31.xsd#us-gaap_IncomeTaxExpenseBenefit" xlink:label="us-gaap_IncomeTaxExpenseBenefit"/>
    <loc xlink:type="locator" xlink:href="http://taxonomies.xbrl.us/us-gaap/2009/elts/us-gaap-2009-01-31.xsd#us-gaap_NetIncomeLoss" xlink:label="us-gaap_NetIncomeLoss"/>
    <loc xlink:type="locator" xlink:href="http://taxonomies.xbrl.us/us-gaap/2009/elts/us-gaap-2009-01-31.xsd#us-gaap_NonoperatingIncomeExpense" xlink:label="us-gaap_NonoperatingIncomeExpense"/>
    <loc xlink:type="locator" xlink:href="http://taxonomies.xbrl.us/us-gaap/2009/elts/us-gaap-2009-01-31.xsd#us-gaap_OperatingExpenses" xlink:label="us-gaap_OperatingExpenses"/>
    <loc xlink:type="locator" xlink:href="http://taxonomies.xbrl.us/us-gaap/2009/elts/us-gaap-2009-01-31.xsd#us-gaap_OperatingIncomeLoss" xlink:label="us-gaap_OperatingIncomeLoss"/>
    <loc xlink:type="locator" xlink:href="http://taxonomies.xbrl.us/us-gaap/2009/elts/us-gaap-2009-01-31.xsd#us-gaap_ResearchAndDevelopmentExpense" xlink:label="us-gaap_ResearchAndDevelopmentExpense"/>
    <loc xlink:type="locator" xlink:href="http://taxonomies.xbrl.us/us-gaap/2009/elts/us-gaap-2009-01-31.xsd#us-gaap_SalesRevenueNet" xlink:label="us-gaap_SalesRevenueNet"/>
    <loc xlink:type="locator" xlink:href="http://taxonomies.xbrl.us/us-gaap/2009/elts/us-gaap-2009-01-31.xsd#us-gaap_SellingGeneralAndAdministrativeExpense" xlink:label="us-gaap_SellingGeneralAndAdministrativeExpense"/>
    <calculationArc xlink:type="arc" xlink:arcrole="http://www.xbrl.org/2003/arcrole/summation-item" xlink:from="us-gaap_GrossProfit" xlink:to="us-gaap_SalesRevenueNet" order="50.1000" weight="1.00" priority="2" use="optional"/>
    <calculationArc xlink:type="arc" xlink:arcrole="http://www.xbrl.org/2003/arcrole/summation-item" xlink:from="us-gaap_GrossProfit" xlink:to="us-gaap_CostOfGoodsAndServicesSold" order="50.2000" weight="-1.00" priority="2" use="optional"/>
    <calculationArc xlink:type="arc" xlink:arcrole="http://www.xbrl.org/2003/arcrole/summation-item" xlink:from="us-gaap_IncomeLossFromContinuingOperationsBeforeIncomeTaxesMinorityInterestAndIncomeLossFromEquityMethodInvestments" xlink:to="us-gaap_OperatingIncomeLoss" order="50.7000" weight="1.00" priority="2" use="optional"/>
    <calculationArc xlink:type="arc" xlink:arcrole="http://www.xbrl.org/2003/arcrole/summation-item" xlink:from="us-gaap_IncomeLossFromContinuingOperationsBeforeIncomeTaxesMinorityInterestAndIncomeLossFromEquityMethodInvestments" xlink:to="us-gaap_NonoperatingIncomeExpense" order="50.8000" weight="1.00" priority="2" use="optional"/>
    <calculationArc xlink:type="arc" xlink:arcrole="http://www.xbrl.org/2003/arcrole/summation-item" xlink:from="us-gaap_NetIncomeLoss" xlink:to="us-gaap_IncomeLossFromContinuingOperationsBeforeIncomeTaxesMinorityInterestAndIncomeLossFromEquityMethodInvestments" order="50.9000" weight="1.00" priority="2" use="optional"/>
    <calculationArc xlink:type="arc" xlink:arcrole="http://www.xbrl.org/2003/arcrole/summation-item" xlink:from="us-gaap_NetIncomeLoss" xlink:to="us-gaap_IncomeTaxExpenseBenefit" order="51.0000" weight="-1.00" priority="2" use="optional"/>
    <calculationArc xlink:type="arc" xlink:arcrole="http://www.xbrl.org/2003/arcrole/summation-item" xlink:from="us-gaap_OperatingExpenses" xlink:to="us-gaap_ResearchAndDevelopmentExpense" order="50.4000" weight="1.00" priority="2" use="optional"/>
    <calculationArc xlink:type="arc" xlink:arcrole="http://www.xbrl.org/2003/arcrole/summation-item" xlink:from="us-gaap_OperatingExpenses" xlink:to="us-gaap_SellingGeneralAndAdministrativeExpense" order="50.5000" weight="1.00" priority="2" use="optional"/>
    <calculationArc xlink:type="arc" xlink:arcrole="http://www.xbrl.org/2003/arcrole/summation-item" xlink:from="us-gaap_OperatingIncomeLoss" xlink:to="us-gaap_GrossProfit" order="50.3000" weight="1.00" priority="2" use="optional"/>
    <calculationArc xlink:type="arc" xlink:arcrole="http://www.xbrl.org/2003/arcrole/summation-item" xlink:from="us-gaap_OperatingIncomeLoss" xlink:to="us-gaap_OperatingExpenses" order="50.6000" weight="-1.00" priority="2" use="optional"/>
  </calculationLink>
  <calculationLink xlink:type="extended" xlink:role="http://www.apple.com/taxonomy/role/StatementOfFinancialPositionClassified">
    <loc xlink:type="locator" xlink:href="http://taxonomies.xbrl.us/us-gaap/2009/elts/us-gaap-2009-01-31.xsd#us-gaap_AccountsPayableCurrent" xlink:label="us-gaap_AccountsPayableCurrent"/>
    <loc xlink:type="locator" xlink:href="http://taxonomies.xbrl.us/us-gaap/2009/elts/us-gaap-2009-01-31.xsd#us-gaap_AccountsReceivableNetCurrent" xlink:label="us-gaap_AccountsReceivableNetCurrent"/>
    <loc xlink:type="locator" xlink:href="http://taxonomies.xbrl.us/us-gaap/2009/elts/us-gaap-2009-01-31.xsd#us-gaap_AccruedLiabilitiesCurrent" xlink:label="us-gaap_AccruedLiabilitiesCurrent"/>
    <loc xlink:type="locator" xlink:href="http://taxonomies.xbrl.us/us-gaap/2009/elts/us-gaap-2009-01-31.xsd#us-gaap_AccumulatedOtherComprehensiveIncomeLossNetOfTax" xlink:label="us-gaap_AccumulatedOtherComprehensiveIncomeLossNetOfTax"/>
    <loc xlink:type="locator" xlink:href="http://taxonomies.xbrl.us/us-gaap/2009/elts/us-gaap-2009-01-31.xsd#us-gaap_Assets" xlink:label="us-gaap_Assets"/>
    <loc xlink:type="locator" xlink:href="http://taxonomies.xbrl.us/us-gaap/2009/elts/us-gaap-2009-01-31.xsd#us-gaap_AssetsCurrent" xlink:label="us-gaap_AssetsCurrent"/>
    <loc xlink:type="locator" xlink:href="http://taxonomies.xbrl.us/us-gaap/2009/elts/us-gaap-2009-01-31.xsd#us-gaap_AvailableForSaleSecuritiesCurrent" xlink:label="us-gaap_AvailableForSaleSecuritiesCurrent"/>
    <loc xlink:type="locator" xlink:href="http://taxonomies.xbrl.us/us-gaap/2009/elts/us-gaap-2009-01-31.xsd#us-gaap_AvailableForSaleSecuritiesNoncurrent" xlink:label="us-gaap_AvailableForSaleSecuritiesNoncurrent"/>
    <loc xlink:type="locator" xlink:href="http://taxonomies.xbrl.us/us-gaap/2009/elts/us-gaap-2009-01-31.xsd#us-gaap_CashAndCashEquivalentsAtCarryingValue" xlink:label="us-gaap_CashAndCashEquivalentsAtCarryingValue"/>
    <loc xlink:type="locator" xlink:href="http://taxonomies.xbrl.us/us-gaap/2009/elts/us-gaap-2009-01-31.xsd#us-gaap_CommonStockValue" xlink:label="us-gaap_CommonStockValue"/>
    <loc xlink:type="locator" xlink:href="http://taxonomies.xbrl.us/us-gaap/2009/elts/us-gaap-2009-01-31.xsd#us-gaap_DeferredRevenueCurrent" xlink:label="us-gaap_DeferredRevenueCurrent"/>
    <loc xlink:type="locator" xlink:href="http://taxonomies.xbrl.us/us-gaap/2009/elts/us-gaap-2009-01-31.xsd#us-gaap_DeferredRevenueNoncurrent" xlink:label="us-gaap_DeferredRevenueNoncurrent"/>
    <loc xlink:type="locator" xlink:href="http://taxonomies.xbrl.us/us-gaap/2009/elts/us-gaap-2009-01-31.xsd#us-gaap_DeferredTaxAssetsNetCurrent" xlink:label="us-gaap_DeferredTaxAssetsNetCurrent"/>
    <loc xlink:type="locator" xlink:href="http://taxonomies.xbrl.us/us-gaap/2009/elts/us-gaap-2009-01-31.xsd#us-gaap_Goodwill" xlink:label="us-gaap_Goodwill"/>
    <loc xlink:type="locator" xlink:href="http://taxonomies.xbrl.us/us-gaap/2009/elts/us-gaap-2009-01-31.xsd#us-gaap_IntangibleAssetsNetExcludingGoodwill" xlink:label="us-gaap_IntangibleAssetsNetExcludingGoodwill"/>
    <loc xlink:type="locator" xlink:href="http://taxonomies.xbrl.us/us-gaap/2009/elts/us-gaap-2009-01-31.xsd#us-gaap_InventoryNet" xlink:label="us-gaap_InventoryNet"/>
    <loc xlink:type="locator" xlink:href="http://taxonomies.xbrl.us/us-gaap/2009/elts/us-gaap-2009-01-31.xsd#us-gaap_Liabilities" xlink:label="us-gaap_Liabilities"/>
    <loc xlink:type="locator" xlink:href="http://taxonomies.xbrl.us/us-gaap/2009/elts/us-gaap-2009-01-31.xsd#us-gaap_LiabilitiesAndStockholdersEquity" xlink:label="us-gaap_LiabilitiesAndStockholdersEquity"/>
    <loc xlink:type="locator" xlink:href="http://taxonomies.xbrl.us/us-gaap/2009/elts/us-gaap-2009-01-31.xsd#us-gaap_LiabilitiesCurrent" xlink:label="us-gaap_LiabilitiesCurrent"/>
    <loc xlink:type="locator" xlink:href="http://taxonomies.xbrl.us/us-gaap/2009/elts/us-gaap-2009-01-31.xsd#us-gaap_OtherAssetsCurrent" xlink:label="us-gaap_OtherAssetsCurrent"/>
    <loc xlink:type="locator" xlink:href="http://taxonomies.xbrl.us/us-gaap/2009/elts/us-gaap-2009-01-31.xsd#us-gaap_OtherAssetsNoncurrent" xlink:label="us-gaap_OtherAssetsNoncurrent"/>
    <loc xlink:type="locator" xlink:href="http://taxonomies.xbrl.us/us-gaap/2009/elts/us-gaap-2009-01-31.xsd#us-gaap_OtherLiabilitiesNoncurrent" xlink:label="us-gaap_OtherLiabilitiesNoncurrent"/>
    <loc xlink:type="locator" xlink:href="aapl-20091226.xsd#aapl_PropertyPlantAndEquipmentAndCapitalizedSoftwareNet" xlink:label="aapl_PropertyPlantAndEquipmentAndCapitalizedSoftwareNet"/>
    <loc xlink:type="locator" xlink:href="http://taxonomies.xbrl.us/us-gaap/2009/elts/us-gaap-2009-01-31.xsd#us-gaap_RetainedEarningsAccumulatedDeficit" xlink:label="us-gaap_RetainedEarningsAccumulatedDeficit"/>
    <loc xlink:type="locator" xlink:href="http://taxonomies.xbrl.us/us-gaap/2009/elts/us-gaap-2009-01-31.xsd#us-gaap_StockholdersEquity" xlink:label="us-gaap_StockholdersEquity"/>
    <calculationArc xlink:type="arc" xlink:arcrole="http://www.xbrl.org/2003/arcrole/summation-item" xlink:from="us-gaap_Assets" xlink:to="us-gaap_AssetsCurrent" order="50.7000" weight="1.00" priority="2" use="optional"/>
    <calculationArc xlink:type="arc" xlink:arcrole="http://www.xbrl.org/2003/arcrole/summation-item" xlink:from="us-gaap_Assets" xlink:to="us-gaap_AvailableForSaleSecuritiesNoncurrent" order="50.8000" weight="1.00" priority="2" use="optional"/>
    <calculationArc xlink:type="arc" xlink:arcrole="http://www.xbrl.org/2003/arcrole/summation-item" xlink:from="us-gaap_Assets" xlink:to="aapl_PropertyPlantAndEquipmentAndCapitalizedSoftwareNet" order="50.9000" weight="1.00" priority="2" use="optional"/>
    <calculationArc xlink:type="arc" xlink:arcrole="http://www.xbrl.org/2003/arcrole/summation-item" xlink:from="us-gaap_Assets" xlink:to="us-gaap_Goodwill" order="51.0000" weight="1.00" priority="2" use="optional"/>
    <calculationArc xlink:type="arc" xlink:arcrole="http://www.xbrl.org/2003/arcrole/summation-item" xlink:from="us-gaap_Assets" xlink:to="us-gaap_IntangibleAssetsNetExcludingGoodwill" order="51.1000" weight="1.00" priority="2" use="optional"/>
    <calculationArc xlink:type="arc" xlink:arcrole="http://www.xbrl.org/2003/arcrole/summation-item" xlink:from="us-gaap_Assets" xlink:to="us-gaap_OtherAssetsNoncurrent" order="51.2000" weight="1.00" priority="2" use="optional"/>
    <calculationArc xlink:type="arc" xlink:arcrole="http://www.xbrl.org/2003/arcrole/summation-item" xlink:from="us-gaap_AssetsCurrent" xlink:to="us-gaap_CashAndCashEquivalentsAtCarryingValue" order="50.1000" weight="1.00" priority="2" use="optional"/>
    <calculationArc xlink:type="arc" xlink:arcrole="http://www.xbrl.org/2003/arcrole/summation-item" xlink:from="us-gaap_AssetsCurrent" xlink:to="us-gaap_AvailableForSaleSecuritiesCurrent" order="50.2000" weight="1.00" priority="2" use="optional"/>
    <calculationArc xlink:type="arc" xlink:arcrole="http://www.xbrl.org/2003/arcrole/summation-item" xlink:from="us-gaap_AssetsCurrent" xlink:to="us-gaap_AccountsReceivableNetCurrent" order="50.3000" weight="1.00" priority="2" use="optional"/>
    <calculationArc xlink:type="arc" xlink:arcrole="http://www.xbrl.org/2003/arcrole/summation-item" xlink:from="us-gaap_AssetsCurrent" xlink:to="us-gaap_InventoryNet" order="50.4000" weight="1.00" priority="2" use="optional"/>
    <calculationArc xlink:type="arc" xlink:arcrole="http://www.xbrl.org/2003/arcrole/summation-item" xlink:from="us-gaap_AssetsCurrent" xlink:to="us-gaap_DeferredTaxAssetsNetCurrent" order="50.5000" weight="1.00" priority="2" use="optional"/>
    <calculationArc xlink:type="arc" xlink:arcrole="http://www.xbrl.org/2003/arcrole/summation-item" xlink:from="us-gaap_AssetsCurrent" xlink:to="us-gaap_OtherAssetsCurrent" order="50.6000" weight="1.00" priority="2" use="optional"/>
    <calculationArc xlink:type="arc" xlink:arcrole="http://www.xbrl.org/2003/arcrole/summation-item" xlink:from="us-gaap_Liabilities" xlink:to="us-gaap_LiabilitiesCurrent" order="51.6000" weight="1.00" priority="2" use="optional"/>
    <calculationArc xlink:type="arc" xlink:arcrole="http://www.xbrl.org/2003/arcrole/summation-item" xlink:from="us-gaap_Liabilities" xlink:to="us-gaap_DeferredRevenueNoncurrent" order="51.7000" weight="1.00" priority="2" use="optional"/>
    <calculationArc xlink:type="arc" xlink:arcrole="http://www.xbrl.org/2003/arcrole/summation-item" xlink:from="us-gaap_Liabilities" xlink:to="us-gaap_OtherLiabilitiesNoncurrent" order="51.8000" weight="1.00" priority="2" use="optional"/>
    <calculationArc xlink:type="arc" xlink:arcrole="http://www.xbrl.org/2003/arcrole/summation-item" xlink:from="us-gaap_LiabilitiesAndStockholdersEquity" xlink:to="us-gaap_Liabilities" order="51.9000" weight="1.00" priority="2" use="optional"/>
    <calculationArc xlink:type="arc" xlink:arcrole="http://www.xbrl.org/2003/arcrole/summation-item" xlink:from="us-gaap_LiabilitiesAndStockholdersEquity" xlink:to="us-gaap_StockholdersEquity" order="52.3000" weight="1.00" priority="2" use="optional"/>
    <calculationArc xlink:type="arc" xlink:arcrole="http://www.xbrl.org/2003/arcrole/summation-item" xlink:from="us-gaap_LiabilitiesCurrent" xlink:to="us-gaap_AccountsPayableCurrent" order="51.3000" weight="1.00" priority="2" use="optional"/>
    <calculationArc xlink:type="arc" xlink:arcrole="http://www.xbrl.org/2003/arcrole/summation-item" xlink:from="us-gaap_LiabilitiesCurrent" xlink:to="us-gaap_AccruedLiabilitiesCurrent" order="51.4000" weight="1.00" priority="2" use="optional"/>
    <calculationArc xlink:type="arc" xlink:arcrole="http://www.xbrl.org/2003/arcrole/summation-item" xlink:from="us-gaap_LiabilitiesCurrent" xlink:to="us-gaap_DeferredRevenueCurrent" order="51.5000" weight="1.00" priority="2" use="optional"/>
    <calculationArc xlink:type="arc" xlink:arcrole="http://www.xbrl.org/2003/arcrole/summation-item" xlink:from="us-gaap_StockholdersEquity" xlink:to="us-gaap_CommonStockValue" order="52.0000" weight="1.00" priority="2" use="optional"/>
    <calculationArc xlink:type="arc" xlink:arcrole="http://www.xbrl.org/2003/arcrole/summation-item" xlink:from="us-gaap_StockholdersEquity" xlink:to="us-gaap_RetainedEarningsAccumulatedDeficit" order="52.1000" weight="1.00" priority="2" use="optional"/>
    <calculationArc xlink:type="arc" xlink:arcrole="http://www.xbrl.org/2003/arcrole/summation-item" xlink:from="us-gaap_StockholdersEquity" xlink:to="us-gaap_AccumulatedOtherComprehensiveIncomeLossNetOfTax" order="52.2000" weight="1.00" priority="2" use="optional"/>
  </calculationLink>
  <calculationLink xlink:type="extended" xlink:role="http://www.apple.com/taxonomy/role/StatementOfFinancialPositionClassifiedParenthetical">
  </calculationLink>
  <calculationLink xlink:type="extended" xlink:role="http://www.apple.com/taxonomy/role/StatementOfCashFlowsIndirect">
    <loc xlink:type="locator" xlink:href="http://taxonomies.xbrl.us/us-gaap/2009/elts/us-gaap-2009-01-31.xsd#us-gaap_CashAndCashEquivalentsPeriodIncreaseDecrease" xlink:label="us-gaap_CashAndCashEquivalentsPeriodIncreaseDecrease"/>
    <loc xlink:type="locator" xlink:href="http://taxonomies.xbrl.us/us-gaap/2009/elts/us-gaap-2009-01-31.xsd#us-gaap_DeferredIncomeTaxExpenseBenefit" xlink:label="us-gaap_DeferredIncomeTaxExpenseBenefit"/>
    <loc xlink:type="locator" xlink:href="http://taxonomies.xbrl.us/us-gaap/2009/elts/us-gaap-2009-01-31.xsd#us-gaap_DepreciationAmortizationAndAccretionNet" xlink:label="us-gaap_DepreciationAmortizationAndAccretionNet"/>
    <loc xlink:type="locator" xlink:href="http://taxonomies.xbrl.us/us-gaap/2009/elts/us-gaap-2009-01-31.xsd#us-gaap_EmployeeServiceShareBasedCompensationCashFlowEffectCashUsedToSettleAwards" xlink:label="us-gaap_EmployeeServiceShareBasedCompensationCashFlowEffectCashUsedToSettleAwards"/>
    <loc xlink:type="locator" xlink:href="http://taxonomies.xbrl.us/us-gaap/2009/elts/us-gaap-2009-01-31.xsd#us-gaap_ExcessTaxBenefitFromShareBasedCompensationFinancingActivities" xlink:label="us-gaap_ExcessTaxBenefitFromShareBasedCompensationFinancingActivities"/>
    <loc xlink:type="locator" xlink:href="http://taxonomies.xbrl.us/us-gaap/2009/elts/us-gaap-2009-01-31.xsd#us-gaap_GainLossOnSaleOfPropertyPlantEquipment" xlink:label="us-gaap_GainLossOnSaleOfPropertyPlantEquipment"/>
    <loc xlink:type="locator" xlink:href="http://taxonomies.xbrl.us/us-gaap/2009/elts/us-gaap-2009-01-31.xsd#us-gaap_IncreaseDecreaseInAccountsPayable" xlink:label="us-gaap_IncreaseDecreaseInAccountsPayable"/>
    <loc xlink:type="locator" xlink:href="http://taxonomies.xbrl.us/us-gaap/2009/elts/us-gaap-2009-01-31.xsd#us-gaap_IncreaseDecreaseInAccountsReceivable" xlink:label="us-gaap_IncreaseDecreaseInAccountsReceivable"/>
    <loc xlink:type="locator" xlink:href="http://taxonomies.xbrl.us/us-gaap/2009/elts/us-gaap-2009-01-31.xsd#us-gaap_IncreaseDecreaseInDeferredRevenue" xlink:label="us-gaap_IncreaseDecreaseInDeferredRevenue"/>
    <loc xlink:type="locator" xlink:href="http://taxonomies.xbrl.us/us-gaap/2009/elts/us-gaap-2009-01-31.xsd#us-gaap_IncreaseDecreaseInInventories" xlink:label="us-gaap_IncreaseDecreaseInInventories"/>
    <loc xlink:type="locator" xlink:href="http://taxonomies.xbrl.us/us-gaap/2009/elts/us-gaap-2009-01-31.xsd#us-gaap_IncreaseDecreaseInOtherOperatingAssets" xlink:label="us-gaap_IncreaseDecreaseInOtherOperatingAssets"/>
    <loc xlink:type="locator" xlink:href="http://taxonomies.xbrl.us/us-gaap/2009/elts/us-gaap-2009-01-31.xsd#us-gaap_IncreaseDecreaseInOtherOperatingLiabilities" xlink:label="us-gaap_IncreaseDecreaseInOtherOperatingLiabilities"/>
    <loc xlink:type="locator" xlink:href="aapl-20091226.xsd#aapl_IncreaseDecreaseOtherCurrentAssets" xlink:label="aapl_IncreaseDecreaseOtherCurrentAssets"/>
    <loc xlink:type="locator" xlink:href="http://taxonomies.xbrl.us/us-gaap/2009/elts/us-gaap-2009-01-31.xsd#us-gaap_NetCashProvidedByUsedInFinancingActivities" xlink:label="us-gaap_NetCashProvidedByUsedInFinancingActivities"/>
    <loc xlink:type="locator" xlink:href="http://taxonomies.xbrl.us/us-gaap/2009/elts/us-gaap-2009-01-31.xsd#us-gaap_NetCashProvidedByUsedInInvestingActivities" xlink:label="us-gaap_NetCashProvidedByUsedInInvestingActivities"/>
    <loc xlink:type="locator" xlink:href="http://taxonomies.xbrl.us/us-gaap/2009/elts/us-gaap-2009-01-31.xsd#us-gaap_NetCashProvidedByUsedInOperatingActivities" xlink:label="us-gaap_NetCashProvidedByUsedInOperatingActivities"/>
    <loc xlink:type="locator" xlink:href="http://taxonomies.xbrl.us/us-gaap/2009/elts/us-gaap-2009-01-31.xsd#us-gaap_NetIncomeLoss" xlink:label="us-gaap_NetIncomeLoss"/>
    <loc xlink:type="locator" xlink:href="http://taxonomies.xbrl.us/us-gaap/2009/elts/us-gaap-2009-01-31.xsd#us-gaap_PaymentsForProceedsFromOtherInvestingActivities" xlink:label="us-gaap_PaymentsForProceedsFromOtherInvestingActivities"/>
    <loc xlink:type="locator" xlink:href="http://taxonomies.xbrl.us/us-gaap/2009/elts/us-gaap-2009-01-31.xsd#us-gaap_PaymentsToAcquireAvailableForSaleSecurities" xlink:label="us-gaap_PaymentsToAcquireAvailableForSaleSecurities"/>
    <loc xlink:type="locator" xlink:href="http://taxonomies.xbrl.us/us-gaap/2009/elts/us-gaap-2009-01-31.xsd#us-gaap_PaymentsToAcquireIntangibleAssets" xlink:label="us-gaap_PaymentsToAcquireIntangibleAssets"/>
    <loc xlink:type="locator" xlink:href="http://taxonomies.xbrl.us/us-gaap/2009/elts/us-gaap-2009-01-31.xsd#us-gaap_PaymentsToAcquireOtherInvestments" xlink:label="us-gaap_PaymentsToAcquireOtherInvestments"/>
    <loc xlink:type="locator" xlink:href="http://taxonomies.xbrl.us/us-gaap/2009/elts/us-gaap-2009-01-31.xsd#us-gaap_PaymentsToAcquireProductiveAssets" xlink:label="us-gaap_PaymentsToAcquireProductiveAssets"/>
    <loc xlink:type="locator" xlink:href="http://taxonomies.xbrl.us/us-gaap/2009/elts/us-gaap-2009-01-31.xsd#us-gaap_ProceedsFromIssuanceOfCommonStock" xlink:label="us-gaap_ProceedsFromIssuanceOfCommonStock"/>
    <loc xlink:type="locator" xlink:href="http://taxonomies.xbrl.us/us-gaap/2009/elts/us-gaap-2009-01-31.xsd#us-gaap_ProceedsFromMaturitiesPrepaymentsAndCallsOfAvailableForSaleSecurities" xlink:label="us-gaap_ProceedsFromMaturitiesPrepaymentsAndCallsOfAvailableForSaleSecurities"/>
    <loc xlink:type="locator" xlink:href="http://taxonomies.xbrl.us/us-gaap/2009/elts/us-gaap-2009-01-31.xsd#us-gaap_ProceedsFromSaleOfAvailableForSaleSecurities" xlink:label="us-gaap_ProceedsFromSaleOfAvailableForSaleSecurities"/>
    <loc xlink:type="locator" xlink:href="http://taxonomies.xbrl.us/us-gaap/2009/elts/us-gaap-2009-01-31.xsd#us-gaap_ShareBasedCompensation" xlink:label="us-gaap_ShareBasedCompensation"/>
    <calculationArc xlink:type="arc" xlink:arcrole="http://www.xbrl.org/2003/arcrole/summation-item" xlink:from="us-gaap_CashAndCashEquivalentsPeriodIncreaseDecrease" xlink:to="us-gaap_NetCashProvidedByUsedInOperatingActivities" order="51.3000" weight="1.00" priority="2" use="optional"/>
    <calculationArc xlink:type="arc" xlink:arcrole="http://www.xbrl.org/2003/arcrole/summation-item" xlink:from="us-gaap_CashAndCashEquivalentsPeriodIncreaseDecrease" xlink:to="us-gaap_NetCashProvidedByUsedInInvestingActivities" order="52.1000" weight="1.00" priority="2" use="optional"/>
    <calculationArc xlink:type="arc" xlink:arcrole="http://www.xbrl.org/2003/arcrole/summation-item" xlink:from="us-gaap_CashAndCashEquivalentsPeriodIncreaseDecrease" xlink:to="us-gaap_NetCashProvidedByUsedInFinancingActivities" order="52.5000" weight="1.00" priority="2" use="optional"/>
    <calculationArc xlink:type="arc" xlink:arcrole="http://www.xbrl.org/2003/arcrole/summation-item" xlink:from="us-gaap_NetCashProvidedByUsedInFinancingActivities" xlink:to="us-gaap_ProceedsFromIssuanceOfCommonStock" order="52.2000" weight="1.00" priority="2" use="optional"/>
    <calculationArc xlink:type="arc" xlink:arcrole="http://www.xbrl.org/2003/arcrole/summation-item" xlink:from="us-gaap_NetCashProvidedByUsedInFinancingActivities" xlink:to="us-gaap_ExcessTaxBenefitFromShareBasedCompensationFinancingActivities" order="52.3000" weight="1.00" priority="2" use="optional"/>
    <calculationArc xlink:type="arc" xlink:arcrole="http://www.xbrl.org/2003/arcrole/summation-item" xlink:from="us-gaap_NetCashProvidedByUsedInFinancingActivities" xlink:to="us-gaap_EmployeeServiceShareBasedCompensationCashFlowEffectCashUsedToSettleAwards" order="52.4000" weight="1.00" priority="2" use="optional"/>
    <calculationArc xlink:type="arc" xlink:arcrole="http://www.xbrl.org/2003/arcrole/summation-item" xlink:from="us-gaap_NetCashProvidedByUsedInInvestingActivities" xlink:to="us-gaap_PaymentsToAcquireAvailableForSaleSecurities" order="51.4000" weight="-1.00" priority="2" use="optional"/>
    <calculationArc xlink:type="arc" xlink:arcrole="http://www.xbrl.org/2003/arcrole/summation-item" xlink:from="us-gaap_NetCashProvidedByUsedInInvestingActivities" xlink:to="us-gaap_ProceedsFromMaturitiesPrepaymentsAndCallsOfAvailableForSaleSecurities" order="51.5000" weight="1.00" priority="2" use="optional"/>
    <calculationArc xlink:type="arc" xlink:arcrole="http://www.xbrl.org/2003/arcrole/summation-item" xlink:from="us-gaap_NetCashProvidedByUsedInInvestingActivities" xlink:to="us-gaap_ProceedsFromSaleOfAvailableForSaleSecurities" order="51.6000" weight="1.00" priority="2" use="optional"/>
    <calculationArc xlink:type="arc" xlink:arcrole="http://www.xbrl.org/2003/arcrole/summation-item" xlink:from="us-gaap_NetCashProvidedByUsedInInvestingActivities" xlink:to="us-gaap_PaymentsToAcquireOtherInvestments" order="51.7000" weight="-1.00" priority="2" use="optional"/>
    <calculationArc xlink:type="arc" xlink:arcrole="http://www.xbrl.org/2003/arcrole/summation-item" xlink:from="us-gaap_NetCashProvidedByUsedInInvestingActivities" xlink:to="us-gaap_PaymentsToAcquireProductiveAssets" order="51.8000" weight="-1.00" priority="2" use="optional"/>
    <calculationArc xlink:type="arc" xlink:arcrole="http://www.xbrl.org/2003/arcrole/summation-item" xlink:from="us-gaap_NetCashProvidedByUsedInInvestingActivities" xlink:to="us-gaap_PaymentsToAcquireIntangibleAssets" order="51.9000" weight="-1.00" priority="2" use="optional"/>
    <calculationArc xlink:type="arc" xlink:arcrole="http://www.xbrl.org/2003/arcrole/summation-item" xlink:from="us-gaap_NetCashProvidedByUsedInInvestingActivities" xlink:to="us-gaap_PaymentsForProceedsFromOtherInvestingActivities" order="52.0000" weight="-1.00" priority="2" use="optional"/>
    <calculationArc xlink:type="arc" xlink:arcrole="http://www.xbrl.org/2003/arcrole/summation-item" xlink:from="us-gaap_NetCashProvidedByUsedInOperatingActivities" xlink:to="us-gaap_NetIncomeLoss" order="50.1000" weight="1.00" priority="2" use="optional"/>
    <calculationArc xlink:type="arc" xlink:arcrole="http://www.xbrl.org/2003/arcrole/summation-item" xlink:from="us-gaap_NetCashProvidedByUsedInOperatingActivities" xlink:to="us-gaap_DepreciationAmortizationAndAccretionNet" order="50.2000" weight="1.00" priority="2" use="optional"/>
    <calculationArc xlink:type="arc" xlink:arcrole="http://www.xbrl.org/2003/arcrole/summation-item" xlink:from="us-gaap_NetCashProvidedByUsedInOperatingActivities" xlink:to="us-gaap_ShareBasedCompensation" order="50.3000" weight="1.00" priority="2" use="optional"/>
    <calculationArc xlink:type="arc" xlink:arcrole="http://www.xbrl.org/2003/arcrole/summation-item" xlink:from="us-gaap_NetCashProvidedByUsedInOperatingActivities" xlink:to="us-gaap_DeferredIncomeTaxExpenseBenefit" order="50.4000" weight="1.00" priority="2" use="optional"/>
    <calculationArc xlink:type="arc" xlink:arcrole="http://www.xbrl.org/2003/arcrole/summation-item" xlink:from="us-gaap_NetCashProvidedByUsedInOperatingActivities" xlink:to="us-gaap_GainLossOnSaleOfPropertyPlantEquipment" order="50.5000" weight="-1.00" priority="2" use="optional"/>
    <calculationArc xlink:type="arc" xlink:arcrole="http://www.xbrl.org/2003/arcrole/summation-item" xlink:from="us-gaap_NetCashProvidedByUsedInOperatingActivities" xlink:to="us-gaap_IncreaseDecreaseInAccountsReceivable" order="50.6000" weight="-1.00" priority="2" use="optional"/>
    <calculationArc xlink:type="arc" xlink:arcrole="http://www.xbrl.org/2003/arcrole/summation-item" xlink:from="us-gaap_NetCashProvidedByUsedInOperatingActivities" xlink:to="us-gaap_IncreaseDecreaseInInventories" order="50.7000" weight="-1.00" priority="2" use="optional"/>
    <calculationArc xlink:type="arc" xlink:arcrole="http://www.xbrl.org/2003/arcrole/summation-item" xlink:from="us-gaap_NetCashProvidedByUsedInOperatingActivities" xlink:to="aapl_IncreaseDecreaseOtherCurrentAssets" order="50.8000" weight="-1.00" priority="2" use="optional"/>
    <calculationArc xlink:type="arc" xlink:arcrole="http://www.xbrl.org/2003/arcrole/summation-item" xlink:from="us-gaap_NetCashProvidedByUsedInOperatingActivities" xlink:to="us-gaap_IncreaseDecreaseInOtherOperatingAssets" order="50.9000" weight="-1.00" priority="2" use="optional"/>
    <calculationArc xlink:type="arc" xlink:arcrole="http://www.xbrl.org/2003/arcrole/summation-item" xlink:from="us-gaap_NetCashProvidedByUsedInOperatingActivities" xlink:to="us-gaap_IncreaseDecreaseInAccountsPayable" order="51.0000" weight="1.00" priority="2" use="optional"/>
    <calculationArc xlink:type="arc" xlink:arcrole="http://www.xbrl.org/2003/arcrole/summation-item" xlink:from="us-gaap_NetCashProvidedByUsedInOperatingActivities" xlink:to="us-gaap_IncreaseDecreaseInDeferredRevenue" order="51.1000" weight="1.00" priority="2" use="optional"/>
    <calculationArc xlink:type="arc" xlink:arcrole="http://www.xbrl.org/2003/arcrole/summation-item" xlink:from="us-gaap_NetCashProvidedByUsedInOperatingActivities" xlink:to="us-gaap_IncreaseDecreaseInOtherOperatingLiabilities" order="51.2000" weight="1.00" priority="2" use="optional"/>
  </calculationLink>
</linkbase>
