<?xml version="1.0" encoding="US-ASCII"?>
<!--  EDGAR Online I-Metrix Xcelerate Taxonomy Labels Linkbase, based on XBRL 2.1  http://www.edgar-online.com/  -->
<!--  Version: 6.2.18 -->
<!--  Round: f9715579-606e-4a7e-b6da-bf5ff6f929f9 -->
<!--  Creation date: 2010-01-24T01:29Z -->
<!--  Copyright (c) 2005-2010 EDGAR Online, Inc. All Rights Reserved. -->
<linkbase xmlns="http://www.xbrl.org/2003/linkbase"
  xmlns:xsi="http://www.w3.org/2001/XMLSchema-instance"
  xmlns:xlink="http://www.w3.org/1999/xlink"
  xsi:schemaLocation="http://www.xbrl.org/2003/linkbase http://www.xbrl.org/2003/xbrl-linkbase-2003-12-31.xsd">
  <roleRef xlink:type="simple" xlink:href="http://www.xbrl.org/lrr/role/negated-2008-03-31.xsd#negated" roleURI="http://xbrl.us/us-gaap/role/label/negated"/>
  <labelLink xlink:type="extended" xlink:role="http://www.xbrl.org/2003/role/link">
    <loc xlink:type="locator" xlink:href="http://taxonomies.xbrl.us/us-gaap/2009/elts/us-gaap-2009-01-31.xsd#us-gaap_AccountsPayableCurrent" xlink:label="us-gaap_AccountsPayableCurrent"/>
    <label xlink:type="resource" xlink:role="http://www.xbrl.org/2003/role/label" xlink:label="us-gaap_AccountsPayableCurrent_lbl" xml:lang="en-US">Accounts Payable, Current</label>
    <label xlink:type="resource" xlink:role="http://www.xbrl.org/2003/role/verboseLabel" xlink:label="us-gaap_AccountsPayableCurrent_lbl" xml:lang="en-US">Accounts payable</label>
    <labelArc xlink:type="arc" xlink:arcrole="http://www.xbrl.org/2003/arcrole/concept-label" xlink:from="us-gaap_AccountsPayableCurrent" xlink:to="us-gaap_AccountsPayableCurrent_lbl"/>
    <loc xlink:type="locator" xlink:href="http://taxonomies.xbrl.us/us-gaap/2009/elts/us-gaap-2009-01-31.xsd#us-gaap_AccountsReceivableNetCurrent" xlink:label="us-gaap_AccountsReceivableNetCurrent"/>
    <label xlink:type="resource" xlink:role="http://www.xbrl.org/2003/role/label" xlink:label="us-gaap_AccountsReceivableNetCurrent_lbl" xml:lang="en-US">Accounts receivable, less allowances of $54 and $52, respectively</label>
    <labelArc xlink:type="arc" xlink:arcrole="http://www.xbrl.org/2003/arcrole/concept-label" xlink:from="us-gaap_AccountsReceivableNetCurrent" xlink:to="us-gaap_AccountsReceivableNetCurrent_lbl"/>
    <loc xlink:type="locator" xlink:href="http://taxonomies.xbrl.us/us-gaap/2009/elts/us-gaap-2009-01-31.xsd#us-gaap_AccruedLiabilitiesCurrent" xlink:label="us-gaap_AccruedLiabilitiesCurrent"/>
    <label xlink:type="resource" xlink:role="http://www.xbrl.org/2003/role/label" xlink:label="us-gaap_AccruedLiabilitiesCurrent_lbl" xml:lang="en-US">Accrued expenses</label>
    <labelArc xlink:type="arc" xlink:arcrole="http://www.xbrl.org/2003/arcrole/concept-label" xlink:from="us-gaap_AccruedLiabilitiesCurrent" xlink:to="us-gaap_AccruedLiabilitiesCurrent_lbl"/>
    <loc xlink:type="locator" xlink:href="http://taxonomies.xbrl.us/us-gaap/2009/elts/us-gaap-2009-01-31.xsd#us-gaap_AccumulatedOtherComprehensiveIncomeLossNetOfTax" xlink:label="us-gaap_AccumulatedOtherComprehensiveIncomeLossNetOfTax"/>
    <label xlink:type="resource" xlink:role="http://www.xbrl.org/2003/role/label" xlink:label="us-gaap_AccumulatedOtherComprehensiveIncomeLossNetOfTax_lbl" xml:lang="en-US">Accumulated other comprehensive income</label>
    <labelArc xlink:type="arc" xlink:arcrole="http://www.xbrl.org/2003/arcrole/concept-label" xlink:from="us-gaap_AccumulatedOtherComprehensiveIncomeLossNetOfTax" xlink:to="us-gaap_AccumulatedOtherComprehensiveIncomeLossNetOfTax_lbl"/>
    <loc xlink:type="locator" xlink:href="http://taxonomies.xbrl.us/us-gaap/2009/elts/us-gaap-2009-01-31.xsd#us-gaap_AdjustmentsToReconcileNetIncomeLossToCashProvidedByUsedInOperatingActivitiesAbstract" xlink:label="us-gaap_AdjustmentsToReconcileNetIncomeLossToCashProvidedByUsedInOperatingActivitiesAbstract"/>
    <label xlink:type="resource" xlink:role="http://www.xbrl.org/2003/role/label" xlink:label="us-gaap_AdjustmentsToReconcileNetIncomeLossToCashProvidedByUsedInOperatingActivitiesAbstract_lbl" xml:lang="en-US">Adjustments to reconcile net income to cash generated by operating activities:</label>
    <labelArc xlink:type="arc" xlink:arcrole="http://www.xbrl.org/2003/arcrole/concept-label" xlink:from="us-gaap_AdjustmentsToReconcileNetIncomeLossToCashProvidedByUsedInOperatingActivitiesAbstract" xlink:to="us-gaap_AdjustmentsToReconcileNetIncomeLossToCashProvidedByUsedInOperatingActivitiesAbstract_lbl"/>
    <loc xlink:type="locator" xlink:href="http://taxonomies.xbrl.us/us-gaap/2009/elts/us-gaap-2009-01-31.xsd#us-gaap_AllowanceForDoubtfulAccountsReceivableCurrent" xlink:label="us-gaap_AllowanceForDoubtfulAccountsReceivableCurrent"/>
    <label xlink:type="resource" xlink:role="http://www.xbrl.org/2003/role/label" xlink:label="us-gaap_AllowanceForDoubtfulAccountsReceivableCurrent_lbl" xml:lang="en-US">Accounts receivable, allowances</label>
    <labelArc xlink:type="arc" xlink:arcrole="http://www.xbrl.org/2003/arcrole/concept-label" xlink:from="us-gaap_AllowanceForDoubtfulAccountsReceivableCurrent" xlink:to="us-gaap_AllowanceForDoubtfulAccountsReceivableCurrent_lbl"/>
    <loc xlink:type="locator" xlink:href="http://taxonomies.xbrl.us/us-gaap/2009/non-gaap/dei-2009-01-31.xsd#dei_AmendmentFlag" xlink:label="dei_AmendmentFlag"/>
    <label xlink:type="resource" xlink:role="http://www.xbrl.org/2003/role/label" xlink:label="dei_AmendmentFlag_lbl" xml:lang="en-US">Amendment Flag</label>
    <labelArc xlink:type="arc" xlink:arcrole="http://www.xbrl.org/2003/arcrole/concept-label" xlink:from="dei_AmendmentFlag" xlink:to="dei_AmendmentFlag_lbl"/>
    <loc xlink:type="locator" xlink:href="http://taxonomies.xbrl.us/us-gaap/2009/elts/us-gaap-2009-01-31.xsd#us-gaap_Assets" xlink:label="us-gaap_Assets"/>
    <label xlink:type="resource" xlink:role="http://www.xbrl.org/2003/role/label" xlink:label="us-gaap_Assets_lbl" xml:lang="en-US">Total assets</label>
    <label xlink:type="resource" xlink:role="http://www.xbrl.org/2003/role/totalLabel" xlink:label="us-gaap_Assets_lbl" xml:lang="en-US">Total assets</label>
    <labelArc xlink:type="arc" xlink:arcrole="http://www.xbrl.org/2003/arcrole/concept-label" xlink:from="us-gaap_Assets" xlink:to="us-gaap_Assets_lbl"/>
    <loc xlink:type="locator" xlink:href="http://taxonomies.xbrl.us/us-gaap/2009/elts/us-gaap-2009-01-31.xsd#us-gaap_AssetsAbstract" xlink:label="us-gaap_AssetsAbstract"/>
    <label xlink:type="resource" xlink:role="http://www.xbrl.org/2003/role/label" xlink:label="us-gaap_AssetsAbstract_lbl" xml:lang="en-US">ASSETS:</label>
    <labelArc xlink:type="arc" xlink:arcrole="http://www.xbrl.org/2003/arcrole/concept-label" xlink:from="us-gaap_AssetsAbstract" xlink:to="us-gaap_AssetsAbstract_lbl"/>
    <loc xlink:type="locator" xlink:href="http://taxonomies.xbrl.us/us-gaap/2009/elts/us-gaap-2009-01-31.xsd#us-gaap_AssetsCurrent" xlink:label="us-gaap_AssetsCurrent"/>
    <label xlink:type="resource" xlink:role="http://www.xbrl.org/2003/role/label" xlink:label="us-gaap_AssetsCurrent_lbl" xml:lang="en-US">Total current assets</label>
    <label xlink:type="resource" xlink:role="http://www.xbrl.org/2003/role/totalLabel" xlink:label="us-gaap_AssetsCurrent_lbl" xml:lang="en-US">Total current assets</label>
    <labelArc xlink:type="arc" xlink:arcrole="http://www.xbrl.org/2003/arcrole/concept-label" xlink:from="us-gaap_AssetsCurrent" xlink:to="us-gaap_AssetsCurrent_lbl"/>
    <loc xlink:type="locator" xlink:href="http://taxonomies.xbrl.us/us-gaap/2009/elts/us-gaap-2009-01-31.xsd#us-gaap_AssetsCurrentAbstract" xlink:label="us-gaap_AssetsCurrentAbstract"/>
    <label xlink:type="resource" xlink:role="http://www.xbrl.org/2003/role/label" xlink:label="us-gaap_AssetsCurrentAbstract_lbl" xml:lang="en-US">Current assets:</label>
    <labelArc xlink:type="arc" xlink:arcrole="http://www.xbrl.org/2003/arcrole/concept-label" xlink:from="us-gaap_AssetsCurrentAbstract" xlink:to="us-gaap_AssetsCurrentAbstract_lbl"/>
    <loc xlink:type="locator" xlink:href="http://taxonomies.xbrl.us/us-gaap/2009/elts/us-gaap-2009-01-31.xsd#us-gaap_AvailableForSaleSecuritiesCurrent" xlink:label="us-gaap_AvailableForSaleSecuritiesCurrent"/>
    <label xlink:type="resource" xlink:role="http://www.xbrl.org/2003/role/label" xlink:label="us-gaap_AvailableForSaleSecuritiesCurrent_lbl" xml:lang="en-US">Short-term marketable securities</label>
    <labelArc xlink:type="arc" xlink:arcrole="http://www.xbrl.org/2003/arcrole/concept-label" xlink:from="us-gaap_AvailableForSaleSecuritiesCurrent" xlink:to="us-gaap_AvailableForSaleSecuritiesCurrent_lbl"/>
    <loc xlink:type="locator" xlink:href="http://taxonomies.xbrl.us/us-gaap/2009/elts/us-gaap-2009-01-31.xsd#us-gaap_AvailableForSaleSecuritiesNoncurrent" xlink:label="us-gaap_AvailableForSaleSecuritiesNoncurrent"/>
    <label xlink:type="resource" xlink:role="http://www.xbrl.org/2003/role/label" xlink:label="us-gaap_AvailableForSaleSecuritiesNoncurrent_lbl" xml:lang="en-US">Long-term marketable securities</label>
    <labelArc xlink:type="arc" xlink:arcrole="http://www.xbrl.org/2003/arcrole/concept-label" xlink:from="us-gaap_AvailableForSaleSecuritiesNoncurrent" xlink:to="us-gaap_AvailableForSaleSecuritiesNoncurrent_lbl"/>
    <loc xlink:type="locator" xlink:href="http://taxonomies.xbrl.us/us-gaap/2009/elts/us-gaap-2009-01-31.xsd#us-gaap_CashAndCashEquivalentsAtCarryingValue" xlink:label="us-gaap_CashAndCashEquivalentsAtCarryingValue"/>
    <label xlink:type="resource" xlink:role="http://www.xbrl.org/2003/role/label" xlink:label="us-gaap_CashAndCashEquivalentsAtCarryingValue_lbl" xml:lang="en-US">Cash and cash equivalents</label>
    <label xlink:type="resource" xlink:role="http://www.xbrl.org/2003/role/periodEndLabel" xlink:label="us-gaap_CashAndCashEquivalentsAtCarryingValue_lbl" xml:lang="en-US">Cash and cash equivalents, end of the period</label>
    <label xlink:type="resource" xlink:role="http://www.xbrl.org/2003/role/periodStartLabel" xlink:label="us-gaap_CashAndCashEquivalentsAtCarryingValue_lbl" xml:lang="en-US">Cash and cash equivalents, beginning of the period</label>
    <labelArc xlink:type="arc" xlink:arcrole="http://www.xbrl.org/2003/arcrole/concept-label" xlink:from="us-gaap_CashAndCashEquivalentsAtCarryingValue" xlink:to="us-gaap_CashAndCashEquivalentsAtCarryingValue_lbl"/>
    <loc xlink:type="locator" xlink:href="http://taxonomies.xbrl.us/us-gaap/2009/elts/us-gaap-2009-01-31.xsd#us-gaap_CashAndCashEquivalentsPeriodIncreaseDecrease" xlink:label="us-gaap_CashAndCashEquivalentsPeriodIncreaseDecrease"/>
    <label xlink:type="resource" xlink:role="http://www.xbrl.org/2003/role/label" xlink:label="us-gaap_CashAndCashEquivalentsPeriodIncreaseDecrease_lbl" xml:lang="en-US">Increase/(decrease) in cash and cash equivalents</label>
    <label xlink:type="resource" xlink:role="http://www.xbrl.org/2003/role/totalLabel" xlink:label="us-gaap_CashAndCashEquivalentsPeriodIncreaseDecrease_lbl" xml:lang="en-US">Increase/(decrease) in cash and cash equivalents</label>
    <labelArc xlink:type="arc" xlink:arcrole="http://www.xbrl.org/2003/arcrole/concept-label" xlink:from="us-gaap_CashAndCashEquivalentsPeriodIncreaseDecrease" xlink:to="us-gaap_CashAndCashEquivalentsPeriodIncreaseDecrease_lbl"/>
    <loc xlink:type="locator" xlink:href="http://taxonomies.xbrl.us/us-gaap/2009/elts/us-gaap-2009-01-31.xsd#us-gaap_CommitmentsAndContingencies2009" xlink:label="us-gaap_CommitmentsAndContingencies2009"/>
    <label xlink:type="resource" xlink:role="http://www.xbrl.org/2003/role/label" xlink:label="us-gaap_CommitmentsAndContingencies2009_lbl" xml:lang="en-US">Commitments and contingencies</label>
    <labelArc xlink:type="arc" xlink:arcrole="http://www.xbrl.org/2003/arcrole/concept-label" xlink:from="us-gaap_CommitmentsAndContingencies2009" xlink:to="us-gaap_CommitmentsAndContingencies2009_lbl"/>
    <loc xlink:type="locator" xlink:href="http://taxonomies.xbrl.us/us-gaap/2009/elts/us-gaap-2009-01-31.xsd#us-gaap_CommitmentsAndContingenciesDisclosureTextBlock" xlink:label="us-gaap_CommitmentsAndContingenciesDisclosureTextBlock"/>
    <label xlink:type="resource" xlink:role="http://www.xbrl.org/2003/role/label" xlink:label="us-gaap_CommitmentsAndContingenciesDisclosureTextBlock_lbl" xml:lang="en-US">Commitments and Contingencies Disclosure [Text Block]</label>
    <label xlink:type="resource" xlink:role="http://www.xbrl.org/2003/role/verboseLabel" xlink:label="us-gaap_CommitmentsAndContingenciesDisclosureTextBlock_lbl" xml:lang="en-US">Commitments and Contingencies</label>
    <labelArc xlink:type="arc" xlink:arcrole="http://www.xbrl.org/2003/arcrole/concept-label" xlink:from="us-gaap_CommitmentsAndContingenciesDisclosureTextBlock" xlink:to="us-gaap_CommitmentsAndContingenciesDisclosureTextBlock_lbl"/>
    <loc xlink:type="locator" xlink:href="http://taxonomies.xbrl.us/us-gaap/2009/elts/us-gaap-2009-01-31.xsd#us-gaap_CommonStockNoParValue" xlink:label="us-gaap_CommonStockNoParValue"/>
    <label xlink:type="resource" xlink:role="http://www.xbrl.org/2003/role/label" xlink:label="us-gaap_CommonStockNoParValue_lbl" xml:lang="en-US">Common stock, no par value</label>
    <labelArc xlink:type="arc" xlink:arcrole="http://www.xbrl.org/2003/arcrole/concept-label" xlink:from="us-gaap_CommonStockNoParValue" xlink:to="us-gaap_CommonStockNoParValue_lbl"/>
    <loc xlink:type="locator" xlink:href="http://taxonomies.xbrl.us/us-gaap/2009/elts/us-gaap-2009-01-31.xsd#us-gaap_CommonStockSharesAuthorized" xlink:label="us-gaap_CommonStockSharesAuthorized"/>
    <label xlink:type="resource" xlink:role="http://www.xbrl.org/2003/role/label" xlink:label="us-gaap_CommonStockSharesAuthorized_lbl" xml:lang="en-US">Common stock, shares authorized</label>
    <labelArc xlink:type="arc" xlink:arcrole="http://www.xbrl.org/2003/arcrole/concept-label" xlink:from="us-gaap_CommonStockSharesAuthorized" xlink:to="us-gaap_CommonStockSharesAuthorized_lbl"/>
    <loc xlink:type="locator" xlink:href="http://taxonomies.xbrl.us/us-gaap/2009/elts/us-gaap-2009-01-31.xsd#us-gaap_CommonStockSharesIssued" xlink:label="us-gaap_CommonStockSharesIssued"/>
    <label xlink:type="resource" xlink:role="http://www.xbrl.org/2003/role/label" xlink:label="us-gaap_CommonStockSharesIssued_lbl" xml:lang="en-US">Common stock, shares issued</label>
    <labelArc xlink:type="arc" xlink:arcrole="http://www.xbrl.org/2003/arcrole/concept-label" xlink:from="us-gaap_CommonStockSharesIssued" xlink:to="us-gaap_CommonStockSharesIssued_lbl"/>
    <loc xlink:type="locator" xlink:href="http://taxonomies.xbrl.us/us-gaap/2009/elts/us-gaap-2009-01-31.xsd#us-gaap_CommonStockSharesOutstanding" xlink:label="us-gaap_CommonStockSharesOutstanding"/>
    <label xlink:type="resource" xlink:role="http://www.xbrl.org/2003/role/label" xlink:label="us-gaap_CommonStockSharesOutstanding_lbl" xml:lang="en-US">Common stock, shares outstanding</label>
    <labelArc xlink:type="arc" xlink:arcrole="http://www.xbrl.org/2003/arcrole/concept-label" xlink:from="us-gaap_CommonStockSharesOutstanding" xlink:to="us-gaap_CommonStockSharesOutstanding_lbl"/>
    <loc xlink:type="locator" xlink:href="http://taxonomies.xbrl.us/us-gaap/2009/elts/us-gaap-2009-01-31.xsd#us-gaap_CommonStockValue" xlink:label="us-gaap_CommonStockValue"/>
    <label xlink:type="resource" xlink:role="http://www.xbrl.org/2003/role/label" xlink:label="us-gaap_CommonStockValue_lbl" xml:lang="en-US">Common stock, no par value; 1,800,000,000 shares authorized; 906,282,182 and 899,805,500 shares issued and outstanding, respectively</label>
    <labelArc xlink:type="arc" xlink:arcrole="http://www.xbrl.org/2003/arcrole/concept-label" xlink:from="us-gaap_CommonStockValue" xlink:to="us-gaap_CommonStockValue_lbl"/>
    <loc xlink:type="locator" xlink:href="http://taxonomies.xbrl.us/us-gaap/2009/elts/us-gaap-2009-01-31.xsd#us-gaap_CostOfGoodsAndServicesSold" xlink:label="us-gaap_CostOfGoodsAndServicesSold"/>
    <label xlink:type="resource" xlink:role="http://www.xbrl.org/2003/role/label" xlink:label="us-gaap_CostOfGoodsAndServicesSold_lbl" xml:lang="en-US">Cost of sales</label>
    <labelArc xlink:type="arc" xlink:arcrole="http://www.xbrl.org/2003/arcrole/concept-label" xlink:from="us-gaap_CostOfGoodsAndServicesSold" xlink:to="us-gaap_CostOfGoodsAndServicesSold_lbl"/>
    <loc xlink:type="locator" xlink:href="http://taxonomies.xbrl.us/us-gaap/2009/non-gaap/dei-2009-01-31.xsd#dei_CurrentFiscalYearEndDate" xlink:label="dei_CurrentFiscalYearEndDate"/>
    <label xlink:type="resource" xlink:role="http://www.xbrl.org/2003/role/label" xlink:label="dei_CurrentFiscalYearEndDate_lbl" xml:lang="en-US">Current Fiscal Year End Date</label>
    <labelArc xlink:type="arc" xlink:arcrole="http://www.xbrl.org/2003/arcrole/concept-label" xlink:from="dei_CurrentFiscalYearEndDate" xlink:to="dei_CurrentFiscalYearEndDate_lbl"/>
    <loc xlink:type="locator" xlink:href="http://taxonomies.xbrl.us/us-gaap/2009/elts/us-gaap-2009-01-31.xsd#us-gaap_DeferredIncomeTaxExpenseBenefit" xlink:label="us-gaap_DeferredIncomeTaxExpenseBenefit"/>
    <label xlink:type="resource" xlink:role="http://www.xbrl.org/2003/role/label" xlink:label="us-gaap_DeferredIncomeTaxExpenseBenefit_lbl" xml:lang="en-US">Deferred income tax expense</label>
    <labelArc xlink:type="arc" xlink:arcrole="http://www.xbrl.org/2003/arcrole/concept-label" xlink:from="us-gaap_DeferredIncomeTaxExpenseBenefit" xlink:to="us-gaap_DeferredIncomeTaxExpenseBenefit_lbl"/>
    <loc xlink:type="locator" xlink:href="http://taxonomies.xbrl.us/us-gaap/2009/elts/us-gaap-2009-01-31.xsd#us-gaap_DeferredRevenueCurrent" xlink:label="us-gaap_DeferredRevenueCurrent"/>
    <label xlink:type="resource" xlink:role="http://www.xbrl.org/2003/role/label" xlink:label="us-gaap_DeferredRevenueCurrent_lbl" xml:lang="en-US">Deferred Revenue, Current</label>
    <label xlink:type="resource" xlink:role="http://www.xbrl.org/2003/role/verboseLabel" xlink:label="us-gaap_DeferredRevenueCurrent_lbl" xml:lang="en-US">Deferred revenue</label>
    <labelArc xlink:type="arc" xlink:arcrole="http://www.xbrl.org/2003/arcrole/concept-label" xlink:from="us-gaap_DeferredRevenueCurrent" xlink:to="us-gaap_DeferredRevenueCurrent_lbl"/>
    <loc xlink:type="locator" xlink:href="http://taxonomies.xbrl.us/us-gaap/2009/elts/us-gaap-2009-01-31.xsd#us-gaap_DeferredRevenueNoncurrent" xlink:label="us-gaap_DeferredRevenueNoncurrent"/>
    <label xlink:type="resource" xlink:role="http://www.xbrl.org/2003/role/label" xlink:label="us-gaap_DeferredRevenueNoncurrent_lbl" xml:lang="en-US">Deferred revenue - non-current</label>
    <labelArc xlink:type="arc" xlink:arcrole="http://www.xbrl.org/2003/arcrole/concept-label" xlink:from="us-gaap_DeferredRevenueNoncurrent" xlink:to="us-gaap_DeferredRevenueNoncurrent_lbl"/>
    <loc xlink:type="locator" xlink:href="http://taxonomies.xbrl.us/us-gaap/2009/elts/us-gaap-2009-01-31.xsd#us-gaap_DeferredTaxAssetsNetCurrent" xlink:label="us-gaap_DeferredTaxAssetsNetCurrent"/>
    <label xlink:type="resource" xlink:role="http://www.xbrl.org/2003/role/label" xlink:label="us-gaap_DeferredTaxAssetsNetCurrent_lbl" xml:lang="en-US">Deferred tax assets</label>
    <labelArc xlink:type="arc" xlink:arcrole="http://www.xbrl.org/2003/arcrole/concept-label" xlink:from="us-gaap_DeferredTaxAssetsNetCurrent" xlink:to="us-gaap_DeferredTaxAssetsNetCurrent_lbl"/>
    <loc xlink:type="locator" xlink:href="http://taxonomies.xbrl.us/us-gaap/2009/elts/us-gaap-2009-01-31.xsd#us-gaap_DepreciationAmortizationAndAccretionNet" xlink:label="us-gaap_DepreciationAmortizationAndAccretionNet"/>
    <label xlink:type="resource" xlink:role="http://www.xbrl.org/2003/role/label" xlink:label="us-gaap_DepreciationAmortizationAndAccretionNet_lbl" xml:lang="en-US">Depreciation, amortization and accretion</label>
    <labelArc xlink:type="arc" xlink:arcrole="http://www.xbrl.org/2003/arcrole/concept-label" xlink:from="us-gaap_DepreciationAmortizationAndAccretionNet" xlink:to="us-gaap_DepreciationAmortizationAndAccretionNet_lbl"/>
    <loc xlink:type="locator" xlink:href="aapl-20091226.xsd#aapl_DetailsOfCertainBalanceSheetAccountsDisclosureTextBlock" xlink:label="aapl_DetailsOfCertainBalanceSheetAccountsDisclosureTextBlock"/>
    <label xlink:type="resource" xlink:role="http://www.xbrl.org/2003/role/documentation" xlink:label="aapl_DetailsOfCertainBalanceSheetAccountsDisclosureTextBlock_lbl" xml:lang="en-US">Disclosure includes additional financial statement details for certain financial statement categories within the consolidated financial statements.</label>
    <label xlink:type="resource" xlink:role="http://www.xbrl.org/2003/role/label" xlink:label="aapl_DetailsOfCertainBalanceSheetAccountsDisclosureTextBlock_lbl" xml:lang="en-US">Condensed Consolidated Financial Statement Details</label>
    <labelArc xlink:type="arc" xlink:arcrole="http://www.xbrl.org/2003/arcrole/concept-label" xlink:from="aapl_DetailsOfCertainBalanceSheetAccountsDisclosureTextBlock" xlink:to="aapl_DetailsOfCertainBalanceSheetAccountsDisclosureTextBlock_lbl"/>
    <loc xlink:type="locator" xlink:href="http://taxonomies.xbrl.us/us-gaap/2009/non-gaap/dei-2009-01-31.xsd#dei_DocumentInformationTextBlock" xlink:label="dei_DocumentInformationTextBlock"/>
    <label xlink:type="resource" xlink:role="http://www.xbrl.org/2003/role/label" xlink:label="dei_DocumentInformationTextBlock_lbl" xml:lang="en-US">Document Information [Text Block]</label>
    <labelArc xlink:type="arc" xlink:arcrole="http://www.xbrl.org/2003/arcrole/concept-label" xlink:from="dei_DocumentInformationTextBlock" xlink:to="dei_DocumentInformationTextBlock_lbl"/>
    <loc xlink:type="locator" xlink:href="http://taxonomies.xbrl.us/us-gaap/2009/non-gaap/dei-2009-01-31.xsd#dei_DocumentPeriodEndDate" xlink:label="dei_DocumentPeriodEndDate"/>
    <label xlink:type="resource" xlink:role="http://www.xbrl.org/2003/role/label" xlink:label="dei_DocumentPeriodEndDate_lbl" xml:lang="en-US">Document Period End Date</label>
    <labelArc xlink:type="arc" xlink:arcrole="http://www.xbrl.org/2003/arcrole/concept-label" xlink:from="dei_DocumentPeriodEndDate" xlink:to="dei_DocumentPeriodEndDate_lbl"/>
    <loc xlink:type="locator" xlink:href="http://taxonomies.xbrl.us/us-gaap/2009/non-gaap/dei-2009-01-31.xsd#dei_DocumentType" xlink:label="dei_DocumentType"/>
    <label xlink:type="resource" xlink:role="http://www.xbrl.org/2003/role/label" xlink:label="dei_DocumentType_lbl" xml:lang="en-US">Document Type</label>
    <labelArc xlink:type="arc" xlink:arcrole="http://www.xbrl.org/2003/arcrole/concept-label" xlink:from="dei_DocumentType" xlink:to="dei_DocumentType_lbl"/>
    <loc xlink:type="locator" xlink:href="http://taxonomies.xbrl.us/us-gaap/2009/elts/us-gaap-2009-01-31.xsd#us-gaap_EarningsPerShareAbstract" xlink:label="us-gaap_EarningsPerShareAbstract"/>
    <label xlink:type="resource" xlink:role="http://www.xbrl.org/2003/role/label" xlink:label="us-gaap_EarningsPerShareAbstract_lbl" xml:lang="en-US">Earnings per common share:</label>
    <labelArc xlink:type="arc" xlink:arcrole="http://www.xbrl.org/2003/arcrole/concept-label" xlink:from="us-gaap_EarningsPerShareAbstract" xlink:to="us-gaap_EarningsPerShareAbstract_lbl"/>
    <loc xlink:type="locator" xlink:href="http://taxonomies.xbrl.us/us-gaap/2009/elts/us-gaap-2009-01-31.xsd#us-gaap_EarningsPerShareBasic" xlink:label="us-gaap_EarningsPerShareBasic"/>
    <label xlink:type="resource" xlink:role="http://www.xbrl.org/2003/role/label" xlink:label="us-gaap_EarningsPerShareBasic_lbl" xml:lang="en-US">Earnings Per Share, Basic</label>
    <label xlink:type="resource" xlink:role="http://www.xbrl.org/2003/role/verboseLabel" xlink:label="us-gaap_EarningsPerShareBasic_lbl" xml:lang="en-US">Basic</label>
    <labelArc xlink:type="arc" xlink:arcrole="http://www.xbrl.org/2003/arcrole/concept-label" xlink:from="us-gaap_EarningsPerShareBasic" xlink:to="us-gaap_EarningsPerShareBasic_lbl"/>
    <loc xlink:type="locator" xlink:href="http://taxonomies.xbrl.us/us-gaap/2009/elts/us-gaap-2009-01-31.xsd#us-gaap_EarningsPerShareDiluted" xlink:label="us-gaap_EarningsPerShareDiluted"/>
    <label xlink:type="resource" xlink:role="http://www.xbrl.org/2003/role/label" xlink:label="us-gaap_EarningsPerShareDiluted_lbl" xml:lang="en-US">Earnings Per Share, Diluted</label>
    <label xlink:type="resource" xlink:role="http://www.xbrl.org/2003/role/verboseLabel" xlink:label="us-gaap_EarningsPerShareDiluted_lbl" xml:lang="en-US">Diluted</label>
    <labelArc xlink:type="arc" xlink:arcrole="http://www.xbrl.org/2003/arcrole/concept-label" xlink:from="us-gaap_EarningsPerShareDiluted" xlink:to="us-gaap_EarningsPerShareDiluted_lbl"/>
    <loc xlink:type="locator" xlink:href="http://taxonomies.xbrl.us/us-gaap/2009/elts/us-gaap-2009-01-31.xsd#us-gaap_EmployeeServiceShareBasedCompensationCashFlowEffectCashUsedToSettleAwards" xlink:label="us-gaap_EmployeeServiceShareBasedCompensationCashFlowEffectCashUsedToSettleAwards"/>
    <label xlink:type="resource" xlink:role="http://www.xbrl.org/2003/role/label" xlink:label="us-gaap_EmployeeServiceShareBasedCompensationCashFlowEffectCashUsedToSettleAwards_lbl" xml:lang="en-US">Cash used to net share settle equity awards</label>
    <labelArc xlink:type="arc" xlink:arcrole="http://www.xbrl.org/2003/arcrole/concept-label" xlink:from="us-gaap_EmployeeServiceShareBasedCompensationCashFlowEffectCashUsedToSettleAwards" xlink:to="us-gaap_EmployeeServiceShareBasedCompensationCashFlowEffectCashUsedToSettleAwards_lbl"/>
    <loc xlink:type="locator" xlink:href="http://taxonomies.xbrl.us/us-gaap/2009/non-gaap/dei-2009-01-31.xsd#dei_EntityCentralIndexKey" xlink:label="dei_EntityCentralIndexKey"/>
    <label xlink:type="resource" xlink:role="http://www.xbrl.org/2003/role/label" xlink:label="dei_EntityCentralIndexKey_lbl" xml:lang="en-US">Entity Central Index Key</label>
    <labelArc xlink:type="arc" xlink:arcrole="http://www.xbrl.org/2003/arcrole/concept-label" xlink:from="dei_EntityCentralIndexKey" xlink:to="dei_EntityCentralIndexKey_lbl"/>
    <loc xlink:type="locator" xlink:href="http://taxonomies.xbrl.us/us-gaap/2009/non-gaap/dei-2009-01-31.xsd#dei_EntityCommonStockSharesOutstanding" xlink:label="dei_EntityCommonStockSharesOutstanding"/>
    <label xlink:type="resource" xlink:role="http://www.xbrl.org/2003/role/label" xlink:label="dei_EntityCommonStockSharesOutstanding_lbl" xml:lang="en-US">Entity Common Stock, Shares Outstanding</label>
    <labelArc xlink:type="arc" xlink:arcrole="http://www.xbrl.org/2003/arcrole/concept-label" xlink:from="dei_EntityCommonStockSharesOutstanding" xlink:to="dei_EntityCommonStockSharesOutstanding_lbl"/>
    <loc xlink:type="locator" xlink:href="http://taxonomies.xbrl.us/us-gaap/2009/non-gaap/dei-2009-01-31.xsd#dei_EntityFilerCategory" xlink:label="dei_EntityFilerCategory"/>
    <label xlink:type="resource" xlink:role="http://www.xbrl.org/2003/role/label" xlink:label="dei_EntityFilerCategory_lbl" xml:lang="en-US">Entity Filer Category</label>
    <labelArc xlink:type="arc" xlink:arcrole="http://www.xbrl.org/2003/arcrole/concept-label" xlink:from="dei_EntityFilerCategory" xlink:to="dei_EntityFilerCategory_lbl"/>
    <loc xlink:type="locator" xlink:href="http://taxonomies.xbrl.us/us-gaap/2009/non-gaap/dei-2009-01-31.xsd#dei_EntityRegistrantName" xlink:label="dei_EntityRegistrantName"/>
    <label xlink:type="resource" xlink:role="http://www.xbrl.org/2003/role/label" xlink:label="dei_EntityRegistrantName_lbl" xml:lang="en-US">Entity Registrant Name</label>
    <labelArc xlink:type="arc" xlink:arcrole="http://www.xbrl.org/2003/arcrole/concept-label" xlink:from="dei_EntityRegistrantName" xlink:to="dei_EntityRegistrantName_lbl"/>
    <loc xlink:type="locator" xlink:href="http://taxonomies.xbrl.us/us-gaap/2009/non-gaap/dei-2009-01-31.xsd#dei_EntityTextBlock" xlink:label="dei_EntityTextBlock"/>
    <label xlink:type="resource" xlink:role="http://www.xbrl.org/2003/role/label" xlink:label="dei_EntityTextBlock_lbl" xml:lang="en-US">Entity [Text Block]</label>
    <labelArc xlink:type="arc" xlink:arcrole="http://www.xbrl.org/2003/arcrole/concept-label" xlink:from="dei_EntityTextBlock" xlink:to="dei_EntityTextBlock_lbl"/>
    <loc xlink:type="locator" xlink:href="http://taxonomies.xbrl.us/us-gaap/2009/elts/us-gaap-2009-01-31.xsd#us-gaap_ExcessTaxBenefitFromShareBasedCompensationFinancingActivities" xlink:label="us-gaap_ExcessTaxBenefitFromShareBasedCompensationFinancingActivities"/>
    <label xlink:type="resource" xlink:role="http://www.xbrl.org/2003/role/label" xlink:label="us-gaap_ExcessTaxBenefitFromShareBasedCompensationFinancingActivities_lbl" xml:lang="en-US">Excess tax benefits from stock-based compensation</label>
    <labelArc xlink:type="arc" xlink:arcrole="http://www.xbrl.org/2003/arcrole/concept-label" xlink:from="us-gaap_ExcessTaxBenefitFromShareBasedCompensationFinancingActivities" xlink:to="us-gaap_ExcessTaxBenefitFromShareBasedCompensationFinancingActivities_lbl"/>
    <loc xlink:type="locator" xlink:href="http://taxonomies.xbrl.us/us-gaap/2009/elts/us-gaap-2009-01-31.xsd#us-gaap_FairValueMeasurementInputsDisclosureTextBlock" xlink:label="us-gaap_FairValueMeasurementInputsDisclosureTextBlock"/>
    <label xlink:type="resource" xlink:role="http://www.xbrl.org/2003/role/label" xlink:label="us-gaap_FairValueMeasurementInputsDisclosureTextBlock_lbl" xml:lang="en-US">Fair Value Measurements</label>
    <labelArc xlink:type="arc" xlink:arcrole="http://www.xbrl.org/2003/arcrole/concept-label" xlink:from="us-gaap_FairValueMeasurementInputsDisclosureTextBlock" xlink:to="us-gaap_FairValueMeasurementInputsDisclosureTextBlock_lbl"/>
    <loc xlink:type="locator" xlink:href="aapl-20091226.xsd#aapl_FinancialInstrumentsTextBlock" xlink:label="aapl_FinancialInstrumentsTextBlock"/>
    <label xlink:type="resource" xlink:role="http://www.xbrl.org/2003/role/documentation" xlink:label="aapl_FinancialInstrumentsTextBlock_lbl" xml:lang="en-US">This item includes disclosure on (1) cash and cash equivalents, which may include the types of deposits and money market instruments, applicable carrying amounts, restricted amounts and compensating balance arrangements; (2) available-for-sale securities, which consist of all investments in certain debt and equity securities neither classified as trading or held-to-maturity securities; (3) derivative instruments and hedging activities, which include descriptions of risk management strategies, derivatives in hedging activities and nonhedging derivative instruments, the assets, obligations, liabilities, revenues and expenses arising therefrom, and the amounts of and methodologies and assumptions used in determining the amounts of such items; and (4) other financial instruments.</label>
    <label xlink:type="resource" xlink:role="http://www.xbrl.org/2003/role/label" xlink:label="aapl_FinancialInstrumentsTextBlock_lbl" xml:lang="en-US">Financial Instruments</label>
    <labelArc xlink:type="arc" xlink:arcrole="http://www.xbrl.org/2003/arcrole/concept-label" xlink:from="aapl_FinancialInstrumentsTextBlock" xlink:to="aapl_FinancialInstrumentsTextBlock_lbl"/>
    <loc xlink:type="locator" xlink:href="http://taxonomies.xbrl.us/us-gaap/2009/elts/us-gaap-2009-01-31.xsd#us-gaap_GainLossOnSaleOfPropertyPlantEquipment" xlink:label="us-gaap_GainLossOnSaleOfPropertyPlantEquipment"/>
    <label xlink:type="resource" xlink:role="http://www.xbrl.org/2003/role/label" xlink:label="us-gaap_GainLossOnSaleOfPropertyPlantEquipment_lbl" xml:lang="en-US">Loss on disposition of property, plant and equipment</label>
    <label xlink:type="resource" xlink:role="http://xbrl.us/us-gaap/role/label/negated" xlink:label="us-gaap_GainLossOnSaleOfPropertyPlantEquipment_lbl" xml:lang="en-US">Loss on disposition of property, plant and equipment</label>
    <labelArc xlink:type="arc" xlink:arcrole="http://www.xbrl.org/2003/arcrole/concept-label" xlink:from="us-gaap_GainLossOnSaleOfPropertyPlantEquipment" xlink:to="us-gaap_GainLossOnSaleOfPropertyPlantEquipment_lbl"/>
    <loc xlink:type="locator" xlink:href="http://taxonomies.xbrl.us/us-gaap/2009/elts/us-gaap-2009-01-31.xsd#us-gaap_Goodwill" xlink:label="us-gaap_Goodwill"/>
    <label xlink:type="resource" xlink:role="http://www.xbrl.org/2003/role/label" xlink:label="us-gaap_Goodwill_lbl" xml:lang="en-US">Goodwill</label>
    <labelArc xlink:type="arc" xlink:arcrole="http://www.xbrl.org/2003/arcrole/concept-label" xlink:from="us-gaap_Goodwill" xlink:to="us-gaap_Goodwill_lbl"/>
    <loc xlink:type="locator" xlink:href="http://taxonomies.xbrl.us/us-gaap/2009/elts/us-gaap-2009-01-31.xsd#us-gaap_GrossProfit" xlink:label="us-gaap_GrossProfit"/>
    <label xlink:type="resource" xlink:role="http://www.xbrl.org/2003/role/label" xlink:label="us-gaap_GrossProfit_lbl" xml:lang="en-US">Gross margin</label>
    <label xlink:type="resource" xlink:role="http://www.xbrl.org/2003/role/totalLabel" xlink:label="us-gaap_GrossProfit_lbl" xml:lang="en-US">Gross margin</label>
    <labelArc xlink:type="arc" xlink:arcrole="http://www.xbrl.org/2003/arcrole/concept-label" xlink:from="us-gaap_GrossProfit" xlink:to="us-gaap_GrossProfit_lbl"/>
    <loc xlink:type="locator" xlink:href="http://taxonomies.xbrl.us/us-gaap/2009/elts/us-gaap-2009-01-31.xsd#us-gaap_IncomeLossFromContinuingOperationsBeforeIncomeTaxesMinorityInterestAndIncomeLossFromEquityMethodInvestments" xlink:label="us-gaap_IncomeLossFromContinuingOperationsBeforeIncomeTaxesMinorityInterestAndIncomeLossFromEquityMethodInvestments"/>
    <label xlink:type="resource" xlink:role="http://www.xbrl.org/2003/role/label" xlink:label="us-gaap_IncomeLossFromContinuingOperationsBeforeIncomeTaxesMinorityInterestAndIncomeLossFromEquityMethodInvestments_lbl" xml:lang="en-US">Income before provision for income taxes</label>
    <label xlink:type="resource" xlink:role="http://www.xbrl.org/2003/role/totalLabel" xlink:label="us-gaap_IncomeLossFromContinuingOperationsBeforeIncomeTaxesMinorityInterestAndIncomeLossFromEquityMethodInvestments_lbl" xml:lang="en-US">Income before provision for income taxes</label>
    <labelArc xlink:type="arc" xlink:arcrole="http://www.xbrl.org/2003/arcrole/concept-label" xlink:from="us-gaap_IncomeLossFromContinuingOperationsBeforeIncomeTaxesMinorityInterestAndIncomeLossFromEquityMethodInvestments" xlink:to="us-gaap_IncomeLossFromContinuingOperationsBeforeIncomeTaxesMinorityInterestAndIncomeLossFromEquityMethodInvestments_lbl"/>
    <loc xlink:type="locator" xlink:href="http://taxonomies.xbrl.us/us-gaap/2009/elts/us-gaap-2009-01-31.xsd#us-gaap_IncomeStatementAbstract" xlink:label="us-gaap_IncomeStatementAbstract"/>
    <label xlink:type="resource" xlink:role="http://www.xbrl.org/2003/role/label" xlink:label="us-gaap_IncomeStatementAbstract_lbl" xml:lang="en-US">Income Statement [Abstract]</label>
    <labelArc xlink:type="arc" xlink:arcrole="http://www.xbrl.org/2003/arcrole/concept-label" xlink:from="us-gaap_IncomeStatementAbstract" xlink:to="us-gaap_IncomeStatementAbstract_lbl"/>
    <loc xlink:type="locator" xlink:href="http://taxonomies.xbrl.us/us-gaap/2009/elts/us-gaap-2009-01-31.xsd#us-gaap_IncomeTaxDisclosureTextBlock" xlink:label="us-gaap_IncomeTaxDisclosureTextBlock"/>
    <label xlink:type="resource" xlink:role="http://www.xbrl.org/2003/role/label" xlink:label="us-gaap_IncomeTaxDisclosureTextBlock_lbl" xml:lang="en-US">Income Taxes</label>
    <labelArc xlink:type="arc" xlink:arcrole="http://www.xbrl.org/2003/arcrole/concept-label" xlink:from="us-gaap_IncomeTaxDisclosureTextBlock" xlink:to="us-gaap_IncomeTaxDisclosureTextBlock_lbl"/>
    <loc xlink:type="locator" xlink:href="http://taxonomies.xbrl.us/us-gaap/2009/elts/us-gaap-2009-01-31.xsd#us-gaap_IncomeTaxesPaidNet" xlink:label="us-gaap_IncomeTaxesPaidNet"/>
    <label xlink:type="resource" xlink:role="http://www.xbrl.org/2003/role/label" xlink:label="us-gaap_IncomeTaxesPaidNet_lbl" xml:lang="en-US">Cash paid for income taxes, net</label>
    <labelArc xlink:type="arc" xlink:arcrole="http://www.xbrl.org/2003/arcrole/concept-label" xlink:from="us-gaap_IncomeTaxesPaidNet" xlink:to="us-gaap_IncomeTaxesPaidNet_lbl"/>
    <loc xlink:type="locator" xlink:href="http://taxonomies.xbrl.us/us-gaap/2009/elts/us-gaap-2009-01-31.xsd#us-gaap_IncomeTaxExpenseBenefit" xlink:label="us-gaap_IncomeTaxExpenseBenefit"/>
    <label xlink:type="resource" xlink:role="http://www.xbrl.org/2003/role/label" xlink:label="us-gaap_IncomeTaxExpenseBenefit_lbl" xml:lang="en-US">Provision for income taxes</label>
    <labelArc xlink:type="arc" xlink:arcrole="http://www.xbrl.org/2003/arcrole/concept-label" xlink:from="us-gaap_IncomeTaxExpenseBenefit" xlink:to="us-gaap_IncomeTaxExpenseBenefit_lbl"/>
    <loc xlink:type="locator" xlink:href="http://taxonomies.xbrl.us/us-gaap/2009/elts/us-gaap-2009-01-31.xsd#us-gaap_IncreaseDecreaseInAccountsPayable" xlink:label="us-gaap_IncreaseDecreaseInAccountsPayable"/>
    <label xlink:type="resource" xlink:role="http://www.xbrl.org/2003/role/label" xlink:label="us-gaap_IncreaseDecreaseInAccountsPayable_lbl" xml:lang="en-US">Increase (Decrease) in Accounts Payable</label>
    <label xlink:type="resource" xlink:role="http://www.xbrl.org/2003/role/verboseLabel" xlink:label="us-gaap_IncreaseDecreaseInAccountsPayable_lbl" xml:lang="en-US">Accounts payable</label>
    <labelArc xlink:type="arc" xlink:arcrole="http://www.xbrl.org/2003/arcrole/concept-label" xlink:from="us-gaap_IncreaseDecreaseInAccountsPayable" xlink:to="us-gaap_IncreaseDecreaseInAccountsPayable_lbl"/>
    <loc xlink:type="locator" xlink:href="http://taxonomies.xbrl.us/us-gaap/2009/elts/us-gaap-2009-01-31.xsd#us-gaap_IncreaseDecreaseInAccountsReceivable" xlink:label="us-gaap_IncreaseDecreaseInAccountsReceivable"/>
    <label xlink:type="resource" xlink:role="http://www.xbrl.org/2003/role/label" xlink:label="us-gaap_IncreaseDecreaseInAccountsReceivable_lbl" xml:lang="en-US">Accounts receivable, net</label>
    <label xlink:type="resource" xlink:role="http://xbrl.us/us-gaap/role/label/negated" xlink:label="us-gaap_IncreaseDecreaseInAccountsReceivable_lbl" xml:lang="en-US">Accounts receivable, net</label>
    <labelArc xlink:type="arc" xlink:arcrole="http://www.xbrl.org/2003/arcrole/concept-label" xlink:from="us-gaap_IncreaseDecreaseInAccountsReceivable" xlink:to="us-gaap_IncreaseDecreaseInAccountsReceivable_lbl"/>
    <loc xlink:type="locator" xlink:href="http://taxonomies.xbrl.us/us-gaap/2009/elts/us-gaap-2009-01-31.xsd#us-gaap_IncreaseDecreaseInDeferredRevenue" xlink:label="us-gaap_IncreaseDecreaseInDeferredRevenue"/>
    <label xlink:type="resource" xlink:role="http://www.xbrl.org/2003/role/label" xlink:label="us-gaap_IncreaseDecreaseInDeferredRevenue_lbl" xml:lang="en-US">Increase (Decrease) in Deferred Revenue</label>
    <label xlink:type="resource" xlink:role="http://www.xbrl.org/2003/role/verboseLabel" xlink:label="us-gaap_IncreaseDecreaseInDeferredRevenue_lbl" xml:lang="en-US">Deferred revenue</label>
    <labelArc xlink:type="arc" xlink:arcrole="http://www.xbrl.org/2003/arcrole/concept-label" xlink:from="us-gaap_IncreaseDecreaseInDeferredRevenue" xlink:to="us-gaap_IncreaseDecreaseInDeferredRevenue_lbl"/>
    <loc xlink:type="locator" xlink:href="http://taxonomies.xbrl.us/us-gaap/2009/elts/us-gaap-2009-01-31.xsd#us-gaap_IncreaseDecreaseInInventories" xlink:label="us-gaap_IncreaseDecreaseInInventories"/>
    <label xlink:type="resource" xlink:role="http://www.xbrl.org/2003/role/label" xlink:label="us-gaap_IncreaseDecreaseInInventories_lbl" xml:lang="en-US">Increase (Decrease) in Inventories</label>
    <label xlink:type="resource" xlink:role="http://xbrl.us/us-gaap/role/label/negated" xlink:label="us-gaap_IncreaseDecreaseInInventories_lbl" xml:lang="en-US">Inventories</label>
    <labelArc xlink:type="arc" xlink:arcrole="http://www.xbrl.org/2003/arcrole/concept-label" xlink:from="us-gaap_IncreaseDecreaseInInventories" xlink:to="us-gaap_IncreaseDecreaseInInventories_lbl"/>
    <loc xlink:type="locator" xlink:href="http://taxonomies.xbrl.us/us-gaap/2009/elts/us-gaap-2009-01-31.xsd#us-gaap_IncreaseDecreaseInOperatingCapitalAbstract" xlink:label="us-gaap_IncreaseDecreaseInOperatingCapitalAbstract"/>
    <label xlink:type="resource" xlink:role="http://www.xbrl.org/2003/role/label" xlink:label="us-gaap_IncreaseDecreaseInOperatingCapitalAbstract_lbl" xml:lang="en-US">Changes in operating assets and liabilities:</label>
    <labelArc xlink:type="arc" xlink:arcrole="http://www.xbrl.org/2003/arcrole/concept-label" xlink:from="us-gaap_IncreaseDecreaseInOperatingCapitalAbstract" xlink:to="us-gaap_IncreaseDecreaseInOperatingCapitalAbstract_lbl"/>
    <loc xlink:type="locator" xlink:href="http://taxonomies.xbrl.us/us-gaap/2009/elts/us-gaap-2009-01-31.xsd#us-gaap_IncreaseDecreaseInOtherOperatingAssets" xlink:label="us-gaap_IncreaseDecreaseInOtherOperatingAssets"/>
    <label xlink:type="resource" xlink:role="http://www.xbrl.org/2003/role/label" xlink:label="us-gaap_IncreaseDecreaseInOtherOperatingAssets_lbl" xml:lang="en-US">Increase (Decrease) in Other Operating Assets</label>
    <label xlink:type="resource" xlink:role="http://xbrl.us/us-gaap/role/label/negated" xlink:label="us-gaap_IncreaseDecreaseInOtherOperatingAssets_lbl" xml:lang="en-US">Other assets</label>
    <labelArc xlink:type="arc" xlink:arcrole="http://www.xbrl.org/2003/arcrole/concept-label" xlink:from="us-gaap_IncreaseDecreaseInOtherOperatingAssets" xlink:to="us-gaap_IncreaseDecreaseInOtherOperatingAssets_lbl"/>
    <loc xlink:type="locator" xlink:href="http://taxonomies.xbrl.us/us-gaap/2009/elts/us-gaap-2009-01-31.xsd#us-gaap_IncreaseDecreaseInOtherOperatingLiabilities" xlink:label="us-gaap_IncreaseDecreaseInOtherOperatingLiabilities"/>
    <label xlink:type="resource" xlink:role="http://www.xbrl.org/2003/role/label" xlink:label="us-gaap_IncreaseDecreaseInOtherOperatingLiabilities_lbl" xml:lang="en-US">Other liabilities</label>
    <labelArc xlink:type="arc" xlink:arcrole="http://www.xbrl.org/2003/arcrole/concept-label" xlink:from="us-gaap_IncreaseDecreaseInOtherOperatingLiabilities" xlink:to="us-gaap_IncreaseDecreaseInOtherOperatingLiabilities_lbl"/>
    <loc xlink:type="locator" xlink:href="aapl-20091226.xsd#aapl_IncreaseDecreaseOtherCurrentAssets" xlink:label="aapl_IncreaseDecreaseOtherCurrentAssets"/>
    <label xlink:type="resource" xlink:role="http://www.xbrl.org/2003/role/documentation" xlink:label="aapl_IncreaseDecreaseOtherCurrentAssets_lbl" xml:lang="en-US">The net change during the reporting period in other current assets.</label>
    <label xlink:type="resource" xlink:role="http://www.xbrl.org/2003/role/label" xlink:label="aapl_IncreaseDecreaseOtherCurrentAssets_lbl" xml:lang="en-US">Increase/(Decrease) in Other Current Assets</label>
    <label xlink:type="resource" xlink:role="http://xbrl.us/us-gaap/role/label/negated" xlink:label="aapl_IncreaseDecreaseOtherCurrentAssets_lbl" xml:lang="en-US">Other current assets</label>
    <labelArc xlink:type="arc" xlink:arcrole="http://www.xbrl.org/2003/arcrole/concept-label" xlink:from="aapl_IncreaseDecreaseOtherCurrentAssets" xlink:to="aapl_IncreaseDecreaseOtherCurrentAssets_lbl"/>
    <loc xlink:type="locator" xlink:href="http://taxonomies.xbrl.us/us-gaap/2009/elts/us-gaap-2009-01-31.xsd#us-gaap_IntangibleAssetsNetExcludingGoodwill" xlink:label="us-gaap_IntangibleAssetsNetExcludingGoodwill"/>
    <label xlink:type="resource" xlink:role="http://www.xbrl.org/2003/role/label" xlink:label="us-gaap_IntangibleAssetsNetExcludingGoodwill_lbl" xml:lang="en-US">Acquired intangible assets, net</label>
    <labelArc xlink:type="arc" xlink:arcrole="http://www.xbrl.org/2003/arcrole/concept-label" xlink:from="us-gaap_IntangibleAssetsNetExcludingGoodwill" xlink:to="us-gaap_IntangibleAssetsNetExcludingGoodwill_lbl"/>
    <loc xlink:type="locator" xlink:href="http://taxonomies.xbrl.us/us-gaap/2009/elts/us-gaap-2009-01-31.xsd#us-gaap_InventoryNet" xlink:label="us-gaap_InventoryNet"/>
    <label xlink:type="resource" xlink:role="http://www.xbrl.org/2003/role/label" xlink:label="us-gaap_InventoryNet_lbl" xml:lang="en-US">Inventories</label>
    <labelArc xlink:type="arc" xlink:arcrole="http://www.xbrl.org/2003/arcrole/concept-label" xlink:from="us-gaap_InventoryNet" xlink:to="us-gaap_InventoryNet_lbl"/>
    <loc xlink:type="locator" xlink:href="http://taxonomies.xbrl.us/us-gaap/2009/elts/us-gaap-2009-01-31.xsd#us-gaap_Liabilities" xlink:label="us-gaap_Liabilities"/>
    <label xlink:type="resource" xlink:role="http://www.xbrl.org/2003/role/label" xlink:label="us-gaap_Liabilities_lbl" xml:lang="en-US">Total liabilities</label>
    <label xlink:type="resource" xlink:role="http://www.xbrl.org/2003/role/totalLabel" xlink:label="us-gaap_Liabilities_lbl" xml:lang="en-US">Total liabilities</label>
    <labelArc xlink:type="arc" xlink:arcrole="http://www.xbrl.org/2003/arcrole/concept-label" xlink:from="us-gaap_Liabilities" xlink:to="us-gaap_Liabilities_lbl"/>
    <loc xlink:type="locator" xlink:href="http://taxonomies.xbrl.us/us-gaap/2009/elts/us-gaap-2009-01-31.xsd#us-gaap_LiabilitiesAndStockholdersEquity" xlink:label="us-gaap_LiabilitiesAndStockholdersEquity"/>
    <label xlink:type="resource" xlink:role="http://www.xbrl.org/2003/role/label" xlink:label="us-gaap_LiabilitiesAndStockholdersEquity_lbl" xml:lang="en-US">Total liabilities and shareholders' equity</label>
    <label xlink:type="resource" xlink:role="http://www.xbrl.org/2003/role/totalLabel" xlink:label="us-gaap_LiabilitiesAndStockholdersEquity_lbl" xml:lang="en-US">Total liabilities and shareholders' equity</label>
    <labelArc xlink:type="arc" xlink:arcrole="http://www.xbrl.org/2003/arcrole/concept-label" xlink:from="us-gaap_LiabilitiesAndStockholdersEquity" xlink:to="us-gaap_LiabilitiesAndStockholdersEquity_lbl"/>
    <loc xlink:type="locator" xlink:href="http://taxonomies.xbrl.us/us-gaap/2009/elts/us-gaap-2009-01-31.xsd#us-gaap_LiabilitiesAndStockholdersEquityAbstract" xlink:label="us-gaap_LiabilitiesAndStockholdersEquityAbstract"/>
    <label xlink:type="resource" xlink:role="http://www.xbrl.org/2003/role/label" xlink:label="us-gaap_LiabilitiesAndStockholdersEquityAbstract_lbl" xml:lang="en-US">LIABILITIES AND SHAREHOLDERS' EQUITY:</label>
    <labelArc xlink:type="arc" xlink:arcrole="http://www.xbrl.org/2003/arcrole/concept-label" xlink:from="us-gaap_LiabilitiesAndStockholdersEquityAbstract" xlink:to="us-gaap_LiabilitiesAndStockholdersEquityAbstract_lbl"/>
    <loc xlink:type="locator" xlink:href="http://taxonomies.xbrl.us/us-gaap/2009/elts/us-gaap-2009-01-31.xsd#us-gaap_LiabilitiesCurrent" xlink:label="us-gaap_LiabilitiesCurrent"/>
    <label xlink:type="resource" xlink:role="http://www.xbrl.org/2003/role/label" xlink:label="us-gaap_LiabilitiesCurrent_lbl" xml:lang="en-US">Total current liabilities</label>
    <label xlink:type="resource" xlink:role="http://www.xbrl.org/2003/role/totalLabel" xlink:label="us-gaap_LiabilitiesCurrent_lbl" xml:lang="en-US">Total current liabilities</label>
    <labelArc xlink:type="arc" xlink:arcrole="http://www.xbrl.org/2003/arcrole/concept-label" xlink:from="us-gaap_LiabilitiesCurrent" xlink:to="us-gaap_LiabilitiesCurrent_lbl"/>
    <loc xlink:type="locator" xlink:href="http://taxonomies.xbrl.us/us-gaap/2009/elts/us-gaap-2009-01-31.xsd#us-gaap_LiabilitiesCurrentAbstract" xlink:label="us-gaap_LiabilitiesCurrentAbstract"/>
    <label xlink:type="resource" xlink:role="http://www.xbrl.org/2003/role/label" xlink:label="us-gaap_LiabilitiesCurrentAbstract_lbl" xml:lang="en-US">Current liabilities:</label>
    <labelArc xlink:type="arc" xlink:arcrole="http://www.xbrl.org/2003/arcrole/concept-label" xlink:from="us-gaap_LiabilitiesCurrentAbstract" xlink:to="us-gaap_LiabilitiesCurrentAbstract_lbl"/>
    <loc xlink:type="locator" xlink:href="http://taxonomies.xbrl.us/us-gaap/2009/elts/us-gaap-2009-01-31.xsd#us-gaap_NetCashProvidedByUsedInFinancingActivities" xlink:label="us-gaap_NetCashProvidedByUsedInFinancingActivities"/>
    <label xlink:type="resource" xlink:role="http://www.xbrl.org/2003/role/label" xlink:label="us-gaap_NetCashProvidedByUsedInFinancingActivities_lbl" xml:lang="en-US">Cash generated by financing activities</label>
    <label xlink:type="resource" xlink:role="http://www.xbrl.org/2003/role/totalLabel" xlink:label="us-gaap_NetCashProvidedByUsedInFinancingActivities_lbl" xml:lang="en-US">Cash generated by financing activities</label>
    <labelArc xlink:type="arc" xlink:arcrole="http://www.xbrl.org/2003/arcrole/concept-label" xlink:from="us-gaap_NetCashProvidedByUsedInFinancingActivities" xlink:to="us-gaap_NetCashProvidedByUsedInFinancingActivities_lbl"/>
    <loc xlink:type="locator" xlink:href="http://taxonomies.xbrl.us/us-gaap/2009/elts/us-gaap-2009-01-31.xsd#us-gaap_NetCashProvidedByUsedInFinancingActivitiesAbstract" xlink:label="us-gaap_NetCashProvidedByUsedInFinancingActivitiesAbstract"/>
    <label xlink:type="resource" xlink:role="http://www.xbrl.org/2003/role/label" xlink:label="us-gaap_NetCashProvidedByUsedInFinancingActivitiesAbstract_lbl" xml:lang="en-US">Financing activities:</label>
    <labelArc xlink:type="arc" xlink:arcrole="http://www.xbrl.org/2003/arcrole/concept-label" xlink:from="us-gaap_NetCashProvidedByUsedInFinancingActivitiesAbstract" xlink:to="us-gaap_NetCashProvidedByUsedInFinancingActivitiesAbstract_lbl"/>
    <loc xlink:type="locator" xlink:href="http://taxonomies.xbrl.us/us-gaap/2009/elts/us-gaap-2009-01-31.xsd#us-gaap_NetCashProvidedByUsedInInvestingActivities" xlink:label="us-gaap_NetCashProvidedByUsedInInvestingActivities"/>
    <label xlink:type="resource" xlink:role="http://www.xbrl.org/2003/role/label" xlink:label="us-gaap_NetCashProvidedByUsedInInvestingActivities_lbl" xml:lang="en-US">Cash used in investing activities</label>
    <label xlink:type="resource" xlink:role="http://www.xbrl.org/2003/role/totalLabel" xlink:label="us-gaap_NetCashProvidedByUsedInInvestingActivities_lbl" xml:lang="en-US">Cash used in investing activities</label>
    <labelArc xlink:type="arc" xlink:arcrole="http://www.xbrl.org/2003/arcrole/concept-label" xlink:from="us-gaap_NetCashProvidedByUsedInInvestingActivities" xlink:to="us-gaap_NetCashProvidedByUsedInInvestingActivities_lbl"/>
    <loc xlink:type="locator" xlink:href="http://taxonomies.xbrl.us/us-gaap/2009/elts/us-gaap-2009-01-31.xsd#us-gaap_NetCashProvidedByUsedInInvestingActivitiesAbstract" xlink:label="us-gaap_NetCashProvidedByUsedInInvestingActivitiesAbstract"/>
    <label xlink:type="resource" xlink:role="http://www.xbrl.org/2003/role/label" xlink:label="us-gaap_NetCashProvidedByUsedInInvestingActivitiesAbstract_lbl" xml:lang="en-US">Investing activities:</label>
    <labelArc xlink:type="arc" xlink:arcrole="http://www.xbrl.org/2003/arcrole/concept-label" xlink:from="us-gaap_NetCashProvidedByUsedInInvestingActivitiesAbstract" xlink:to="us-gaap_NetCashProvidedByUsedInInvestingActivitiesAbstract_lbl"/>
    <loc xlink:type="locator" xlink:href="http://taxonomies.xbrl.us/us-gaap/2009/elts/us-gaap-2009-01-31.xsd#us-gaap_NetCashProvidedByUsedInOperatingActivities" xlink:label="us-gaap_NetCashProvidedByUsedInOperatingActivities"/>
    <label xlink:type="resource" xlink:role="http://www.xbrl.org/2003/role/label" xlink:label="us-gaap_NetCashProvidedByUsedInOperatingActivities_lbl" xml:lang="en-US">Cash generated by operating activities</label>
    <label xlink:type="resource" xlink:role="http://www.xbrl.org/2003/role/totalLabel" xlink:label="us-gaap_NetCashProvidedByUsedInOperatingActivities_lbl" xml:lang="en-US">Cash generated by operating activities</label>
    <labelArc xlink:type="arc" xlink:arcrole="http://www.xbrl.org/2003/arcrole/concept-label" xlink:from="us-gaap_NetCashProvidedByUsedInOperatingActivities" xlink:to="us-gaap_NetCashProvidedByUsedInOperatingActivities_lbl"/>
    <loc xlink:type="locator" xlink:href="http://taxonomies.xbrl.us/us-gaap/2009/elts/us-gaap-2009-01-31.xsd#us-gaap_NetCashProvidedByUsedInOperatingActivitiesAbstract" xlink:label="us-gaap_NetCashProvidedByUsedInOperatingActivitiesAbstract"/>
    <label xlink:type="resource" xlink:role="http://www.xbrl.org/2003/role/label" xlink:label="us-gaap_NetCashProvidedByUsedInOperatingActivitiesAbstract_lbl" xml:lang="en-US">Operating activities:</label>
    <labelArc xlink:type="arc" xlink:arcrole="http://www.xbrl.org/2003/arcrole/concept-label" xlink:from="us-gaap_NetCashProvidedByUsedInOperatingActivitiesAbstract" xlink:to="us-gaap_NetCashProvidedByUsedInOperatingActivitiesAbstract_lbl"/>
    <loc xlink:type="locator" xlink:href="http://taxonomies.xbrl.us/us-gaap/2009/elts/us-gaap-2009-01-31.xsd#us-gaap_NetIncomeLoss" xlink:label="us-gaap_NetIncomeLoss"/>
    <label xlink:type="resource" xlink:role="http://www.xbrl.org/2003/role/label" xlink:label="us-gaap_NetIncomeLoss_lbl" xml:lang="en-US">Net income</label>
    <label xlink:type="resource" xlink:role="http://www.xbrl.org/2003/role/totalLabel" xlink:label="us-gaap_NetIncomeLoss_lbl" xml:lang="en-US">Net income</label>
    <labelArc xlink:type="arc" xlink:arcrole="http://www.xbrl.org/2003/arcrole/concept-label" xlink:from="us-gaap_NetIncomeLoss" xlink:to="us-gaap_NetIncomeLoss_lbl"/>
    <loc xlink:type="locator" xlink:href="http://taxonomies.xbrl.us/us-gaap/2009/elts/us-gaap-2009-01-31.xsd#us-gaap_NonoperatingIncomeExpense" xlink:label="us-gaap_NonoperatingIncomeExpense"/>
    <label xlink:type="resource" xlink:role="http://www.xbrl.org/2003/role/label" xlink:label="us-gaap_NonoperatingIncomeExpense_lbl" xml:lang="en-US">Other income and expense</label>
    <labelArc xlink:type="arc" xlink:arcrole="http://www.xbrl.org/2003/arcrole/concept-label" xlink:from="us-gaap_NonoperatingIncomeExpense" xlink:to="us-gaap_NonoperatingIncomeExpense_lbl"/>
    <loc xlink:type="locator" xlink:href="aapl-20091226.xsd#aapl_NotesToFinancialStatementsAbstract" xlink:label="aapl_NotesToFinancialStatementsAbstract"/>
    <label xlink:type="resource" xlink:role="http://www.xbrl.org/2003/role/documentation" xlink:label="aapl_NotesToFinancialStatementsAbstract_lbl" xml:lang="en-US">Notes to Financial Statements [Abstract]</label>
    <label xlink:type="resource" xlink:role="http://www.xbrl.org/2003/role/label" xlink:label="aapl_NotesToFinancialStatementsAbstract_lbl" xml:lang="en-US">Notes to Financial Statements [Abstract]</label>
    <labelArc xlink:type="arc" xlink:arcrole="http://www.xbrl.org/2003/arcrole/concept-label" xlink:from="aapl_NotesToFinancialStatementsAbstract" xlink:to="aapl_NotesToFinancialStatementsAbstract_lbl"/>
    <loc xlink:type="locator" xlink:href="http://taxonomies.xbrl.us/us-gaap/2009/elts/us-gaap-2009-01-31.xsd#us-gaap_OperatingExpenses" xlink:label="us-gaap_OperatingExpenses"/>
    <label xlink:type="resource" xlink:role="http://www.xbrl.org/2003/role/label" xlink:label="us-gaap_OperatingExpenses_lbl" xml:lang="en-US">Total operating expenses</label>
    <label xlink:type="resource" xlink:role="http://www.xbrl.org/2003/role/totalLabel" xlink:label="us-gaap_OperatingExpenses_lbl" xml:lang="en-US">Total operating expenses</label>
    <labelArc xlink:type="arc" xlink:arcrole="http://www.xbrl.org/2003/arcrole/concept-label" xlink:from="us-gaap_OperatingExpenses" xlink:to="us-gaap_OperatingExpenses_lbl"/>
    <loc xlink:type="locator" xlink:href="http://taxonomies.xbrl.us/us-gaap/2009/elts/us-gaap-2009-01-31.xsd#us-gaap_OperatingExpensesAbstract" xlink:label="us-gaap_OperatingExpensesAbstract"/>
    <label xlink:type="resource" xlink:role="http://www.xbrl.org/2003/role/label" xlink:label="us-gaap_OperatingExpensesAbstract_lbl" xml:lang="en-US">Operating expenses:</label>
    <labelArc xlink:type="arc" xlink:arcrole="http://www.xbrl.org/2003/arcrole/concept-label" xlink:from="us-gaap_OperatingExpensesAbstract" xlink:to="us-gaap_OperatingExpensesAbstract_lbl"/>
    <loc xlink:type="locator" xlink:href="http://taxonomies.xbrl.us/us-gaap/2009/elts/us-gaap-2009-01-31.xsd#us-gaap_OperatingIncomeLoss" xlink:label="us-gaap_OperatingIncomeLoss"/>
    <label xlink:type="resource" xlink:role="http://www.xbrl.org/2003/role/label" xlink:label="us-gaap_OperatingIncomeLoss_lbl" xml:lang="en-US">Operating income</label>
    <label xlink:type="resource" xlink:role="http://www.xbrl.org/2003/role/totalLabel" xlink:label="us-gaap_OperatingIncomeLoss_lbl" xml:lang="en-US">Operating income</label>
    <labelArc xlink:type="arc" xlink:arcrole="http://www.xbrl.org/2003/arcrole/concept-label" xlink:from="us-gaap_OperatingIncomeLoss" xlink:to="us-gaap_OperatingIncomeLoss_lbl"/>
    <loc xlink:type="locator" xlink:href="http://taxonomies.xbrl.us/us-gaap/2009/elts/us-gaap-2009-01-31.xsd#us-gaap_OtherAssetsCurrent" xlink:label="us-gaap_OtherAssetsCurrent"/>
    <label xlink:type="resource" xlink:role="http://www.xbrl.org/2003/role/label" xlink:label="us-gaap_OtherAssetsCurrent_lbl" xml:lang="en-US">Other current assets</label>
    <labelArc xlink:type="arc" xlink:arcrole="http://www.xbrl.org/2003/arcrole/concept-label" xlink:from="us-gaap_OtherAssetsCurrent" xlink:to="us-gaap_OtherAssetsCurrent_lbl"/>
    <loc xlink:type="locator" xlink:href="http://taxonomies.xbrl.us/us-gaap/2009/elts/us-gaap-2009-01-31.xsd#us-gaap_OtherAssetsNoncurrent" xlink:label="us-gaap_OtherAssetsNoncurrent"/>
    <label xlink:type="resource" xlink:role="http://www.xbrl.org/2003/role/label" xlink:label="us-gaap_OtherAssetsNoncurrent_lbl" xml:lang="en-US">Other assets</label>
    <labelArc xlink:type="arc" xlink:arcrole="http://www.xbrl.org/2003/arcrole/concept-label" xlink:from="us-gaap_OtherAssetsNoncurrent" xlink:to="us-gaap_OtherAssetsNoncurrent_lbl"/>
    <loc xlink:type="locator" xlink:href="http://taxonomies.xbrl.us/us-gaap/2009/elts/us-gaap-2009-01-31.xsd#us-gaap_OtherLiabilitiesNoncurrent" xlink:label="us-gaap_OtherLiabilitiesNoncurrent"/>
    <label xlink:type="resource" xlink:role="http://www.xbrl.org/2003/role/label" xlink:label="us-gaap_OtherLiabilitiesNoncurrent_lbl" xml:lang="en-US">Other non-current liabilities</label>
    <labelArc xlink:type="arc" xlink:arcrole="http://www.xbrl.org/2003/arcrole/concept-label" xlink:from="us-gaap_OtherLiabilitiesNoncurrent" xlink:to="us-gaap_OtherLiabilitiesNoncurrent_lbl"/>
    <loc xlink:type="locator" xlink:href="http://taxonomies.xbrl.us/us-gaap/2009/elts/us-gaap-2009-01-31.xsd#us-gaap_PaymentsForProceedsFromOtherInvestingActivities" xlink:label="us-gaap_PaymentsForProceedsFromOtherInvestingActivities"/>
    <label xlink:type="resource" xlink:role="http://www.xbrl.org/2003/role/label" xlink:label="us-gaap_PaymentsForProceedsFromOtherInvestingActivities_lbl" xml:lang="en-US">Other</label>
    <label xlink:type="resource" xlink:role="http://xbrl.us/us-gaap/role/label/negated" xlink:label="us-gaap_PaymentsForProceedsFromOtherInvestingActivities_lbl" xml:lang="en-US">Other</label>
    <labelArc xlink:type="arc" xlink:arcrole="http://www.xbrl.org/2003/arcrole/concept-label" xlink:from="us-gaap_PaymentsForProceedsFromOtherInvestingActivities" xlink:to="us-gaap_PaymentsForProceedsFromOtherInvestingActivities_lbl"/>
    <loc xlink:type="locator" xlink:href="http://taxonomies.xbrl.us/us-gaap/2009/elts/us-gaap-2009-01-31.xsd#us-gaap_PaymentsToAcquireAvailableForSaleSecurities" xlink:label="us-gaap_PaymentsToAcquireAvailableForSaleSecurities"/>
    <label xlink:type="resource" xlink:role="http://www.xbrl.org/2003/role/label" xlink:label="us-gaap_PaymentsToAcquireAvailableForSaleSecurities_lbl" xml:lang="en-US">Purchases of marketable securities</label>
    <label xlink:type="resource" xlink:role="http://xbrl.us/us-gaap/role/label/negated" xlink:label="us-gaap_PaymentsToAcquireAvailableForSaleSecurities_lbl" xml:lang="en-US">Purchases of marketable securities</label>
    <labelArc xlink:type="arc" xlink:arcrole="http://www.xbrl.org/2003/arcrole/concept-label" xlink:from="us-gaap_PaymentsToAcquireAvailableForSaleSecurities" xlink:to="us-gaap_PaymentsToAcquireAvailableForSaleSecurities_lbl"/>
    <loc xlink:type="locator" xlink:href="http://taxonomies.xbrl.us/us-gaap/2009/elts/us-gaap-2009-01-31.xsd#us-gaap_PaymentsToAcquireIntangibleAssets" xlink:label="us-gaap_PaymentsToAcquireIntangibleAssets"/>
    <label xlink:type="resource" xlink:role="http://www.xbrl.org/2003/role/label" xlink:label="us-gaap_PaymentsToAcquireIntangibleAssets_lbl" xml:lang="en-US">Payment for acquisition of intangible assets</label>
    <label xlink:type="resource" xlink:role="http://xbrl.us/us-gaap/role/label/negated" xlink:label="us-gaap_PaymentsToAcquireIntangibleAssets_lbl" xml:lang="en-US">Payment for acquisition of intangible assets</label>
    <labelArc xlink:type="arc" xlink:arcrole="http://www.xbrl.org/2003/arcrole/concept-label" xlink:from="us-gaap_PaymentsToAcquireIntangibleAssets" xlink:to="us-gaap_PaymentsToAcquireIntangibleAssets_lbl"/>
    <loc xlink:type="locator" xlink:href="http://taxonomies.xbrl.us/us-gaap/2009/elts/us-gaap-2009-01-31.xsd#us-gaap_PaymentsToAcquireOtherInvestments" xlink:label="us-gaap_PaymentsToAcquireOtherInvestments"/>
    <label xlink:type="resource" xlink:role="http://www.xbrl.org/2003/role/label" xlink:label="us-gaap_PaymentsToAcquireOtherInvestments_lbl" xml:lang="en-US">Purchases of other long-term investments</label>
    <label xlink:type="resource" xlink:role="http://xbrl.us/us-gaap/role/label/negated" xlink:label="us-gaap_PaymentsToAcquireOtherInvestments_lbl" xml:lang="en-US">Purchases of other long-term investments</label>
    <labelArc xlink:type="arc" xlink:arcrole="http://www.xbrl.org/2003/arcrole/concept-label" xlink:from="us-gaap_PaymentsToAcquireOtherInvestments" xlink:to="us-gaap_PaymentsToAcquireOtherInvestments_lbl"/>
    <loc xlink:type="locator" xlink:href="http://taxonomies.xbrl.us/us-gaap/2009/elts/us-gaap-2009-01-31.xsd#us-gaap_PaymentsToAcquireProductiveAssets" xlink:label="us-gaap_PaymentsToAcquireProductiveAssets"/>
    <label xlink:type="resource" xlink:role="http://www.xbrl.org/2003/role/label" xlink:label="us-gaap_PaymentsToAcquireProductiveAssets_lbl" xml:lang="en-US">Payment for acquisition of property, plant and equipment</label>
    <label xlink:type="resource" xlink:role="http://xbrl.us/us-gaap/role/label/negated" xlink:label="us-gaap_PaymentsToAcquireProductiveAssets_lbl" xml:lang="en-US">Payment for acquisition of property, plant and equipment</label>
    <labelArc xlink:type="arc" xlink:arcrole="http://www.xbrl.org/2003/arcrole/concept-label" xlink:from="us-gaap_PaymentsToAcquireProductiveAssets" xlink:to="us-gaap_PaymentsToAcquireProductiveAssets_lbl"/>
    <loc xlink:type="locator" xlink:href="http://taxonomies.xbrl.us/us-gaap/2009/elts/us-gaap-2009-01-31.xsd#us-gaap_ProceedsFromIssuanceOfCommonStock" xlink:label="us-gaap_ProceedsFromIssuanceOfCommonStock"/>
    <label xlink:type="resource" xlink:role="http://www.xbrl.org/2003/role/label" xlink:label="us-gaap_ProceedsFromIssuanceOfCommonStock_lbl" xml:lang="en-US">Proceeds from issuance of common stock</label>
    <labelArc xlink:type="arc" xlink:arcrole="http://www.xbrl.org/2003/arcrole/concept-label" xlink:from="us-gaap_ProceedsFromIssuanceOfCommonStock" xlink:to="us-gaap_ProceedsFromIssuanceOfCommonStock_lbl"/>
    <loc xlink:type="locator" xlink:href="http://taxonomies.xbrl.us/us-gaap/2009/elts/us-gaap-2009-01-31.xsd#us-gaap_ProceedsFromMaturitiesPrepaymentsAndCallsOfAvailableForSaleSecurities" xlink:label="us-gaap_ProceedsFromMaturitiesPrepaymentsAndCallsOfAvailableForSaleSecurities"/>
    <label xlink:type="resource" xlink:role="http://www.xbrl.org/2003/role/label" xlink:label="us-gaap_ProceedsFromMaturitiesPrepaymentsAndCallsOfAvailableForSaleSecurities_lbl" xml:lang="en-US">Proceeds from maturities of marketable securities</label>
    <labelArc xlink:type="arc" xlink:arcrole="http://www.xbrl.org/2003/arcrole/concept-label" xlink:from="us-gaap_ProceedsFromMaturitiesPrepaymentsAndCallsOfAvailableForSaleSecurities" xlink:to="us-gaap_ProceedsFromMaturitiesPrepaymentsAndCallsOfAvailableForSaleSecurities_lbl"/>
    <loc xlink:type="locator" xlink:href="http://taxonomies.xbrl.us/us-gaap/2009/elts/us-gaap-2009-01-31.xsd#us-gaap_ProceedsFromSaleOfAvailableForSaleSecurities" xlink:label="us-gaap_ProceedsFromSaleOfAvailableForSaleSecurities"/>
    <label xlink:type="resource" xlink:role="http://www.xbrl.org/2003/role/label" xlink:label="us-gaap_ProceedsFromSaleOfAvailableForSaleSecurities_lbl" xml:lang="en-US">Proceeds from sales of marketable securities</label>
    <labelArc xlink:type="arc" xlink:arcrole="http://www.xbrl.org/2003/arcrole/concept-label" xlink:from="us-gaap_ProceedsFromSaleOfAvailableForSaleSecurities" xlink:to="us-gaap_ProceedsFromSaleOfAvailableForSaleSecurities_lbl"/>
    <loc xlink:type="locator" xlink:href="aapl-20091226.xsd#aapl_PropertyPlantAndEquipmentAndCapitalizedSoftwareNet" xlink:label="aapl_PropertyPlantAndEquipmentAndCapitalizedSoftwareNet"/>
    <label xlink:type="resource" xlink:role="http://www.xbrl.org/2003/role/documentation" xlink:label="aapl_PropertyPlantAndEquipmentAndCapitalizedSoftwareNet_lbl" xml:lang="en-US">Tangible assets that are held by an entity for use in the production or supply of goods and services, for rental to others, or for administrative purposes and that are expected to provide economic benefit for more than one year; net of accumulated depreciation. Examples include land, buildings, and production equipment. Also includes software programs or applications for internal use (that is, not to be sold, leased or otherwise marketed to others) that qualify for capitalization.</label>
    <label xlink:type="resource" xlink:role="http://www.xbrl.org/2003/role/label" xlink:label="aapl_PropertyPlantAndEquipmentAndCapitalizedSoftwareNet_lbl" xml:lang="en-US">Property, plant and equipment, net</label>
    <labelArc xlink:type="arc" xlink:arcrole="http://www.xbrl.org/2003/arcrole/concept-label" xlink:from="aapl_PropertyPlantAndEquipmentAndCapitalizedSoftwareNet" xlink:to="aapl_PropertyPlantAndEquipmentAndCapitalizedSoftwareNet_lbl"/>
    <loc xlink:type="locator" xlink:href="http://taxonomies.xbrl.us/us-gaap/2009/elts/us-gaap-2009-01-31.xsd#us-gaap_RelatedPartyTransactionsDisclosureTextBlock" xlink:label="us-gaap_RelatedPartyTransactionsDisclosureTextBlock"/>
    <label xlink:type="resource" xlink:role="http://www.xbrl.org/2003/role/label" xlink:label="us-gaap_RelatedPartyTransactionsDisclosureTextBlock_lbl" xml:lang="en-US">Related Party Transactions and Certain Other Transactions</label>
    <labelArc xlink:type="arc" xlink:arcrole="http://www.xbrl.org/2003/arcrole/concept-label" xlink:from="us-gaap_RelatedPartyTransactionsDisclosureTextBlock" xlink:to="us-gaap_RelatedPartyTransactionsDisclosureTextBlock_lbl"/>
    <loc xlink:type="locator" xlink:href="http://taxonomies.xbrl.us/us-gaap/2009/elts/us-gaap-2009-01-31.xsd#us-gaap_ResearchAndDevelopmentExpense" xlink:label="us-gaap_ResearchAndDevelopmentExpense"/>
    <label xlink:type="resource" xlink:role="http://www.xbrl.org/2003/role/label" xlink:label="us-gaap_ResearchAndDevelopmentExpense_lbl" xml:lang="en-US">Research and development</label>
    <labelArc xlink:type="arc" xlink:arcrole="http://www.xbrl.org/2003/arcrole/concept-label" xlink:from="us-gaap_ResearchAndDevelopmentExpense" xlink:to="us-gaap_ResearchAndDevelopmentExpense_lbl"/>
    <loc xlink:type="locator" xlink:href="http://taxonomies.xbrl.us/us-gaap/2009/elts/us-gaap-2009-01-31.xsd#us-gaap_RetainedEarningsAccumulatedDeficit" xlink:label="us-gaap_RetainedEarningsAccumulatedDeficit"/>
    <label xlink:type="resource" xlink:role="http://www.xbrl.org/2003/role/label" xlink:label="us-gaap_RetainedEarningsAccumulatedDeficit_lbl" xml:lang="en-US">Retained earnings</label>
    <labelArc xlink:type="arc" xlink:arcrole="http://www.xbrl.org/2003/arcrole/concept-label" xlink:from="us-gaap_RetainedEarningsAccumulatedDeficit" xlink:to="us-gaap_RetainedEarningsAccumulatedDeficit_lbl"/>
    <loc xlink:type="locator" xlink:href="http://taxonomies.xbrl.us/us-gaap/2009/elts/us-gaap-2009-01-31.xsd#us-gaap_SalesRevenueNet" xlink:label="us-gaap_SalesRevenueNet"/>
    <label xlink:type="resource" xlink:role="http://www.xbrl.org/2003/role/label" xlink:label="us-gaap_SalesRevenueNet_lbl" xml:lang="en-US">Net sales</label>
    <labelArc xlink:type="arc" xlink:arcrole="http://www.xbrl.org/2003/arcrole/concept-label" xlink:from="us-gaap_SalesRevenueNet" xlink:to="us-gaap_SalesRevenueNet_lbl"/>
    <loc xlink:type="locator" xlink:href="http://taxonomies.xbrl.us/us-gaap/2009/elts/us-gaap-2009-01-31.xsd#us-gaap_ScheduleOfNewAccountingPronouncementsAndChangesInAccountingPrinciplesTextBlock" xlink:label="us-gaap_ScheduleOfNewAccountingPronouncementsAndChangesInAccountingPrinciplesTextBlock"/>
    <label xlink:type="resource" xlink:role="http://www.xbrl.org/2003/role/label" xlink:label="us-gaap_ScheduleOfNewAccountingPronouncementsAndChangesInAccountingPrinciplesTextBlock_lbl" xml:lang="en-US">Retrospective Adoption of New Accounting Principles</label>
    <labelArc xlink:type="arc" xlink:arcrole="http://www.xbrl.org/2003/arcrole/concept-label" xlink:from="us-gaap_ScheduleOfNewAccountingPronouncementsAndChangesInAccountingPrinciplesTextBlock" xlink:to="us-gaap_ScheduleOfNewAccountingPronouncementsAndChangesInAccountingPrinciplesTextBlock_lbl"/>
    <loc xlink:type="locator" xlink:href="http://taxonomies.xbrl.us/us-gaap/2009/elts/us-gaap-2009-01-31.xsd#us-gaap_SegmentReportingDisclosureTextBlock" xlink:label="us-gaap_SegmentReportingDisclosureTextBlock"/>
    <label xlink:type="resource" xlink:role="http://www.xbrl.org/2003/role/label" xlink:label="us-gaap_SegmentReportingDisclosureTextBlock_lbl" xml:lang="en-US">Segment Information and Geographic Data</label>
    <labelArc xlink:type="arc" xlink:arcrole="http://www.xbrl.org/2003/arcrole/concept-label" xlink:from="us-gaap_SegmentReportingDisclosureTextBlock" xlink:to="us-gaap_SegmentReportingDisclosureTextBlock_lbl"/>
    <loc xlink:type="locator" xlink:href="http://taxonomies.xbrl.us/us-gaap/2009/elts/us-gaap-2009-01-31.xsd#us-gaap_SellingGeneralAndAdministrativeExpense" xlink:label="us-gaap_SellingGeneralAndAdministrativeExpense"/>
    <label xlink:type="resource" xlink:role="http://www.xbrl.org/2003/role/label" xlink:label="us-gaap_SellingGeneralAndAdministrativeExpense_lbl" xml:lang="en-US">Selling, general and administrative</label>
    <labelArc xlink:type="arc" xlink:arcrole="http://www.xbrl.org/2003/arcrole/concept-label" xlink:from="us-gaap_SellingGeneralAndAdministrativeExpense" xlink:to="us-gaap_SellingGeneralAndAdministrativeExpense_lbl"/>
    <loc xlink:type="locator" xlink:href="http://taxonomies.xbrl.us/us-gaap/2009/elts/us-gaap-2009-01-31.xsd#us-gaap_ShareBasedCompensation" xlink:label="us-gaap_ShareBasedCompensation"/>
    <label xlink:type="resource" xlink:role="http://www.xbrl.org/2003/role/label" xlink:label="us-gaap_ShareBasedCompensation_lbl" xml:lang="en-US">Stock-based compensation expense</label>
    <labelArc xlink:type="arc" xlink:arcrole="http://www.xbrl.org/2003/arcrole/concept-label" xlink:from="us-gaap_ShareBasedCompensation" xlink:to="us-gaap_ShareBasedCompensation_lbl"/>
    <loc xlink:type="locator" xlink:href="http://taxonomies.xbrl.us/us-gaap/2009/elts/us-gaap-2009-01-31.xsd#us-gaap_SignificantAccountingPoliciesTextBlock" xlink:label="us-gaap_SignificantAccountingPoliciesTextBlock"/>
    <label xlink:type="resource" xlink:role="http://www.xbrl.org/2003/role/label" xlink:label="us-gaap_SignificantAccountingPoliciesTextBlock_lbl" xml:lang="en-US">Summary of Significant Accounting Policies</label>
    <labelArc xlink:type="arc" xlink:arcrole="http://www.xbrl.org/2003/arcrole/concept-label" xlink:from="us-gaap_SignificantAccountingPoliciesTextBlock" xlink:to="us-gaap_SignificantAccountingPoliciesTextBlock_lbl"/>
    <loc xlink:type="locator" xlink:href="http://taxonomies.xbrl.us/us-gaap/2009/elts/us-gaap-2009-01-31.xsd#us-gaap_StatementLineItems" xlink:label="us-gaap_StatementLineItems"/>
    <label xlink:type="resource" xlink:role="http://www.xbrl.org/2003/role/label" xlink:label="us-gaap_StatementLineItems_lbl" xml:lang="en-US">Statement [Line Items]</label>
    <labelArc xlink:type="arc" xlink:arcrole="http://www.xbrl.org/2003/arcrole/concept-label" xlink:from="us-gaap_StatementLineItems" xlink:to="us-gaap_StatementLineItems_lbl"/>
    <loc xlink:type="locator" xlink:href="http://taxonomies.xbrl.us/us-gaap/2009/elts/us-gaap-2009-01-31.xsd#us-gaap_StatementOfCashFlowsAbstract" xlink:label="us-gaap_StatementOfCashFlowsAbstract"/>
    <label xlink:type="resource" xlink:role="http://www.xbrl.org/2003/role/label" xlink:label="us-gaap_StatementOfCashFlowsAbstract_lbl" xml:lang="en-US">Statement of Cash Flows [Abstract]</label>
    <labelArc xlink:type="arc" xlink:arcrole="http://www.xbrl.org/2003/arcrole/concept-label" xlink:from="us-gaap_StatementOfCashFlowsAbstract" xlink:to="us-gaap_StatementOfCashFlowsAbstract_lbl"/>
    <loc xlink:type="locator" xlink:href="http://taxonomies.xbrl.us/us-gaap/2009/elts/us-gaap-2009-01-31.xsd#us-gaap_StatementOfFinancialPositionAbstract" xlink:label="us-gaap_StatementOfFinancialPositionAbstract"/>
    <label xlink:type="resource" xlink:role="http://www.xbrl.org/2003/role/label" xlink:label="us-gaap_StatementOfFinancialPositionAbstract_lbl" xml:lang="en-US">Statement of Financial Position [Abstract]</label>
    <labelArc xlink:type="arc" xlink:arcrole="http://www.xbrl.org/2003/arcrole/concept-label" xlink:from="us-gaap_StatementOfFinancialPositionAbstract" xlink:to="us-gaap_StatementOfFinancialPositionAbstract_lbl"/>
    <loc xlink:type="locator" xlink:href="http://taxonomies.xbrl.us/us-gaap/2009/elts/us-gaap-2009-01-31.xsd#us-gaap_StatementTable" xlink:label="us-gaap_StatementTable"/>
    <label xlink:type="resource" xlink:role="http://www.xbrl.org/2003/role/label" xlink:label="us-gaap_StatementTable_lbl" xml:lang="en-US">Statement [Table]</label>
    <labelArc xlink:type="arc" xlink:arcrole="http://www.xbrl.org/2003/arcrole/concept-label" xlink:from="us-gaap_StatementTable" xlink:to="us-gaap_StatementTable_lbl"/>
    <loc xlink:type="locator" xlink:href="http://taxonomies.xbrl.us/us-gaap/2009/elts/us-gaap-2009-01-31.xsd#us-gaap_StockholdersEquity" xlink:label="us-gaap_StockholdersEquity"/>
    <label xlink:type="resource" xlink:role="http://www.xbrl.org/2003/role/label" xlink:label="us-gaap_StockholdersEquity_lbl" xml:lang="en-US">Total shareholders' equity</label>
    <label xlink:type="resource" xlink:role="http://www.xbrl.org/2003/role/totalLabel" xlink:label="us-gaap_StockholdersEquity_lbl" xml:lang="en-US">Total shareholders' equity</label>
    <labelArc xlink:type="arc" xlink:arcrole="http://www.xbrl.org/2003/arcrole/concept-label" xlink:from="us-gaap_StockholdersEquity" xlink:to="us-gaap_StockholdersEquity_lbl"/>
    <loc xlink:type="locator" xlink:href="http://taxonomies.xbrl.us/us-gaap/2009/elts/us-gaap-2009-01-31.xsd#us-gaap_StockholdersEquityAbstract" xlink:label="us-gaap_StockholdersEquityAbstract"/>
    <label xlink:type="resource" xlink:role="http://www.xbrl.org/2003/role/label" xlink:label="us-gaap_StockholdersEquityAbstract_lbl" xml:lang="en-US">Shareholders' equity:</label>
    <labelArc xlink:type="arc" xlink:arcrole="http://www.xbrl.org/2003/arcrole/concept-label" xlink:from="us-gaap_StockholdersEquityAbstract" xlink:to="us-gaap_StockholdersEquityAbstract_lbl"/>
    <loc xlink:type="locator" xlink:href="aapl-20091226.xsd#aapl_StockholdersEquityAndStockBasedCompensationDisclosureTextBlock" xlink:label="aapl_StockholdersEquityAndStockBasedCompensationDisclosureTextBlock"/>
    <label xlink:type="resource" xlink:role="http://www.xbrl.org/2003/role/documentation" xlink:label="aapl_StockholdersEquityAndStockBasedCompensationDisclosureTextBlock_lbl" xml:lang="en-US">Disclosures related to accounts comprising shareholders' equity, including other comprehensive income. Includes: (1) balances of common stock, preferred stock, other capital and retained earnings; (2) accumulated balance for each classification of other comprehensive income and total amount of comprehensive income; (3) amount and nature of changes in separate accounts, including the number of shares authorized and outstanding, number of shares issued upon exercise and conversion, and for other comprehensive income, the adjustments for reclassifications to net income; (4) rights and privileges of each class of stock authorized; and (5) impact of change in accounting principle, initial adoption of new accounting principle and correction of an error in previously issued financial statements. Disclosure also includes compensation-related costs for share-based compensation, which may include disclosure of policies, compensation plan details, allocation of stock compensation, incentive distributions, share-based arrangements to obtain goods and services, deferred compensation arrangements, and employee stock purchase plan details.</label>
    <label xlink:type="resource" xlink:role="http://www.xbrl.org/2003/role/label" xlink:label="aapl_StockholdersEquityAndStockBasedCompensationDisclosureTextBlock_lbl" xml:lang="en-US">Shareholders' Equity and Stock-Based Compensation</label>
    <labelArc xlink:type="arc" xlink:arcrole="http://www.xbrl.org/2003/arcrole/concept-label" xlink:from="aapl_StockholdersEquityAndStockBasedCompensationDisclosureTextBlock" xlink:to="aapl_StockholdersEquityAndStockBasedCompensationDisclosureTextBlock_lbl"/>
    <loc xlink:type="locator" xlink:href="http://taxonomies.xbrl.us/us-gaap/2009/elts/us-gaap-2009-01-31.xsd#us-gaap_SupplementalCashFlowInformationAbstract" xlink:label="us-gaap_SupplementalCashFlowInformationAbstract"/>
    <label xlink:type="resource" xlink:role="http://www.xbrl.org/2003/role/label" xlink:label="us-gaap_SupplementalCashFlowInformationAbstract_lbl" xml:lang="en-US">Supplemental cash flow disclosure:</label>
    <labelArc xlink:type="arc" xlink:arcrole="http://www.xbrl.org/2003/arcrole/concept-label" xlink:from="us-gaap_SupplementalCashFlowInformationAbstract" xlink:to="us-gaap_SupplementalCashFlowInformationAbstract_lbl"/>
    <loc xlink:type="locator" xlink:href="http://taxonomies.xbrl.us/us-gaap/2009/non-gaap/dei-2009-01-31.xsd#dei_TradingSymbol" xlink:label="dei_TradingSymbol"/>
    <label xlink:type="resource" xlink:role="http://www.xbrl.org/2003/role/label" xlink:label="dei_TradingSymbol_lbl" xml:lang="en-US">Trading Symbol</label>
    <labelArc xlink:type="arc" xlink:arcrole="http://www.xbrl.org/2003/arcrole/concept-label" xlink:from="dei_TradingSymbol" xlink:to="dei_TradingSymbol_lbl"/>
    <loc xlink:type="locator" xlink:href="http://taxonomies.xbrl.us/us-gaap/2009/elts/us-gaap-2009-01-31.xsd#us-gaap_WeightedAverageNumberOfDilutedSharesOutstanding" xlink:label="us-gaap_WeightedAverageNumberOfDilutedSharesOutstanding"/>
    <label xlink:type="resource" xlink:role="http://www.xbrl.org/2003/role/label" xlink:label="us-gaap_WeightedAverageNumberOfDilutedSharesOutstanding_lbl" xml:lang="en-US">Weighted Average Number of Shares Outstanding, Diluted</label>
    <label xlink:type="resource" xlink:role="http://www.xbrl.org/2003/role/verboseLabel" xlink:label="us-gaap_WeightedAverageNumberOfDilutedSharesOutstanding_lbl" xml:lang="en-US">Diluted</label>
    <labelArc xlink:type="arc" xlink:arcrole="http://www.xbrl.org/2003/arcrole/concept-label" xlink:from="us-gaap_WeightedAverageNumberOfDilutedSharesOutstanding" xlink:to="us-gaap_WeightedAverageNumberOfDilutedSharesOutstanding_lbl"/>
    <loc xlink:type="locator" xlink:href="http://taxonomies.xbrl.us/us-gaap/2009/elts/us-gaap-2009-01-31.xsd#us-gaap_WeightedAverageNumberOfSharesOutstandingAbstract" xlink:label="us-gaap_WeightedAverageNumberOfSharesOutstandingAbstract"/>
    <label xlink:type="resource" xlink:role="http://www.xbrl.org/2003/role/label" xlink:label="us-gaap_WeightedAverageNumberOfSharesOutstandingAbstract_lbl" xml:lang="en-US">Shares used in computing earnings per share:</label>
    <labelArc xlink:type="arc" xlink:arcrole="http://www.xbrl.org/2003/arcrole/concept-label" xlink:from="us-gaap_WeightedAverageNumberOfSharesOutstandingAbstract" xlink:to="us-gaap_WeightedAverageNumberOfSharesOutstandingAbstract_lbl"/>
    <loc xlink:type="locator" xlink:href="http://taxonomies.xbrl.us/us-gaap/2009/elts/us-gaap-2009-01-31.xsd#us-gaap_WeightedAverageNumberOfSharesOutstandingBasic" xlink:label="us-gaap_WeightedAverageNumberOfSharesOutstandingBasic"/>
    <label xlink:type="resource" xlink:role="http://www.xbrl.org/2003/role/label" xlink:label="us-gaap_WeightedAverageNumberOfSharesOutstandingBasic_lbl" xml:lang="en-US">Weighted Average Number of Shares Outstanding, Basic</label>
    <label xlink:type="resource" xlink:role="http://www.xbrl.org/2003/role/verboseLabel" xlink:label="us-gaap_WeightedAverageNumberOfSharesOutstandingBasic_lbl" xml:lang="en-US">Basic</label>
    <labelArc xlink:type="arc" xlink:arcrole="http://www.xbrl.org/2003/arcrole/concept-label" xlink:from="us-gaap_WeightedAverageNumberOfSharesOutstandingBasic" xlink:to="us-gaap_WeightedAverageNumberOfSharesOutstandingBasic_lbl"/>
  </labelLink>
</linkbase>
