<DefinitionAndReference>
  <Element Id="us-gaap_NonoperatingIncomeExpense">
    <definition>No authoritative reference available.</definition>
    <reference>No authoritative reference available.</reference>
  </Element>
  <Element Id="us-gaap_DepreciationAmortizationAndAccretionNet">
    <definition>No authoritative reference available.</definition>
    <reference>No authoritative reference available.</reference>
  </Element>
  <Element Id="us-gaap_AllowanceForDoubtfulAccountsReceivableCurrent">
    <definition>No authoritative reference available.</definition>
    <reference>No authoritative reference available.</reference>
  </Element>
  <Element Id="us-gaap_DeferredTaxAssetsNetCurrent">
    <definition>No authoritative reference available.</definition>
    <reference>No authoritative reference available.</reference>
  </Element>
  <Element Id="us-gaap_IncreaseDecreaseInOtherOperatingAssets">
    <definition>No authoritative reference available.</definition>
    <reference>No authoritative reference available.</reference>
  </Element>
  <Element Id="us-gaap_IncreaseDecreaseInAccountsPayable">
    <definition>No authoritative reference available.</definition>
    <reference>No authoritative reference available.</reference>
  </Element>
  <Element Id="us-gaap_ProceedsFromSaleOfAvailableForSaleSecurities">
    <definition>No authoritative reference available.</definition>
    <reference>No authoritative reference available.</reference>
  </Element>
  <Element Id="us-gaap_OtherLiabilitiesNoncurrent">
    <definition>No authoritative reference available.</definition>
    <reference>No authoritative reference available.</reference>
  </Element>
  <Element Id="us-gaap_DeferredRevenueCurrent">
    <definition>No authoritative reference available.</definition>
    <reference>No authoritative reference available.</reference>
  </Element>
  <Element Id="us-gaap_ProceedsFromMaturitiesPrepaymentsAndCallsOfAvailableForSaleSecurities">
    <definition>No authoritative reference available.</definition>
    <reference>No authoritative reference available.</reference>
  </Element>
  <Element Id="us-gaap_NetCashProvidedByUsedInFinancingActivities">
    <definition>No authoritative reference available.</definition>
    <reference>No authoritative reference available.</reference>
  </Element>
  <Element Id="us-gaap_IncreaseDecreaseInDeferredRevenue">
    <definition>No authoritative reference available.</definition>
    <reference>No authoritative reference available.</reference>
  </Element>
  <Element Id="us-gaap_PaymentsToAcquireIntangibleAssets">
    <definition>No authoritative reference available.</definition>
    <reference>No authoritative reference available.</reference>
  </Element>
  <Element Id="us-gaap_CommonStockSharesOutstanding">
    <definition>No authoritative reference available.</definition>
    <reference>No authoritative reference available.</reference>
  </Element>
  <Element Id="us-gaap_LiabilitiesCurrent">
    <definition>No authoritative reference available.</definition>
    <reference>No authoritative reference available.</reference>
  </Element>
  <Element Id="us-gaap_AccountsPayableCurrent">
    <definition>No authoritative reference available.</definition>
    <reference>No authoritative reference available.</reference>
  </Element>
  <Element Id="dei_TradingSymbol">
    <definition>No authoritative reference available.</definition>
    <reference>No authoritative reference available.</reference>
  </Element>
  <Element Id="us-gaap_AccumulatedOtherComprehensiveIncomeLossNetOfTax">
    <definition>No authoritative reference available.</definition>
    <reference>No authoritative reference available.</reference>
  </Element>
  <Element Id="dei_EntityRegistrantName">
    <definition>No authoritative reference available.</definition>
    <reference>No authoritative reference available.</reference>
  </Element>
  <Element Id="us-gaap_DeferredIncomeTaxExpenseBenefit">
    <definition>No authoritative reference available.</definition>
    <reference>No authoritative reference available.</reference>
  </Element>
  <Element Id="dei_EntityCentralIndexKey">
    <definition>No authoritative reference available.</definition>
    <reference>No authoritative reference available.</reference>
  </Element>
  <Element Id="us-gaap_IncomeLossFromContinuingOperationsBeforeIncomeTaxesMinorityInterestAndIncomeLossFromEquityMethodInvestments">
    <definition>No authoritative reference available.</definition>
    <reference>No authoritative reference available.</reference>
  </Element>
  <Element Id="us-gaap_IncomeTaxesPaidNet">
    <definition>No authoritative reference available.</definition>
    <reference>No authoritative reference available.</reference>
  </Element>
  <Element Id="aapl_PropertyPlantAndEquipmentAndCapitalizedSoftwareNet">
    <definition>Tangible assets that are held by an entity for use in the production or supply of goods and services, for rental to others, or for administrative purposes and that are expected to provide economic benefit for more than one year; net of accumulated depreciation. Examples include land, buildings, and production equipment. Also includes software programs or applications for internal use (that is, not to be sold, leased or otherwise marketed to others) that qualify for capitalization.</definition>
    <reference>No authoritative reference available.</reference>
  </Element>
  <Element Id="us-gaap_GainLossOnSaleOfPropertyPlantEquipment">
    <definition>No authoritative reference available.</definition>
    <reference>No authoritative reference available.</reference>
  </Element>
  <Element Id="us-gaap_SegmentReportingDisclosureTextBlock">
    <definition>No authoritative reference available.</definition>
    <reference>No authoritative reference available.</reference>
  </Element>
  <Element Id="us-gaap_GrossProfit">
    <definition>No authoritative reference available.</definition>
    <reference>No authoritative reference available.</reference>
  </Element>
  <Element Id="us-gaap_StockholdersEquity">
    <definition>No authoritative reference available.</definition>
    <reference>No authoritative reference available.</reference>
  </Element>
  <Element Id="us-gaap_IncreaseDecreaseInInventories">
    <definition>No authoritative reference available.</definition>
    <reference>No authoritative reference available.</reference>
  </Element>
  <Element Id="us-gaap_ResearchAndDevelopmentExpense">
    <definition>No authoritative reference available.</definition>
    <reference>No authoritative reference available.</reference>
  </Element>
  <Element Id="aapl_StockholdersEquityAndStockBasedCompensationDisclosureTextBlock">
    <definition>Disclosures related to accounts comprising shareholders' equity, including other comprehensive income. Includes: (1) balances of common stock, preferred stock, other capital and retained earnings; (2) accumulated balance for each classification of other comprehensive income and total amount of comprehensive income; (3) amount and nature of changes in separate accounts, including the number of shares authorized and outstanding, number of shares issued upon exercise and conversion, and for other comprehensive income, the adjustments for reclassifications to net income; (4) rights and privileges of each class of stock authorized; and (5) impact of change in accounting principle, initial adoption of new accounting principle and correction of an error in previously issued financial statements. Disclosure also includes compensation-related costs for share-based compensation, which may include disclosure of policies, compensation plan details, allocation of stock compensation, incentive distributions, share-based arrangements to obtain goods and services, deferred compensation arrangements, and employee stock purchase plan details.</definition>
    <reference>No authoritative reference available.</reference>
  </Element>
  <Element Id="us-gaap_Goodwill">
    <definition>No authoritative reference available.</definition>
    <reference>No authoritative reference available.</reference>
  </Element>
  <Element Id="us-gaap_PaymentsToAcquireOtherInvestments">
    <definition>No authoritative reference available.</definition>
    <reference>No authoritative reference available.</reference>
  </Element>
  <Element Id="dei_AmendmentFlag">
    <definition>No authoritative reference available.</definition>
    <reference>No authoritative reference available.</reference>
  </Element>
  <Element Id="us-gaap_CashAndCashEquivalentsAtCarryingValue">
    <definition>No authoritative reference available.</definition>
    <reference>No authoritative reference available.</reference>
  </Element>
  <Element Id="us-gaap_RelatedPartyTransactionsDisclosureTextBlock">
    <definition>No authoritative reference available.</definition>
    <reference>No authoritative reference available.</reference>
  </Element>
  <Element Id="us-gaap_CommonStockSharesIssued">
    <definition>No authoritative reference available.</definition>
    <reference>No authoritative reference available.</reference>
  </Element>
  <Element Id="us-gaap_SalesRevenueNet">
    <definition>No authoritative reference available.</definition>
    <reference>No authoritative reference available.</reference>
  </Element>
  <Element Id="us-gaap_WeightedAverageNumberOfSharesOutstandingBasic">
    <definition>No authoritative reference available.</definition>
    <reference>No authoritative reference available.</reference>
  </Element>
  <Element Id="us-gaap_EarningsPerShareBasic">
    <definition>No authoritative reference available.</definition>
    <reference>No authoritative reference available.</reference>
  </Element>
  <Element Id="us-gaap_OperatingExpenses">
    <definition>No authoritative reference available.</definition>
    <reference>No authoritative reference available.</reference>
  </Element>
  <Element Id="us-gaap_Liabilities">
    <definition>No authoritative reference available.</definition>
    <reference>No authoritative reference available.</reference>
  </Element>
  <Element Id="us-gaap_EmployeeServiceShareBasedCompensationCashFlowEffectCashUsedToSettleAwards">
    <definition>No authoritative reference available.</definition>
    <reference>No authoritative reference available.</reference>
  </Element>
  <Element Id="us-gaap_NetIncomeLoss">
    <definition>No authoritative reference available.</definition>
    <reference>No authoritative reference available.</reference>
  </Element>
  <Element Id="us-gaap_IncomeTaxDisclosureTextBlock">
    <definition>No authoritative reference available.</definition>
    <reference>No authoritative reference available.</reference>
  </Element>
  <Element Id="us-gaap_CommonStockSharesAuthorized">
    <definition>No authoritative reference available.</definition>
    <reference>No authoritative reference available.</reference>
  </Element>
  <Element Id="us-gaap_NetCashProvidedByUsedInOperatingActivities">
    <definition>No authoritative reference available.</definition>
    <reference>No authoritative reference available.</reference>
  </Element>
  <Element Id="us-gaap_IncreaseDecreaseInOtherOperatingLiabilities">
    <definition>No authoritative reference available.</definition>
    <reference>No authoritative reference available.</reference>
  </Element>
  <Element Id="dei_EntityCommonStockSharesOutstanding">
    <definition>No authoritative reference available.</definition>
    <reference>No authoritative reference available.</reference>
  </Element>
  <Element Id="us-gaap_EarningsPerShareDiluted">
    <definition>No authoritative reference available.</definition>
    <reference>No authoritative reference available.</reference>
  </Element>
  <Element Id="us-gaap_CashAndCashEquivalentsPeriodIncreaseDecrease">
    <definition>No authoritative reference available.</definition>
    <reference>No authoritative reference available.</reference>
  </Element>
  <Element Id="us-gaap_RetainedEarningsAccumulatedDeficit">
    <definition>No authoritative reference available.</definition>
    <reference>No authoritative reference available.</reference>
  </Element>
  <Element Id="us-gaap_CostOfGoodsAndServicesSold">
    <definition>No authoritative reference available.</definition>
    <reference>No authoritative reference available.</reference>
  </Element>
  <Element Id="us-gaap_ScheduleOfNewAccountingPronouncementsAndChangesInAccountingPrinciplesTextBlock">
    <definition>No authoritative reference available.</definition>
    <reference>No authoritative reference available.</reference>
  </Element>
  <Element Id="us-gaap_AccountsReceivableNetCurrent">
    <definition>No authoritative reference available.</definition>
    <reference>No authoritative reference available.</reference>
  </Element>
  <Element Id="aapl_IncreaseDecreaseOtherCurrentAssets">
    <definition>The net change during the reporting period in other current assets.</definition>
    <reference>No authoritative reference available.</reference>
  </Element>
  <Element Id="dei_CurrentFiscalYearEndDate">
    <definition>No authoritative reference available.</definition>
    <reference>No authoritative reference available.</reference>
  </Element>
  <Element Id="dei_EntityFilerCategory">
    <definition>No authoritative reference available.</definition>
    <reference>No authoritative reference available.</reference>
  </Element>
  <Element Id="us-gaap_AvailableForSaleSecuritiesCurrent">
    <definition>No authoritative reference available.</definition>
    <reference>No authoritative reference available.</reference>
  </Element>
  <Element Id="us-gaap_OperatingIncomeLoss">
    <definition>No authoritative reference available.</definition>
    <reference>No authoritative reference available.</reference>
  </Element>
  <Element Id="us-gaap_CommonStockValue">
    <definition>No authoritative reference available.</definition>
    <reference>No authoritative reference available.</reference>
  </Element>
  <Element Id="us-gaap_AccruedLiabilitiesCurrent">
    <definition>No authoritative reference available.</definition>
    <reference>No authoritative reference available.</reference>
  </Element>
  <Element Id="us-gaap_CommonStockNoParValue">
    <definition>No authoritative reference available.</definition>
    <reference>No authoritative reference available.</reference>
  </Element>
  <Element Id="us-gaap_ExcessTaxBenefitFromShareBasedCompensationFinancingActivities">
    <definition>No authoritative reference available.</definition>
    <reference>No authoritative reference available.</reference>
  </Element>
  <Element Id="us-gaap_NetCashProvidedByUsedInInvestingActivities">
    <definition>No authoritative reference available.</definition>
    <reference>No authoritative reference available.</reference>
  </Element>
  <Element Id="aapl_FinancialInstrumentsTextBlock">
    <definition>This item includes disclosure on (1) cash and cash equivalents, which may include the types of deposits and money market instruments, applicable carrying amounts, restricted amounts and compensating balance arrangements; (2) available-for-sale securities, which consist of all investments in certain debt and equity securities neither classified as trading or held-to-maturity securities; (3) derivative instruments and hedging activities, which include descriptions of risk management strategies, derivatives in hedging activities and nonhedging derivative instruments, the assets, obligations, liabilities, revenues and expenses arising therefrom, and the amounts of and methodologies and assumptions used in determining the amounts of such items; and (4) other financial instruments.</definition>
    <reference>No authoritative reference available.</reference>
  </Element>
  <Element Id="us-gaap_Assets">
    <definition>No authoritative reference available.</definition>
    <reference>No authoritative reference available.</reference>
  </Element>
  <Element Id="dei_DocumentType">
    <definition>No authoritative reference available.</definition>
    <reference>No authoritative reference available.</reference>
  </Element>
  <Element Id="us-gaap_OtherAssetsNoncurrent">
    <definition>No authoritative reference available.</definition>
    <reference>No authoritative reference available.</reference>
  </Element>
  <Element Id="aapl_DetailsOfCertainBalanceSheetAccountsDisclosureTextBlock">
    <definition>Disclosure includes additional financial statement details for certain financial statement categories within the consolidated financial statements.</definition>
    <reference>No authoritative reference available.</reference>
  </Element>
  <Element Id="us-gaap_FairValueMeasurementInputsDisclosureTextBlock">
    <definition>No authoritative reference available.</definition>
    <reference>No authoritative reference available.</reference>
  </Element>
  <Element Id="us-gaap_CommitmentsAndContingenciesDisclosureTextBlock">
    <definition>No authoritative reference available.</definition>
    <reference>No authoritative reference available.</reference>
  </Element>
  <Element Id="us-gaap_IncreaseDecreaseInAccountsReceivable">
    <definition>No authoritative reference available.</definition>
    <reference>No authoritative reference available.</reference>
  </Element>
  <Element Id="us-gaap_IncomeTaxExpenseBenefit">
    <definition>No authoritative reference available.</definition>
    <reference>No authoritative reference available.</reference>
  </Element>
  <Element Id="us-gaap_ProceedsFromIssuanceOfCommonStock">
    <definition>No authoritative reference available.</definition>
    <reference>No authoritative reference available.</reference>
  </Element>
  <Element Id="us-gaap_InventoryNet">
    <definition>No authoritative reference available.</definition>
    <reference>No authoritative reference available.</reference>
  </Element>
  <Element Id="us-gaap_PaymentsForProceedsFromOtherInvestingActivities">
    <definition>No authoritative reference available.</definition>
    <reference>No authoritative reference available.</reference>
  </Element>
  <Element Id="us-gaap_DeferredRevenueNoncurrent">
    <definition>No authoritative reference available.</definition>
    <reference>No authoritative reference available.</reference>
  </Element>
  <Element Id="us-gaap_AvailableForSaleSecuritiesNoncurrent">
    <definition>No authoritative reference available.</definition>
    <reference>No authoritative reference available.</reference>
  </Element>
  <Element Id="us-gaap_IntangibleAssetsNetExcludingGoodwill">
    <definition>No authoritative reference available.</definition>
    <reference>No authoritative reference available.</reference>
  </Element>
  <Element Id="us-gaap_OtherAssetsCurrent">
    <definition>No authoritative reference available.</definition>
    <reference>No authoritative reference available.</reference>
  </Element>
  <Element Id="us-gaap_PaymentsToAcquireProductiveAssets">
    <definition>No authoritative reference available.</definition>
    <reference>No authoritative reference available.</reference>
  </Element>
  <Element Id="us-gaap_LiabilitiesAndStockholdersEquity">
    <definition>No authoritative reference available.</definition>
    <reference>No authoritative reference available.</reference>
  </Element>
  <Element Id="us-gaap_ShareBasedCompensation">
    <definition>No authoritative reference available.</definition>
    <reference>No authoritative reference available.</reference>
  </Element>
  <Element Id="us-gaap_SellingGeneralAndAdministrativeExpense">
    <definition>No authoritative reference available.</definition>
    <reference>No authoritative reference available.</reference>
  </Element>
  <Element Id="us-gaap_WeightedAverageNumberOfDilutedSharesOutstanding">
    <definition>No authoritative reference available.</definition>
    <reference>No authoritative reference available.</reference>
  </Element>
  <Element Id="us-gaap_AssetsCurrent">
    <definition>No authoritative reference available.</definition>
    <reference>No authoritative reference available.</reference>
  </Element>
  <Element Id="us-gaap_CommitmentsAndContingencies2009">
    <definition>No authoritative reference available.</definition>
    <reference>No authoritative reference available.</reference>
  </Element>
  <Element Id="us-gaap_PaymentsToAcquireAvailableForSaleSecurities">
    <definition>No authoritative reference available.</definition>
    <reference>No authoritative reference available.</reference>
  </Element>
  <Element Id="dei_DocumentPeriodEndDate">
    <definition>No authoritative reference available.</definition>
    <reference>No authoritative reference available.</reference>
  </Element>
  <Element Id="us-gaap_SignificantAccountingPoliciesTextBlock">
    <definition>No authoritative reference available.</definition>
    <reference>No authoritative reference available.</reference>
  </Element>
</DefinitionAndReference>
