<?xml version="1.0" encoding="US-ASCII"?>
<!--XBRL Document Created with Wdesk from Workiva-->
<!-- -->
<link:linkbase xsi:schemaLocation="http://www.xbrl.org/2003/linkbase http://www.xbrl.org/2003/xbrl-linkbase-2003-12-31.xsd" xmlns:link="http://www.xbrl.org/2003/linkbase" xmlns:xlink="http://www.w3.org/1999/xlink" xmlns:xsi="http://www.w3.org/2001/XMLSchema-instance">
  <link:roleRef roleURI="http://www.apple.com/role/AcquiredIntangibleAssets" xlink:href="aapl-20170401.xsd#AcquiredIntangibleAssets" xlink:type="simple" />
  <link:roleRef roleURI="http://www.apple.com/role/AcquiredIntangibleAssetsComponentsOfGrossAndNetIntangibleAssetBalancesDetails" xlink:href="aapl-20170401.xsd#AcquiredIntangibleAssetsComponentsOfGrossAndNetIntangibleAssetBalancesDetails" xlink:type="simple" />
  <link:roleRef roleURI="http://www.apple.com/role/AcquiredIntangibleAssetsComponentsOfGrossAndNetIntangibleAssetBalancesDetailsCalc2" xlink:href="aapl-20170401.xsd#AcquiredIntangibleAssetsComponentsOfGrossAndNetIntangibleAssetBalancesDetailsCalc2" xlink:type="simple" />
  <link:roleRef roleURI="http://www.apple.com/role/AcquiredIntangibleAssetsTables" xlink:href="aapl-20170401.xsd#AcquiredIntangibleAssetsTables" xlink:type="simple" />
  <link:roleRef roleURI="http://www.apple.com/role/BenefitPlans" xlink:href="aapl-20170401.xsd#BenefitPlans" xlink:type="simple" />
  <link:roleRef roleURI="http://www.apple.com/role/BenefitPlansAdditionalInformationDetails" xlink:href="aapl-20170401.xsd#BenefitPlansAdditionalInformationDetails" xlink:type="simple" />
  <link:roleRef roleURI="http://www.apple.com/role/BenefitPlansRestrictedStockUnitsActivityAndRelatedInformationDetails" xlink:href="aapl-20170401.xsd#BenefitPlansRestrictedStockUnitsActivityAndRelatedInformationDetails" xlink:type="simple" />
  <link:roleRef roleURI="http://www.apple.com/role/BenefitPlansSummaryOfShareBasedCompensationExpenseDetails" xlink:href="aapl-20170401.xsd#BenefitPlansSummaryOfShareBasedCompensationExpenseDetails" xlink:type="simple" />
  <link:roleRef roleURI="http://www.apple.com/role/BenefitPlansTables" xlink:href="aapl-20170401.xsd#BenefitPlansTables" xlink:type="simple" />
  <link:roleRef roleURI="http://www.apple.com/role/CommitmentsAndContingencies" xlink:href="aapl-20170401.xsd#CommitmentsAndContingencies" xlink:type="simple" />
  <link:roleRef roleURI="http://www.apple.com/role/CommitmentsAndContingenciesAdditionalInformationDetails" xlink:href="aapl-20170401.xsd#CommitmentsAndContingenciesAdditionalInformationDetails" xlink:type="simple" />
  <link:roleRef roleURI="http://www.apple.com/role/CommitmentsAndContingenciesChangesInAccruedWarrantiesAndRelatedCostsDetails" xlink:href="aapl-20170401.xsd#CommitmentsAndContingenciesChangesInAccruedWarrantiesAndRelatedCostsDetails" xlink:type="simple" />
  <link:roleRef roleURI="http://www.apple.com/role/CommitmentsAndContingenciesTables" xlink:href="aapl-20170401.xsd#CommitmentsAndContingenciesTables" xlink:type="simple" />
  <link:roleRef roleURI="http://www.apple.com/role/ComprehensiveIncome" xlink:href="aapl-20170401.xsd#ComprehensiveIncome" xlink:type="simple" />
  <link:roleRef roleURI="http://www.apple.com/role/ComprehensiveIncomeChangeInAociByComponentDetails" xlink:href="aapl-20170401.xsd#ComprehensiveIncomeChangeInAociByComponentDetails" xlink:type="simple" />
  <link:roleRef roleURI="http://www.apple.com/role/ComprehensiveIncomePreTaxAmountsReclassifiedFromAociIntoCondensedConsolidatedStatementsOfOperationsDetails" xlink:href="aapl-20170401.xsd#ComprehensiveIncomePreTaxAmountsReclassifiedFromAociIntoCondensedConsolidatedStatementsOfOperationsDetails" xlink:type="simple" />
  <link:roleRef roleURI="http://www.apple.com/role/ComprehensiveIncomeTables" xlink:href="aapl-20170401.xsd#ComprehensiveIncomeTables" xlink:type="simple" />
  <link:roleRef roleURI="http://www.apple.com/role/CondensedConsolidatedBalanceSheetsUnaudited" xlink:href="aapl-20170401.xsd#CondensedConsolidatedBalanceSheetsUnaudited" xlink:type="simple" />
  <link:roleRef roleURI="http://www.apple.com/role/CondensedConsolidatedBalanceSheetsUnauditedParenthetical" xlink:href="aapl-20170401.xsd#CondensedConsolidatedBalanceSheetsUnauditedParenthetical" xlink:type="simple" />
  <link:roleRef roleURI="http://www.apple.com/role/CondensedConsolidatedFinancialStatementDetails" xlink:href="aapl-20170401.xsd#CondensedConsolidatedFinancialStatementDetails" xlink:type="simple" />
  <link:roleRef roleURI="http://www.apple.com/role/CondensedConsolidatedFinancialStatementDetailsOtherIncomeExpenseNetDetails" xlink:href="aapl-20170401.xsd#CondensedConsolidatedFinancialStatementDetailsOtherIncomeExpenseNetDetails" xlink:type="simple" />
  <link:roleRef roleURI="http://www.apple.com/role/CondensedConsolidatedFinancialStatementDetailsOtherNonCurrentLiabilitiesDetails" xlink:href="aapl-20170401.xsd#CondensedConsolidatedFinancialStatementDetailsOtherNonCurrentLiabilitiesDetails" xlink:type="simple" />
  <link:roleRef roleURI="http://www.apple.com/role/CondensedConsolidatedFinancialStatementDetailsPropertyPlantAndEquipmentNetDetails" xlink:href="aapl-20170401.xsd#CondensedConsolidatedFinancialStatementDetailsPropertyPlantAndEquipmentNetDetails" xlink:type="simple" />
  <link:roleRef roleURI="http://www.apple.com/role/CondensedConsolidatedFinancialStatementDetailsTables" xlink:href="aapl-20170401.xsd#CondensedConsolidatedFinancialStatementDetailsTables" xlink:type="simple" />
  <link:roleRef roleURI="http://www.apple.com/role/CondensedConsolidatedStatementsOfCashFlowsUnaudited" xlink:href="aapl-20170401.xsd#CondensedConsolidatedStatementsOfCashFlowsUnaudited" xlink:type="simple" />
  <link:roleRef roleURI="http://www.apple.com/role/CondensedConsolidatedStatementsOfComprehensiveIncomeUnaudited" xlink:href="aapl-20170401.xsd#CondensedConsolidatedStatementsOfComprehensiveIncomeUnaudited" xlink:type="simple" />
  <link:roleRef roleURI="http://www.apple.com/role/CondensedConsolidatedStatementsOfComprehensiveIncomeUnauditedParenthetical" xlink:href="aapl-20170401.xsd#CondensedConsolidatedStatementsOfComprehensiveIncomeUnauditedParenthetical" xlink:type="simple" />
  <link:roleRef roleURI="http://www.apple.com/role/CondensedConsolidatedStatementsOfOperationsUnaudited" xlink:href="aapl-20170401.xsd#CondensedConsolidatedStatementsOfOperationsUnaudited" xlink:type="simple" />
  <link:roleRef roleURI="http://www.apple.com/role/Debt" xlink:href="aapl-20170401.xsd#Debt" xlink:type="simple" />
  <link:roleRef roleURI="http://www.apple.com/role/DebtAdditionalInformationDetails" xlink:href="aapl-20170401.xsd#DebtAdditionalInformationDetails" xlink:type="simple" />
  <link:roleRef roleURI="http://www.apple.com/role/DebtSummaryOfCashFlowsAssociatedWithCommercialPaperDetails" xlink:href="aapl-20170401.xsd#DebtSummaryOfCashFlowsAssociatedWithCommercialPaperDetails" xlink:type="simple" />
  <link:roleRef roleURI="http://www.apple.com/role/DebtSummaryOfTermDebtDetails" xlink:href="aapl-20170401.xsd#DebtSummaryOfTermDebtDetails" xlink:type="simple" />
  <link:roleRef roleURI="http://www.apple.com/role/DebtTables" xlink:href="aapl-20170401.xsd#DebtTables" xlink:type="simple" />
  <link:roleRef roleURI="http://www.apple.com/role/DocumentAndEntityInformation" xlink:href="aapl-20170401.xsd#DocumentAndEntityInformation" xlink:type="simple" />
  <link:roleRef roleURI="http://www.apple.com/role/FinancialInstruments" xlink:href="aapl-20170401.xsd#FinancialInstruments" xlink:type="simple" />
  <link:roleRef roleURI="http://www.apple.com/role/FinancialInstrumentsAdditionalInformationDetails" xlink:href="aapl-20170401.xsd#FinancialInstrumentsAdditionalInformationDetails" xlink:type="simple" />
  <link:roleRef roleURI="http://www.apple.com/role/FinancialInstrumentsCashCashEquivalentsAndMarketableSecuritiesDetails" xlink:href="aapl-20170401.xsd#FinancialInstrumentsCashCashEquivalentsAndMarketableSecuritiesDetails" xlink:type="simple" />
  <link:roleRef roleURI="http://www.apple.com/role/FinancialInstrumentsDerivativeInstrumentsAtGrossFairValueDetails" xlink:href="aapl-20170401.xsd#FinancialInstrumentsDerivativeInstrumentsAtGrossFairValueDetails" xlink:type="simple" />
  <link:roleRef roleURI="http://www.apple.com/role/FinancialInstrumentsNotionalAmountsAndCreditRiskAmountsAssociatedWithDerivativeInstrumentsDetails" xlink:href="aapl-20170401.xsd#FinancialInstrumentsNotionalAmountsAndCreditRiskAmountsAssociatedWithDerivativeInstrumentsDetails" xlink:type="simple" />
  <link:roleRef roleURI="http://www.apple.com/role/FinancialInstrumentsPreTaxGainsAndLossesOfDerivativeAndNonDerivativeInstrumentsDesignatedAsHedgesDetails" xlink:href="aapl-20170401.xsd#FinancialInstrumentsPreTaxGainsAndLossesOfDerivativeAndNonDerivativeInstrumentsDesignatedAsHedgesDetails" xlink:type="simple" />
  <link:roleRef roleURI="http://www.apple.com/role/FinancialInstrumentsTables" xlink:href="aapl-20170401.xsd#FinancialInstrumentsTables" xlink:type="simple" />
  <link:roleRef roleURI="http://www.apple.com/role/IncomeTaxes" xlink:href="aapl-20170401.xsd#IncomeTaxes" xlink:type="simple" />
  <link:roleRef roleURI="http://www.apple.com/role/IncomeTaxesAdditionalInformationDetails" xlink:href="aapl-20170401.xsd#IncomeTaxesAdditionalInformationDetails" xlink:type="simple" />
  <link:roleRef roleURI="http://www.apple.com/role/SegmentInformationAndGeographicData" xlink:href="aapl-20170401.xsd#SegmentInformationAndGeographicData" xlink:type="simple" />
  <link:roleRef roleURI="http://www.apple.com/role/SegmentInformationAndGeographicDataReconciliationOfSegmentOperatingIncomeToCondensedConsolidatedStatementsOfOperationsDetails" xlink:href="aapl-20170401.xsd#SegmentInformationAndGeographicDataReconciliationOfSegmentOperatingIncomeToCondensedConsolidatedStatementsOfOperationsDetails" xlink:type="simple" />
  <link:roleRef roleURI="http://www.apple.com/role/SegmentInformationAndGeographicDataSummaryInformationByOperatingSegmentDetails" xlink:href="aapl-20170401.xsd#SegmentInformationAndGeographicDataSummaryInformationByOperatingSegmentDetails" xlink:type="simple" />
  <link:roleRef roleURI="http://www.apple.com/role/SegmentInformationAndGeographicDataTables" xlink:href="aapl-20170401.xsd#SegmentInformationAndGeographicDataTables" xlink:type="simple" />
  <link:roleRef roleURI="http://www.apple.com/role/ShareholdersEquity" xlink:href="aapl-20170401.xsd#ShareholdersEquity" xlink:type="simple" />
  <link:roleRef roleURI="http://www.apple.com/role/ShareholdersEquityAcceleratedShareRepurchaseActivityAndRelatedInformationDetails" xlink:href="aapl-20170401.xsd#ShareholdersEquityAcceleratedShareRepurchaseActivityAndRelatedInformationDetails" xlink:type="simple" />
  <link:roleRef roleURI="http://www.apple.com/role/ShareholdersEquityAdditionalInformationDetails" xlink:href="aapl-20170401.xsd#ShareholdersEquityAdditionalInformationDetails" xlink:type="simple" />
  <link:roleRef roleURI="http://www.apple.com/role/ShareholdersEquityRepurchasesOfCommonSharesInOpenMarketDetails" xlink:href="aapl-20170401.xsd#ShareholdersEquityRepurchasesOfCommonSharesInOpenMarketDetails" xlink:type="simple" />
  <link:roleRef roleURI="http://www.apple.com/role/ShareholdersEquitySummaryOfDividendsDeclaredAndPaidDetails" xlink:href="aapl-20170401.xsd#ShareholdersEquitySummaryOfDividendsDeclaredAndPaidDetails" xlink:type="simple" />
  <link:roleRef roleURI="http://www.apple.com/role/ShareholdersEquityTables" xlink:href="aapl-20170401.xsd#ShareholdersEquityTables" xlink:type="simple" />
  <link:roleRef roleURI="http://www.apple.com/role/SummaryOfSignificantAccountingPolicies" xlink:href="aapl-20170401.xsd#SummaryOfSignificantAccountingPolicies" xlink:type="simple" />
  <link:roleRef roleURI="http://www.apple.com/role/SummaryOfSignificantAccountingPoliciesComputationOfBasicAndDilutedEarningsPerShareDetails" xlink:href="aapl-20170401.xsd#SummaryOfSignificantAccountingPoliciesComputationOfBasicAndDilutedEarningsPerShareDetails" xlink:type="simple" />
  <link:roleRef roleURI="http://www.apple.com/role/SummaryOfSignificantAccountingPoliciesPolicies" xlink:href="aapl-20170401.xsd#SummaryOfSignificantAccountingPoliciesPolicies" xlink:type="simple" />
  <link:roleRef roleURI="http://www.apple.com/role/SummaryOfSignificantAccountingPoliciesTables" xlink:href="aapl-20170401.xsd#SummaryOfSignificantAccountingPoliciesTables" xlink:type="simple" />
  <link:calculationLink xlink:role="http://www.apple.com/role/AcquiredIntangibleAssets" xlink:type="extended" />
  <link:calculationLink xlink:role="http://www.apple.com/role/AcquiredIntangibleAssetsComponentsOfGrossAndNetIntangibleAssetBalancesDetails" xlink:type="extended">
    <link:loc xlink:href="http://xbrl.fasb.org/us-gaap/2016/elts/us-gaap-2016-01-31.xsd#us-gaap_FiniteLivedIntangibleAssetsNet" xlink:label="loc_us-gaap_FiniteLivedIntangibleAssetsNet_70724be1-cf82-e50d-0cc7-fa6194f78b70" xlink:type="locator" />
    <link:loc xlink:href="http://xbrl.fasb.org/us-gaap/2016/elts/us-gaap-2016-01-31.xsd#us-gaap_FiniteLivedIntangibleAssetsGross" xlink:label="loc_us-gaap_FiniteLivedIntangibleAssetsGross_20da5796-2b47-ef11-689a-589894b52fb4" xlink:type="locator" />
    <link:calculationArc order="1" weight="1" xlink:arcrole="http://www.xbrl.org/2003/arcrole/summation-item" xlink:from="loc_us-gaap_FiniteLivedIntangibleAssetsNet_70724be1-cf82-e50d-0cc7-fa6194f78b70" xlink:to="loc_us-gaap_FiniteLivedIntangibleAssetsGross_20da5796-2b47-ef11-689a-589894b52fb4" xlink:type="arc" />
    <link:loc xlink:href="http://xbrl.fasb.org/us-gaap/2016/elts/us-gaap-2016-01-31.xsd#us-gaap_FiniteLivedIntangibleAssetsAccumulatedAmortization" xlink:label="loc_us-gaap_FiniteLivedIntangibleAssetsAccumulatedAmortization_d981c90e-1b35-63c2-c258-b2af7bf5b3e0" xlink:type="locator" />
    <link:calculationArc order="2" weight="-1" xlink:arcrole="http://www.xbrl.org/2003/arcrole/summation-item" xlink:from="loc_us-gaap_FiniteLivedIntangibleAssetsNet_70724be1-cf82-e50d-0cc7-fa6194f78b70" xlink:to="loc_us-gaap_FiniteLivedIntangibleAssetsAccumulatedAmortization_d981c90e-1b35-63c2-c258-b2af7bf5b3e0" xlink:type="arc" />
    <link:loc xlink:href="http://xbrl.fasb.org/us-gaap/2016/elts/us-gaap-2016-01-31.xsd#us-gaap_IntangibleAssetsNetExcludingGoodwill" xlink:label="loc_us-gaap_IntangibleAssetsNetExcludingGoodwill_27b15389-386a-f983-c189-731d6d3c3fbb" xlink:type="locator" />
    <link:loc xlink:href="http://xbrl.fasb.org/us-gaap/2016/elts/us-gaap-2016-01-31.xsd#us-gaap_IntangibleAssetsGrossExcludingGoodwill" xlink:label="loc_us-gaap_IntangibleAssetsGrossExcludingGoodwill_2497ccf0-783f-7384-a80c-38649f384646" xlink:type="locator" />
    <link:calculationArc order="1" weight="1" xlink:arcrole="http://www.xbrl.org/2003/arcrole/summation-item" xlink:from="loc_us-gaap_IntangibleAssetsNetExcludingGoodwill_27b15389-386a-f983-c189-731d6d3c3fbb" xlink:to="loc_us-gaap_IntangibleAssetsGrossExcludingGoodwill_2497ccf0-783f-7384-a80c-38649f384646" xlink:type="arc" />
    <link:calculationArc order="1" weight="1" xlink:arcrole="http://www.xbrl.org/2003/arcrole/summation-item" xlink:from="loc_us-gaap_IntangibleAssetsGrossExcludingGoodwill_2497ccf0-783f-7384-a80c-38649f384646" xlink:to="loc_us-gaap_FiniteLivedIntangibleAssetsGross_20da5796-2b47-ef11-689a-589894b52fb4" xlink:type="arc" />
    <link:loc xlink:href="http://xbrl.fasb.org/us-gaap/2016/elts/us-gaap-2016-01-31.xsd#us-gaap_IndefiniteLivedIntangibleAssetsExcludingGoodwill" xlink:label="loc_us-gaap_IndefiniteLivedIntangibleAssetsExcludingGoodwill_7ea689db-170d-242a-aadc-096d31f6a174" xlink:type="locator" />
    <link:calculationArc order="2" weight="1" xlink:arcrole="http://www.xbrl.org/2003/arcrole/summation-item" xlink:from="loc_us-gaap_IntangibleAssetsGrossExcludingGoodwill_2497ccf0-783f-7384-a80c-38649f384646" xlink:to="loc_us-gaap_IndefiniteLivedIntangibleAssetsExcludingGoodwill_7ea689db-170d-242a-aadc-096d31f6a174" xlink:type="arc" />
    <link:calculationArc order="2" weight="-1" xlink:arcrole="http://www.xbrl.org/2003/arcrole/summation-item" xlink:from="loc_us-gaap_IntangibleAssetsNetExcludingGoodwill_27b15389-386a-f983-c189-731d6d3c3fbb" xlink:to="loc_us-gaap_FiniteLivedIntangibleAssetsAccumulatedAmortization_d981c90e-1b35-63c2-c258-b2af7bf5b3e0" xlink:type="arc" />
  </link:calculationLink>
  <link:calculationLink xlink:role="http://www.apple.com/role/AcquiredIntangibleAssetsComponentsOfGrossAndNetIntangibleAssetBalancesDetailsCalc2" xlink:type="extended">
    <link:loc xlink:href="http://xbrl.fasb.org/us-gaap/2016/elts/us-gaap-2016-01-31.xsd#us-gaap_IntangibleAssetsNetExcludingGoodwill" xlink:label="loc_us-gaap_IntangibleAssetsNetExcludingGoodwill_9AFBA28003A512639AB186A64FF865D1_27b15389-386a-f983-c189-731d6d3c3fbb" xlink:type="locator" />
    <link:loc xlink:href="http://xbrl.fasb.org/us-gaap/2016/elts/us-gaap-2016-01-31.xsd#us-gaap_FiniteLivedIntangibleAssetsNet" xlink:label="loc_us-gaap_FiniteLivedIntangibleAssetsNet_9AFBA28003A512639AB186A64FF865D1_70724be1-cf82-e50d-0cc7-fa6194f78b70" xlink:type="locator" />
    <link:calculationArc order="1" weight="1" xlink:arcrole="http://www.xbrl.org/2003/arcrole/summation-item" xlink:from="loc_us-gaap_IntangibleAssetsNetExcludingGoodwill_9AFBA28003A512639AB186A64FF865D1_27b15389-386a-f983-c189-731d6d3c3fbb" xlink:to="loc_us-gaap_FiniteLivedIntangibleAssetsNet_9AFBA28003A512639AB186A64FF865D1_70724be1-cf82-e50d-0cc7-fa6194f78b70" xlink:type="arc" />
    <link:loc xlink:href="http://xbrl.fasb.org/us-gaap/2016/elts/us-gaap-2016-01-31.xsd#us-gaap_IndefiniteLivedIntangibleAssetsExcludingGoodwill" xlink:label="loc_us-gaap_IndefiniteLivedIntangibleAssetsExcludingGoodwill_9AFBA28003A512639AB186A64FF865D1_7ea689db-170d-242a-aadc-096d31f6a174" xlink:type="locator" />
    <link:calculationArc order="2" weight="1" xlink:arcrole="http://www.xbrl.org/2003/arcrole/summation-item" xlink:from="loc_us-gaap_IntangibleAssetsNetExcludingGoodwill_9AFBA28003A512639AB186A64FF865D1_27b15389-386a-f983-c189-731d6d3c3fbb" xlink:to="loc_us-gaap_IndefiniteLivedIntangibleAssetsExcludingGoodwill_9AFBA28003A512639AB186A64FF865D1_7ea689db-170d-242a-aadc-096d31f6a174" xlink:type="arc" />
  </link:calculationLink>
  <link:calculationLink xlink:role="http://www.apple.com/role/AcquiredIntangibleAssetsTables" xlink:type="extended" />
  <link:calculationLink xlink:role="http://www.apple.com/role/BenefitPlans" xlink:type="extended" />
  <link:calculationLink xlink:role="http://www.apple.com/role/BenefitPlansAdditionalInformationDetails" xlink:type="extended" />
  <link:calculationLink xlink:role="http://www.apple.com/role/BenefitPlansRestrictedStockUnitsActivityAndRelatedInformationDetails" xlink:type="extended" />
  <link:calculationLink xlink:role="http://www.apple.com/role/BenefitPlansSummaryOfShareBasedCompensationExpenseDetails" xlink:type="extended" />
  <link:calculationLink xlink:role="http://www.apple.com/role/BenefitPlansTables" xlink:type="extended" />
  <link:calculationLink xlink:role="http://www.apple.com/role/CommitmentsAndContingencies" xlink:type="extended" />
  <link:calculationLink xlink:role="http://www.apple.com/role/CommitmentsAndContingenciesAdditionalInformationDetails" xlink:type="extended" />
  <link:calculationLink xlink:role="http://www.apple.com/role/CommitmentsAndContingenciesChangesInAccruedWarrantiesAndRelatedCostsDetails" xlink:type="extended" />
  <link:calculationLink xlink:role="http://www.apple.com/role/CommitmentsAndContingenciesTables" xlink:type="extended" />
  <link:calculationLink xlink:role="http://www.apple.com/role/ComprehensiveIncome" xlink:type="extended" />
  <link:calculationLink xlink:role="http://www.apple.com/role/ComprehensiveIncomeChangeInAociByComponentDetails" xlink:type="extended">
    <link:loc xlink:href="http://xbrl.fasb.org/us-gaap/2016/elts/us-gaap-2016-01-31.xsd#us-gaap_OtherComprehensiveIncomeLossNetOfTaxPortionAttributableToParent" xlink:label="loc_us-gaap_OtherComprehensiveIncomeLossNetOfTaxPortionAttributableToParent_fc027bcf-19a3-7936-be65-3ec1deb94fb4" xlink:type="locator" />
    <link:loc xlink:href="http://xbrl.fasb.org/us-gaap/2016/elts/us-gaap-2016-01-31.xsd#us-gaap_OciBeforeReclassificationsBeforeTaxAttributableToParent" xlink:label="loc_us-gaap_OciBeforeReclassificationsBeforeTaxAttributableToParent_0359278d-2b8f-699f-1b95-1aca9b687067" xlink:type="locator" />
    <link:calculationArc order="1" weight="1" xlink:arcrole="http://www.xbrl.org/2003/arcrole/summation-item" xlink:from="loc_us-gaap_OtherComprehensiveIncomeLossNetOfTaxPortionAttributableToParent_fc027bcf-19a3-7936-be65-3ec1deb94fb4" xlink:to="loc_us-gaap_OciBeforeReclassificationsBeforeTaxAttributableToParent_0359278d-2b8f-699f-1b95-1aca9b687067" xlink:type="arc" />
    <link:loc xlink:href="http://xbrl.fasb.org/us-gaap/2016/elts/us-gaap-2016-01-31.xsd#us-gaap_ReclassificationFromAociCurrentPeriodBeforeTaxAttributableToParent" xlink:label="loc_us-gaap_ReclassificationFromAociCurrentPeriodBeforeTaxAttributableToParent_91d533fe-eaf0-f5dc-7478-3d85b8edd116" xlink:type="locator" />
    <link:calculationArc order="2" weight="-1" xlink:arcrole="http://www.xbrl.org/2003/arcrole/summation-item" xlink:from="loc_us-gaap_OtherComprehensiveIncomeLossNetOfTaxPortionAttributableToParent_fc027bcf-19a3-7936-be65-3ec1deb94fb4" xlink:to="loc_us-gaap_ReclassificationFromAociCurrentPeriodBeforeTaxAttributableToParent_91d533fe-eaf0-f5dc-7478-3d85b8edd116" xlink:type="arc" />
    <link:loc xlink:href="http://xbrl.fasb.org/us-gaap/2016/elts/us-gaap-2016-01-31.xsd#us-gaap_OtherComprehensiveIncomeLossTaxPortionAttributableToParent1" xlink:label="loc_us-gaap_OtherComprehensiveIncomeLossTaxPortionAttributableToParent1_1c8a9806-2629-12fc-508b-924e00423456" xlink:type="locator" />
    <link:calculationArc order="3" weight="-1" xlink:arcrole="http://www.xbrl.org/2003/arcrole/summation-item" xlink:from="loc_us-gaap_OtherComprehensiveIncomeLossNetOfTaxPortionAttributableToParent_fc027bcf-19a3-7936-be65-3ec1deb94fb4" xlink:to="loc_us-gaap_OtherComprehensiveIncomeLossTaxPortionAttributableToParent1_1c8a9806-2629-12fc-508b-924e00423456" xlink:type="arc" />
  </link:calculationLink>
  <link:calculationLink xlink:role="http://www.apple.com/role/ComprehensiveIncomePreTaxAmountsReclassifiedFromAociIntoCondensedConsolidatedStatementsOfOperationsDetails" xlink:type="extended">
    <link:loc xlink:href="http://xbrl.fasb.org/us-gaap/2016/elts/us-gaap-2016-01-31.xsd#us-gaap_IncomeLossFromContinuingOperationsBeforeIncomeTaxesExtraordinaryItemsNoncontrollingInterest" xlink:label="loc_us-gaap_IncomeLossFromContinuingOperationsBeforeIncomeTaxesExtraordinaryItemsNoncontrollingInterest_2b73f435-08bc-014c-4845-03f6580194a0" xlink:type="locator" />
    <link:loc xlink:href="http://xbrl.fasb.org/us-gaap/2016/elts/us-gaap-2016-01-31.xsd#us-gaap_NonoperatingIncomeExpense" xlink:label="loc_us-gaap_NonoperatingIncomeExpense_9fa8ee46-9d2e-0b63-b65e-c559fb6868a2" xlink:type="locator" />
    <link:calculationArc order="1" weight="1" xlink:arcrole="http://www.xbrl.org/2003/arcrole/summation-item" xlink:from="loc_us-gaap_IncomeLossFromContinuingOperationsBeforeIncomeTaxesExtraordinaryItemsNoncontrollingInterest_2b73f435-08bc-014c-4845-03f6580194a0" xlink:to="loc_us-gaap_NonoperatingIncomeExpense_9fa8ee46-9d2e-0b63-b65e-c559fb6868a2" xlink:type="arc" />
    <link:loc xlink:href="http://xbrl.fasb.org/us-gaap/2016/elts/us-gaap-2016-01-31.xsd#us-gaap_SalesRevenueNet" xlink:label="loc_us-gaap_SalesRevenueNet_f7eb5dbc-6802-ae51-de6b-9a44f4241080" xlink:type="locator" />
    <link:calculationArc order="2" weight="1" xlink:arcrole="http://www.xbrl.org/2003/arcrole/summation-item" xlink:from="loc_us-gaap_IncomeLossFromContinuingOperationsBeforeIncomeTaxesExtraordinaryItemsNoncontrollingInterest_2b73f435-08bc-014c-4845-03f6580194a0" xlink:to="loc_us-gaap_SalesRevenueNet_f7eb5dbc-6802-ae51-de6b-9a44f4241080" xlink:type="arc" />
    <link:loc xlink:href="http://xbrl.fasb.org/us-gaap/2016/elts/us-gaap-2016-01-31.xsd#us-gaap_CostOfGoodsAndServicesSold" xlink:label="loc_us-gaap_CostOfGoodsAndServicesSold_368e9778-4d12-f736-79b9-637804de9992" xlink:type="locator" />
    <link:calculationArc order="3" weight="-1" xlink:arcrole="http://www.xbrl.org/2003/arcrole/summation-item" xlink:from="loc_us-gaap_IncomeLossFromContinuingOperationsBeforeIncomeTaxesExtraordinaryItemsNoncontrollingInterest_2b73f435-08bc-014c-4845-03f6580194a0" xlink:to="loc_us-gaap_CostOfGoodsAndServicesSold_368e9778-4d12-f736-79b9-637804de9992" xlink:type="arc" />
  </link:calculationLink>
  <link:calculationLink xlink:role="http://www.apple.com/role/ComprehensiveIncomeTables" xlink:type="extended" />
  <link:calculationLink xlink:role="http://www.apple.com/role/CondensedConsolidatedBalanceSheetsUnaudited" xlink:type="extended">
    <link:loc xlink:href="http://xbrl.fasb.org/us-gaap/2016/elts/us-gaap-2016-01-31.xsd#us-gaap_Assets" xlink:label="loc_us-gaap_Assets_08bee809-e27e-48c3-da2d-5d52948eb470" xlink:type="locator" />
    <link:loc xlink:href="http://xbrl.fasb.org/us-gaap/2016/elts/us-gaap-2016-01-31.xsd#us-gaap_AssetsCurrent" xlink:label="loc_us-gaap_AssetsCurrent_dbbeeff9-fd43-6151-195d-0532728ac216" xlink:type="locator" />
    <link:calculationArc order="1" weight="1" xlink:arcrole="http://www.xbrl.org/2003/arcrole/summation-item" xlink:from="loc_us-gaap_Assets_08bee809-e27e-48c3-da2d-5d52948eb470" xlink:to="loc_us-gaap_AssetsCurrent_dbbeeff9-fd43-6151-195d-0532728ac216" xlink:type="arc" />
    <link:loc xlink:href="http://xbrl.fasb.org/us-gaap/2016/elts/us-gaap-2016-01-31.xsd#us-gaap_CashAndCashEquivalentsAtCarryingValue" xlink:label="loc_us-gaap_CashAndCashEquivalentsAtCarryingValue_ec544f28-9c7b-137c-e428-9ae47c2375fc" xlink:type="locator" />
    <link:calculationArc order="1" weight="1" xlink:arcrole="http://www.xbrl.org/2003/arcrole/summation-item" xlink:from="loc_us-gaap_AssetsCurrent_dbbeeff9-fd43-6151-195d-0532728ac216" xlink:to="loc_us-gaap_CashAndCashEquivalentsAtCarryingValue_ec544f28-9c7b-137c-e428-9ae47c2375fc" xlink:type="arc" />
    <link:loc xlink:href="http://xbrl.fasb.org/us-gaap/2016/elts/us-gaap-2016-01-31.xsd#us-gaap_AvailableForSaleSecuritiesCurrent" xlink:label="loc_us-gaap_AvailableForSaleSecuritiesCurrent_30444800-bccf-94eb-16a7-6eb32a0bf8df" xlink:type="locator" />
    <link:calculationArc order="2" weight="1" xlink:arcrole="http://www.xbrl.org/2003/arcrole/summation-item" xlink:from="loc_us-gaap_AssetsCurrent_dbbeeff9-fd43-6151-195d-0532728ac216" xlink:to="loc_us-gaap_AvailableForSaleSecuritiesCurrent_30444800-bccf-94eb-16a7-6eb32a0bf8df" xlink:type="arc" />
    <link:loc xlink:href="http://xbrl.fasb.org/us-gaap/2016/elts/us-gaap-2016-01-31.xsd#us-gaap_AccountsReceivableNetCurrent" xlink:label="loc_us-gaap_AccountsReceivableNetCurrent_d28874fa-4543-5746-c91a-559d7ab47f77" xlink:type="locator" />
    <link:calculationArc order="3" weight="1" xlink:arcrole="http://www.xbrl.org/2003/arcrole/summation-item" xlink:from="loc_us-gaap_AssetsCurrent_dbbeeff9-fd43-6151-195d-0532728ac216" xlink:to="loc_us-gaap_AccountsReceivableNetCurrent_d28874fa-4543-5746-c91a-559d7ab47f77" xlink:type="arc" />
    <link:loc xlink:href="http://xbrl.fasb.org/us-gaap/2016/elts/us-gaap-2016-01-31.xsd#us-gaap_InventoryNet" xlink:label="loc_us-gaap_InventoryNet_a5201305-cb63-d1e5-f4e7-e25409fb5d3a" xlink:type="locator" />
    <link:calculationArc order="4" weight="1" xlink:arcrole="http://www.xbrl.org/2003/arcrole/summation-item" xlink:from="loc_us-gaap_AssetsCurrent_dbbeeff9-fd43-6151-195d-0532728ac216" xlink:to="loc_us-gaap_InventoryNet_a5201305-cb63-d1e5-f4e7-e25409fb5d3a" xlink:type="arc" />
    <link:loc xlink:href="http://xbrl.fasb.org/us-gaap/2016/elts/us-gaap-2016-01-31.xsd#us-gaap_NontradeReceivablesCurrent" xlink:label="loc_us-gaap_NontradeReceivablesCurrent_b05167ab-d379-18d4-1479-f3a3496c708c" xlink:type="locator" />
    <link:calculationArc order="5" weight="1" xlink:arcrole="http://www.xbrl.org/2003/arcrole/summation-item" xlink:from="loc_us-gaap_AssetsCurrent_dbbeeff9-fd43-6151-195d-0532728ac216" xlink:to="loc_us-gaap_NontradeReceivablesCurrent_b05167ab-d379-18d4-1479-f3a3496c708c" xlink:type="arc" />
    <link:loc xlink:href="http://xbrl.fasb.org/us-gaap/2016/elts/us-gaap-2016-01-31.xsd#us-gaap_OtherAssetsCurrent" xlink:label="loc_us-gaap_OtherAssetsCurrent_fdb77e30-ba68-0e41-abc1-70858b11de5b" xlink:type="locator" />
    <link:calculationArc order="6" weight="1" xlink:arcrole="http://www.xbrl.org/2003/arcrole/summation-item" xlink:from="loc_us-gaap_AssetsCurrent_dbbeeff9-fd43-6151-195d-0532728ac216" xlink:to="loc_us-gaap_OtherAssetsCurrent_fdb77e30-ba68-0e41-abc1-70858b11de5b" xlink:type="arc" />
    <link:loc xlink:href="http://xbrl.fasb.org/us-gaap/2016/elts/us-gaap-2016-01-31.xsd#us-gaap_AvailableForSaleSecuritiesNoncurrent" xlink:label="loc_us-gaap_AvailableForSaleSecuritiesNoncurrent_b3d12002-79e5-47db-0a4d-77b30be5f00c" xlink:type="locator" />
    <link:calculationArc order="2" weight="1" xlink:arcrole="http://www.xbrl.org/2003/arcrole/summation-item" xlink:from="loc_us-gaap_Assets_08bee809-e27e-48c3-da2d-5d52948eb470" xlink:to="loc_us-gaap_AvailableForSaleSecuritiesNoncurrent_b3d12002-79e5-47db-0a4d-77b30be5f00c" xlink:type="arc" />
    <link:loc xlink:href="http://xbrl.fasb.org/us-gaap/2016/elts/us-gaap-2016-01-31.xsd#us-gaap_PropertyPlantAndEquipmentNet" xlink:label="loc_us-gaap_PropertyPlantAndEquipmentNet_68e7c3c1-9b8d-84fe-3a5c-d69c15dfe7a2" xlink:type="locator" />
    <link:calculationArc order="3" weight="1" xlink:arcrole="http://www.xbrl.org/2003/arcrole/summation-item" xlink:from="loc_us-gaap_Assets_08bee809-e27e-48c3-da2d-5d52948eb470" xlink:to="loc_us-gaap_PropertyPlantAndEquipmentNet_68e7c3c1-9b8d-84fe-3a5c-d69c15dfe7a2" xlink:type="arc" />
    <link:loc xlink:href="http://xbrl.fasb.org/us-gaap/2016/elts/us-gaap-2016-01-31.xsd#us-gaap_Goodwill" xlink:label="loc_us-gaap_Goodwill_d723083e-f7a3-6d89-9926-32afaa010d8a" xlink:type="locator" />
    <link:calculationArc order="4" weight="1" xlink:arcrole="http://www.xbrl.org/2003/arcrole/summation-item" xlink:from="loc_us-gaap_Assets_08bee809-e27e-48c3-da2d-5d52948eb470" xlink:to="loc_us-gaap_Goodwill_d723083e-f7a3-6d89-9926-32afaa010d8a" xlink:type="arc" />
    <link:loc xlink:href="http://xbrl.fasb.org/us-gaap/2016/elts/us-gaap-2016-01-31.xsd#us-gaap_IntangibleAssetsNetExcludingGoodwill" xlink:label="loc_us-gaap_IntangibleAssetsNetExcludingGoodwill_27b15389-386a-f983-c189-731d6d3c3fbb" xlink:type="locator" />
    <link:calculationArc order="5" weight="1" xlink:arcrole="http://www.xbrl.org/2003/arcrole/summation-item" xlink:from="loc_us-gaap_Assets_08bee809-e27e-48c3-da2d-5d52948eb470" xlink:to="loc_us-gaap_IntangibleAssetsNetExcludingGoodwill_27b15389-386a-f983-c189-731d6d3c3fbb" xlink:type="arc" />
    <link:loc xlink:href="http://xbrl.fasb.org/us-gaap/2016/elts/us-gaap-2016-01-31.xsd#us-gaap_OtherAssetsNoncurrent" xlink:label="loc_us-gaap_OtherAssetsNoncurrent_e6ade192-0839-bdd8-d08b-20387a0e8201" xlink:type="locator" />
    <link:calculationArc order="6" weight="1" xlink:arcrole="http://www.xbrl.org/2003/arcrole/summation-item" xlink:from="loc_us-gaap_Assets_08bee809-e27e-48c3-da2d-5d52948eb470" xlink:to="loc_us-gaap_OtherAssetsNoncurrent_e6ade192-0839-bdd8-d08b-20387a0e8201" xlink:type="arc" />
    <link:loc xlink:href="http://xbrl.fasb.org/us-gaap/2016/elts/us-gaap-2016-01-31.xsd#us-gaap_LiabilitiesAndStockholdersEquity" xlink:label="loc_us-gaap_LiabilitiesAndStockholdersEquity_04e17fb3-9b77-1c98-f460-7f5dd0c01008" xlink:type="locator" />
    <link:loc xlink:href="http://xbrl.fasb.org/us-gaap/2016/elts/us-gaap-2016-01-31.xsd#us-gaap_Liabilities" xlink:label="loc_us-gaap_Liabilities_6d3ec995-5062-ef92-dd72-b570c1eafdc8" xlink:type="locator" />
    <link:calculationArc order="1" weight="1" xlink:arcrole="http://www.xbrl.org/2003/arcrole/summation-item" xlink:from="loc_us-gaap_LiabilitiesAndStockholdersEquity_04e17fb3-9b77-1c98-f460-7f5dd0c01008" xlink:to="loc_us-gaap_Liabilities_6d3ec995-5062-ef92-dd72-b570c1eafdc8" xlink:type="arc" />
    <link:loc xlink:href="http://xbrl.fasb.org/us-gaap/2016/elts/us-gaap-2016-01-31.xsd#us-gaap_LiabilitiesCurrent" xlink:label="loc_us-gaap_LiabilitiesCurrent_a859bb84-8118-88ec-5136-83fdb14e8f32" xlink:type="locator" />
    <link:calculationArc order="1" weight="1" xlink:arcrole="http://www.xbrl.org/2003/arcrole/summation-item" xlink:from="loc_us-gaap_Liabilities_6d3ec995-5062-ef92-dd72-b570c1eafdc8" xlink:to="loc_us-gaap_LiabilitiesCurrent_a859bb84-8118-88ec-5136-83fdb14e8f32" xlink:type="arc" />
    <link:loc xlink:href="http://xbrl.fasb.org/us-gaap/2016/elts/us-gaap-2016-01-31.xsd#us-gaap_AccountsPayableCurrent" xlink:label="loc_us-gaap_AccountsPayableCurrent_222239a2-3ddd-5e4f-4ae1-b11c60b29d92" xlink:type="locator" />
    <link:calculationArc order="1" weight="1" xlink:arcrole="http://www.xbrl.org/2003/arcrole/summation-item" xlink:from="loc_us-gaap_LiabilitiesCurrent_a859bb84-8118-88ec-5136-83fdb14e8f32" xlink:to="loc_us-gaap_AccountsPayableCurrent_222239a2-3ddd-5e4f-4ae1-b11c60b29d92" xlink:type="arc" />
    <link:loc xlink:href="http://xbrl.fasb.org/us-gaap/2016/elts/us-gaap-2016-01-31.xsd#us-gaap_AccruedLiabilitiesCurrent" xlink:label="loc_us-gaap_AccruedLiabilitiesCurrent_567bfdaf-7a71-0a8c-e33e-b9f7b4096843" xlink:type="locator" />
    <link:calculationArc order="2" weight="1" xlink:arcrole="http://www.xbrl.org/2003/arcrole/summation-item" xlink:from="loc_us-gaap_LiabilitiesCurrent_a859bb84-8118-88ec-5136-83fdb14e8f32" xlink:to="loc_us-gaap_AccruedLiabilitiesCurrent_567bfdaf-7a71-0a8c-e33e-b9f7b4096843" xlink:type="arc" />
    <link:loc xlink:href="http://xbrl.fasb.org/us-gaap/2016/elts/us-gaap-2016-01-31.xsd#us-gaap_DeferredRevenueCurrent" xlink:label="loc_us-gaap_DeferredRevenueCurrent_2e84b53d-95cb-56a2-a5b5-1d31836c02d9" xlink:type="locator" />
    <link:calculationArc order="3" weight="1" xlink:arcrole="http://www.xbrl.org/2003/arcrole/summation-item" xlink:from="loc_us-gaap_LiabilitiesCurrent_a859bb84-8118-88ec-5136-83fdb14e8f32" xlink:to="loc_us-gaap_DeferredRevenueCurrent_2e84b53d-95cb-56a2-a5b5-1d31836c02d9" xlink:type="arc" />
    <link:loc xlink:href="http://xbrl.fasb.org/us-gaap/2016/elts/us-gaap-2016-01-31.xsd#us-gaap_CommercialPaper" xlink:label="loc_us-gaap_CommercialPaper_9712a4f9-1768-8dce-14b4-81ebd9df2a6e" xlink:type="locator" />
    <link:calculationArc order="4" weight="1" xlink:arcrole="http://www.xbrl.org/2003/arcrole/summation-item" xlink:from="loc_us-gaap_LiabilitiesCurrent_a859bb84-8118-88ec-5136-83fdb14e8f32" xlink:to="loc_us-gaap_CommercialPaper_9712a4f9-1768-8dce-14b4-81ebd9df2a6e" xlink:type="arc" />
    <link:loc xlink:href="http://xbrl.fasb.org/us-gaap/2016/elts/us-gaap-2016-01-31.xsd#us-gaap_LongTermDebtCurrent" xlink:label="loc_us-gaap_LongTermDebtCurrent_c3b0ebc6-4623-301c-8c00-aa6b946b1d6a" xlink:type="locator" />
    <link:calculationArc order="5" weight="1" xlink:arcrole="http://www.xbrl.org/2003/arcrole/summation-item" xlink:from="loc_us-gaap_LiabilitiesCurrent_a859bb84-8118-88ec-5136-83fdb14e8f32" xlink:to="loc_us-gaap_LongTermDebtCurrent_c3b0ebc6-4623-301c-8c00-aa6b946b1d6a" xlink:type="arc" />
    <link:loc xlink:href="http://xbrl.fasb.org/us-gaap/2016/elts/us-gaap-2016-01-31.xsd#us-gaap_DeferredRevenueNoncurrent" xlink:label="loc_us-gaap_DeferredRevenueNoncurrent_1a5a9fc6-9840-2236-a82b-b1165c317cdb" xlink:type="locator" />
    <link:calculationArc order="2" weight="1" xlink:arcrole="http://www.xbrl.org/2003/arcrole/summation-item" xlink:from="loc_us-gaap_Liabilities_6d3ec995-5062-ef92-dd72-b570c1eafdc8" xlink:to="loc_us-gaap_DeferredRevenueNoncurrent_1a5a9fc6-9840-2236-a82b-b1165c317cdb" xlink:type="arc" />
    <link:loc xlink:href="http://xbrl.fasb.org/us-gaap/2016/elts/us-gaap-2016-01-31.xsd#us-gaap_LongTermDebtNoncurrent" xlink:label="loc_us-gaap_LongTermDebtNoncurrent_898d9dde-51c0-10b5-4600-dc6b12c399c4" xlink:type="locator" />
    <link:calculationArc order="3" weight="1" xlink:arcrole="http://www.xbrl.org/2003/arcrole/summation-item" xlink:from="loc_us-gaap_Liabilities_6d3ec995-5062-ef92-dd72-b570c1eafdc8" xlink:to="loc_us-gaap_LongTermDebtNoncurrent_898d9dde-51c0-10b5-4600-dc6b12c399c4" xlink:type="arc" />
    <link:loc xlink:href="http://xbrl.fasb.org/us-gaap/2016/elts/us-gaap-2016-01-31.xsd#us-gaap_OtherLiabilitiesNoncurrent" xlink:label="loc_us-gaap_OtherLiabilitiesNoncurrent_b65887e3-1865-ef3e-c8ae-81780cbff9ee" xlink:type="locator" />
    <link:calculationArc order="4" weight="1" xlink:arcrole="http://www.xbrl.org/2003/arcrole/summation-item" xlink:from="loc_us-gaap_Liabilities_6d3ec995-5062-ef92-dd72-b570c1eafdc8" xlink:to="loc_us-gaap_OtherLiabilitiesNoncurrent_b65887e3-1865-ef3e-c8ae-81780cbff9ee" xlink:type="arc" />
    <link:loc xlink:href="http://xbrl.fasb.org/us-gaap/2016/elts/us-gaap-2016-01-31.xsd#us-gaap_CommitmentsAndContingencies" xlink:label="loc_us-gaap_CommitmentsAndContingencies_49d65a66-0444-b198-9d28-5c0811b1bdf3" xlink:type="locator" />
    <link:calculationArc order="2" weight="1" xlink:arcrole="http://www.xbrl.org/2003/arcrole/summation-item" xlink:from="loc_us-gaap_LiabilitiesAndStockholdersEquity_04e17fb3-9b77-1c98-f460-7f5dd0c01008" xlink:to="loc_us-gaap_CommitmentsAndContingencies_49d65a66-0444-b198-9d28-5c0811b1bdf3" xlink:type="arc" />
    <link:loc xlink:href="http://xbrl.fasb.org/us-gaap/2016/elts/us-gaap-2016-01-31.xsd#us-gaap_StockholdersEquity" xlink:label="loc_us-gaap_StockholdersEquity_2644da13-7baa-0a2f-63e0-0906a691ba01" xlink:type="locator" />
    <link:calculationArc order="3" weight="1" xlink:arcrole="http://www.xbrl.org/2003/arcrole/summation-item" xlink:from="loc_us-gaap_LiabilitiesAndStockholdersEquity_04e17fb3-9b77-1c98-f460-7f5dd0c01008" xlink:to="loc_us-gaap_StockholdersEquity_2644da13-7baa-0a2f-63e0-0906a691ba01" xlink:type="arc" />
    <link:loc xlink:href="http://xbrl.fasb.org/us-gaap/2016/elts/us-gaap-2016-01-31.xsd#us-gaap_CommonStocksIncludingAdditionalPaidInCapital" xlink:label="loc_us-gaap_CommonStocksIncludingAdditionalPaidInCapital_a0d598de-ed3f-dafe-7a1e-be1139428194" xlink:type="locator" />
    <link:calculationArc order="1" weight="1" xlink:arcrole="http://www.xbrl.org/2003/arcrole/summation-item" xlink:from="loc_us-gaap_StockholdersEquity_2644da13-7baa-0a2f-63e0-0906a691ba01" xlink:to="loc_us-gaap_CommonStocksIncludingAdditionalPaidInCapital_a0d598de-ed3f-dafe-7a1e-be1139428194" xlink:type="arc" />
    <link:loc xlink:href="http://xbrl.fasb.org/us-gaap/2016/elts/us-gaap-2016-01-31.xsd#us-gaap_RetainedEarningsAccumulatedDeficit" xlink:label="loc_us-gaap_RetainedEarningsAccumulatedDeficit_f759e73e-9f4f-941e-1138-49bc44f6b118" xlink:type="locator" />
    <link:calculationArc order="2" weight="1" xlink:arcrole="http://www.xbrl.org/2003/arcrole/summation-item" xlink:from="loc_us-gaap_StockholdersEquity_2644da13-7baa-0a2f-63e0-0906a691ba01" xlink:to="loc_us-gaap_RetainedEarningsAccumulatedDeficit_f759e73e-9f4f-941e-1138-49bc44f6b118" xlink:type="arc" />
    <link:loc xlink:href="http://xbrl.fasb.org/us-gaap/2016/elts/us-gaap-2016-01-31.xsd#us-gaap_AccumulatedOtherComprehensiveIncomeLossNetOfTax" xlink:label="loc_us-gaap_AccumulatedOtherComprehensiveIncomeLossNetOfTax_aeb1020a-508a-a8c1-f34c-bafff16c26cb" xlink:type="locator" />
    <link:calculationArc order="3" weight="1" xlink:arcrole="http://www.xbrl.org/2003/arcrole/summation-item" xlink:from="loc_us-gaap_StockholdersEquity_2644da13-7baa-0a2f-63e0-0906a691ba01" xlink:to="loc_us-gaap_AccumulatedOtherComprehensiveIncomeLossNetOfTax_aeb1020a-508a-a8c1-f34c-bafff16c26cb" xlink:type="arc" />
  </link:calculationLink>
  <link:calculationLink xlink:role="http://www.apple.com/role/CondensedConsolidatedBalanceSheetsUnauditedParenthetical" xlink:type="extended" />
  <link:calculationLink xlink:role="http://www.apple.com/role/CondensedConsolidatedFinancialStatementDetails" xlink:type="extended" />
  <link:calculationLink xlink:role="http://www.apple.com/role/CondensedConsolidatedFinancialStatementDetailsOtherIncomeExpenseNetDetails" xlink:type="extended">
    <link:loc xlink:href="http://xbrl.fasb.org/us-gaap/2016/elts/us-gaap-2016-01-31.xsd#us-gaap_NonoperatingIncomeExpense" xlink:label="loc_us-gaap_NonoperatingIncomeExpense_9fa8ee46-9d2e-0b63-b65e-c559fb6868a2" xlink:type="locator" />
    <link:loc xlink:href="http://xbrl.fasb.org/us-gaap/2016/elts/us-gaap-2016-01-31.xsd#us-gaap_InvestmentIncomeInterestAndDividend" xlink:label="loc_us-gaap_InvestmentIncomeInterestAndDividend_16ddf8b3-5458-39f1-e9e3-210cbf652aa6" xlink:type="locator" />
    <link:calculationArc order="1" weight="1" xlink:arcrole="http://www.xbrl.org/2003/arcrole/summation-item" xlink:from="loc_us-gaap_NonoperatingIncomeExpense_9fa8ee46-9d2e-0b63-b65e-c559fb6868a2" xlink:to="loc_us-gaap_InvestmentIncomeInterestAndDividend_16ddf8b3-5458-39f1-e9e3-210cbf652aa6" xlink:type="arc" />
    <link:loc xlink:href="http://xbrl.fasb.org/us-gaap/2016/elts/us-gaap-2016-01-31.xsd#us-gaap_InterestExpense" xlink:label="loc_us-gaap_InterestExpense_4b6ddf50-6253-3349-fa29-8fc77f744f58" xlink:type="locator" />
    <link:calculationArc order="2" weight="-1" xlink:arcrole="http://www.xbrl.org/2003/arcrole/summation-item" xlink:from="loc_us-gaap_NonoperatingIncomeExpense_9fa8ee46-9d2e-0b63-b65e-c559fb6868a2" xlink:to="loc_us-gaap_InterestExpense_4b6ddf50-6253-3349-fa29-8fc77f744f58" xlink:type="arc" />
    <link:loc xlink:href="http://xbrl.fasb.org/us-gaap/2016/elts/us-gaap-2016-01-31.xsd#us-gaap_OtherNonoperatingIncomeExpense" xlink:label="loc_us-gaap_OtherNonoperatingIncomeExpense_b936f21a-1a1f-465e-d82c-5e014c9c5399" xlink:type="locator" />
    <link:calculationArc order="3" weight="1" xlink:arcrole="http://www.xbrl.org/2003/arcrole/summation-item" xlink:from="loc_us-gaap_NonoperatingIncomeExpense_9fa8ee46-9d2e-0b63-b65e-c559fb6868a2" xlink:to="loc_us-gaap_OtherNonoperatingIncomeExpense_b936f21a-1a1f-465e-d82c-5e014c9c5399" xlink:type="arc" />
  </link:calculationLink>
  <link:calculationLink xlink:role="http://www.apple.com/role/CondensedConsolidatedFinancialStatementDetailsOtherNonCurrentLiabilitiesDetails" xlink:type="extended">
    <link:loc xlink:href="http://xbrl.fasb.org/us-gaap/2016/elts/us-gaap-2016-01-31.xsd#us-gaap_OtherLiabilitiesNoncurrent" xlink:label="loc_us-gaap_OtherLiabilitiesNoncurrent_b65887e3-1865-ef3e-c8ae-81780cbff9ee" xlink:type="locator" />
    <link:loc xlink:href="http://xbrl.fasb.org/us-gaap/2016/elts/us-gaap-2016-01-31.xsd#us-gaap_DeferredTaxLiabilitiesNoncurrent" xlink:label="loc_us-gaap_DeferredTaxLiabilitiesNoncurrent_3b38d8c3-335c-53c8-5510-f59766fb81d5" xlink:type="locator" />
    <link:calculationArc order="1" weight="1" xlink:arcrole="http://www.xbrl.org/2003/arcrole/summation-item" xlink:from="loc_us-gaap_OtherLiabilitiesNoncurrent_b65887e3-1865-ef3e-c8ae-81780cbff9ee" xlink:to="loc_us-gaap_DeferredTaxLiabilitiesNoncurrent_3b38d8c3-335c-53c8-5510-f59766fb81d5" xlink:type="arc" />
    <link:loc xlink:href="http://xbrl.fasb.org/us-gaap/2016/elts/us-gaap-2016-01-31.xsd#us-gaap_OtherAccruedLiabilitiesNoncurrent" xlink:label="loc_us-gaap_OtherAccruedLiabilitiesNoncurrent_06e1afaf-f513-b2e9-c512-9a1b23e534db" xlink:type="locator" />
    <link:calculationArc order="2" weight="1" xlink:arcrole="http://www.xbrl.org/2003/arcrole/summation-item" xlink:from="loc_us-gaap_OtherLiabilitiesNoncurrent_b65887e3-1865-ef3e-c8ae-81780cbff9ee" xlink:to="loc_us-gaap_OtherAccruedLiabilitiesNoncurrent_06e1afaf-f513-b2e9-c512-9a1b23e534db" xlink:type="arc" />
  </link:calculationLink>
  <link:calculationLink xlink:role="http://www.apple.com/role/CondensedConsolidatedFinancialStatementDetailsPropertyPlantAndEquipmentNetDetails" xlink:type="extended">
    <link:loc xlink:href="http://xbrl.fasb.org/us-gaap/2016/elts/us-gaap-2016-01-31.xsd#us-gaap_PropertyPlantAndEquipmentNet" xlink:label="loc_us-gaap_PropertyPlantAndEquipmentNet_68e7c3c1-9b8d-84fe-3a5c-d69c15dfe7a2" xlink:type="locator" />
    <link:loc xlink:href="http://xbrl.fasb.org/us-gaap/2016/elts/us-gaap-2016-01-31.xsd#us-gaap_PropertyPlantAndEquipmentGross" xlink:label="loc_us-gaap_PropertyPlantAndEquipmentGross_8c99d26c-e257-b8ba-86ee-4f792a9452ce" xlink:type="locator" />
    <link:calculationArc order="1" weight="1" xlink:arcrole="http://www.xbrl.org/2003/arcrole/summation-item" xlink:from="loc_us-gaap_PropertyPlantAndEquipmentNet_68e7c3c1-9b8d-84fe-3a5c-d69c15dfe7a2" xlink:to="loc_us-gaap_PropertyPlantAndEquipmentGross_8c99d26c-e257-b8ba-86ee-4f792a9452ce" xlink:type="arc" />
    <link:loc xlink:href="http://xbrl.fasb.org/us-gaap/2016/elts/us-gaap-2016-01-31.xsd#us-gaap_AccumulatedDepreciationDepletionAndAmortizationPropertyPlantAndEquipment" xlink:label="loc_us-gaap_AccumulatedDepreciationDepletionAndAmortizationPropertyPlantAndEquipment_95ebcb07-1c4a-1ded-365f-edc9cd2fa101" xlink:type="locator" />
    <link:calculationArc order="2" weight="-1" xlink:arcrole="http://www.xbrl.org/2003/arcrole/summation-item" xlink:from="loc_us-gaap_PropertyPlantAndEquipmentNet_68e7c3c1-9b8d-84fe-3a5c-d69c15dfe7a2" xlink:to="loc_us-gaap_AccumulatedDepreciationDepletionAndAmortizationPropertyPlantAndEquipment_95ebcb07-1c4a-1ded-365f-edc9cd2fa101" xlink:type="arc" />
  </link:calculationLink>
  <link:calculationLink xlink:role="http://www.apple.com/role/CondensedConsolidatedFinancialStatementDetailsTables" xlink:type="extended" />
  <link:calculationLink xlink:role="http://www.apple.com/role/CondensedConsolidatedStatementsOfCashFlowsUnaudited" xlink:type="extended">
    <link:loc xlink:href="http://xbrl.fasb.org/us-gaap/2016/elts/us-gaap-2016-01-31.xsd#us-gaap_CashAndCashEquivalentsPeriodIncreaseDecrease" xlink:label="loc_us-gaap_CashAndCashEquivalentsPeriodIncreaseDecrease_104af714-3829-5d79-3fb3-059f86c366da" xlink:type="locator" />
    <link:loc xlink:href="http://xbrl.fasb.org/us-gaap/2016/elts/us-gaap-2016-01-31.xsd#us-gaap_NetCashProvidedByUsedInOperatingActivities" xlink:label="loc_us-gaap_NetCashProvidedByUsedInOperatingActivities_975a3fab-7f49-5162-2cb5-31bb1479931f" xlink:type="locator" />
    <link:calculationArc order="1" weight="1" xlink:arcrole="http://www.xbrl.org/2003/arcrole/summation-item" xlink:from="loc_us-gaap_CashAndCashEquivalentsPeriodIncreaseDecrease_104af714-3829-5d79-3fb3-059f86c366da" xlink:to="loc_us-gaap_NetCashProvidedByUsedInOperatingActivities_975a3fab-7f49-5162-2cb5-31bb1479931f" xlink:type="arc" />
    <link:loc xlink:href="http://xbrl.fasb.org/us-gaap/2016/elts/us-gaap-2016-01-31.xsd#us-gaap_NetIncomeLoss" xlink:label="loc_us-gaap_NetIncomeLoss_8baf87d5-5f2f-7d0d-cb85-b9f249bae0c5" xlink:type="locator" />
    <link:calculationArc order="1" weight="1" xlink:arcrole="http://www.xbrl.org/2003/arcrole/summation-item" xlink:from="loc_us-gaap_NetCashProvidedByUsedInOperatingActivities_975a3fab-7f49-5162-2cb5-31bb1479931f" xlink:to="loc_us-gaap_NetIncomeLoss_8baf87d5-5f2f-7d0d-cb85-b9f249bae0c5" xlink:type="arc" />
    <link:loc xlink:href="http://xbrl.fasb.org/us-gaap/2016/elts/us-gaap-2016-01-31.xsd#us-gaap_DepreciationAmortizationAndAccretionNet" xlink:label="loc_us-gaap_DepreciationAmortizationAndAccretionNet_31fc303b-1b94-6362-1b8a-157609a23bce" xlink:type="locator" />
    <link:calculationArc order="2" weight="1" xlink:arcrole="http://www.xbrl.org/2003/arcrole/summation-item" xlink:from="loc_us-gaap_NetCashProvidedByUsedInOperatingActivities_975a3fab-7f49-5162-2cb5-31bb1479931f" xlink:to="loc_us-gaap_DepreciationAmortizationAndAccretionNet_31fc303b-1b94-6362-1b8a-157609a23bce" xlink:type="arc" />
    <link:loc xlink:href="http://xbrl.fasb.org/us-gaap/2016/elts/us-gaap-2016-01-31.xsd#us-gaap_ShareBasedCompensation" xlink:label="loc_us-gaap_ShareBasedCompensation_432488d8-28ca-5b8d-679b-29be120957b5" xlink:type="locator" />
    <link:calculationArc order="3" weight="1" xlink:arcrole="http://www.xbrl.org/2003/arcrole/summation-item" xlink:from="loc_us-gaap_NetCashProvidedByUsedInOperatingActivities_975a3fab-7f49-5162-2cb5-31bb1479931f" xlink:to="loc_us-gaap_ShareBasedCompensation_432488d8-28ca-5b8d-679b-29be120957b5" xlink:type="arc" />
    <link:loc xlink:href="http://xbrl.fasb.org/us-gaap/2016/elts/us-gaap-2016-01-31.xsd#us-gaap_DeferredIncomeTaxExpenseBenefit" xlink:label="loc_us-gaap_DeferredIncomeTaxExpenseBenefit_91674616-989d-90e8-1302-b52ff7a33098" xlink:type="locator" />
    <link:calculationArc order="4" weight="1" xlink:arcrole="http://www.xbrl.org/2003/arcrole/summation-item" xlink:from="loc_us-gaap_NetCashProvidedByUsedInOperatingActivities_975a3fab-7f49-5162-2cb5-31bb1479931f" xlink:to="loc_us-gaap_DeferredIncomeTaxExpenseBenefit_91674616-989d-90e8-1302-b52ff7a33098" xlink:type="arc" />
    <link:loc xlink:href="http://xbrl.fasb.org/us-gaap/2016/elts/us-gaap-2016-01-31.xsd#us-gaap_IncreaseDecreaseInAccountsReceivable" xlink:label="loc_us-gaap_IncreaseDecreaseInAccountsReceivable_ffe19198-61f8-be6a-6111-42f645804604" xlink:type="locator" />
    <link:calculationArc order="5" weight="-1" xlink:arcrole="http://www.xbrl.org/2003/arcrole/summation-item" xlink:from="loc_us-gaap_NetCashProvidedByUsedInOperatingActivities_975a3fab-7f49-5162-2cb5-31bb1479931f" xlink:to="loc_us-gaap_IncreaseDecreaseInAccountsReceivable_ffe19198-61f8-be6a-6111-42f645804604" xlink:type="arc" />
    <link:loc xlink:href="http://xbrl.fasb.org/us-gaap/2016/elts/us-gaap-2016-01-31.xsd#us-gaap_IncreaseDecreaseInInventories" xlink:label="loc_us-gaap_IncreaseDecreaseInInventories_bae7c33e-3fd3-413e-0f2e-aaa9daaa49d7" xlink:type="locator" />
    <link:calculationArc order="6" weight="-1" xlink:arcrole="http://www.xbrl.org/2003/arcrole/summation-item" xlink:from="loc_us-gaap_NetCashProvidedByUsedInOperatingActivities_975a3fab-7f49-5162-2cb5-31bb1479931f" xlink:to="loc_us-gaap_IncreaseDecreaseInInventories_bae7c33e-3fd3-413e-0f2e-aaa9daaa49d7" xlink:type="arc" />
    <link:loc xlink:href="http://xbrl.fasb.org/us-gaap/2016/elts/us-gaap-2016-01-31.xsd#us-gaap_IncreaseDecreaseInOtherOperatingAssets" xlink:label="loc_us-gaap_IncreaseDecreaseInOtherOperatingAssets_d8c0a214-0b0d-1fc8-686b-ed5eca49895f" xlink:type="locator" />
    <link:calculationArc order="7" weight="-1" xlink:arcrole="http://www.xbrl.org/2003/arcrole/summation-item" xlink:from="loc_us-gaap_NetCashProvidedByUsedInOperatingActivities_975a3fab-7f49-5162-2cb5-31bb1479931f" xlink:to="loc_us-gaap_IncreaseDecreaseInOtherOperatingAssets_d8c0a214-0b0d-1fc8-686b-ed5eca49895f" xlink:type="arc" />
    <link:loc xlink:href="http://xbrl.fasb.org/us-gaap/2016/elts/us-gaap-2016-01-31.xsd#us-gaap_IncreaseDecreaseInAccountsPayable" xlink:label="loc_us-gaap_IncreaseDecreaseInAccountsPayable_503015f3-ea26-0d7a-c655-6d6aff0c5fab" xlink:type="locator" />
    <link:calculationArc order="8" weight="1" xlink:arcrole="http://www.xbrl.org/2003/arcrole/summation-item" xlink:from="loc_us-gaap_NetCashProvidedByUsedInOperatingActivities_975a3fab-7f49-5162-2cb5-31bb1479931f" xlink:to="loc_us-gaap_IncreaseDecreaseInAccountsPayable_503015f3-ea26-0d7a-c655-6d6aff0c5fab" xlink:type="arc" />
    <link:loc xlink:href="http://xbrl.fasb.org/us-gaap/2016/elts/us-gaap-2016-01-31.xsd#us-gaap_IncreaseDecreaseInDeferredRevenue" xlink:label="loc_us-gaap_IncreaseDecreaseInDeferredRevenue_38bb77ff-9a71-da5a-ae9a-8c89f84c6b01" xlink:type="locator" />
    <link:calculationArc order="9" weight="1" xlink:arcrole="http://www.xbrl.org/2003/arcrole/summation-item" xlink:from="loc_us-gaap_NetCashProvidedByUsedInOperatingActivities_975a3fab-7f49-5162-2cb5-31bb1479931f" xlink:to="loc_us-gaap_IncreaseDecreaseInDeferredRevenue_38bb77ff-9a71-da5a-ae9a-8c89f84c6b01" xlink:type="arc" />
    <link:loc xlink:href="http://xbrl.fasb.org/us-gaap/2016/elts/us-gaap-2016-01-31.xsd#us-gaap_IncreaseDecreaseInOtherOperatingLiabilities" xlink:label="loc_us-gaap_IncreaseDecreaseInOtherOperatingLiabilities_7a016eeb-d472-4272-2fad-97e749a6fbc2" xlink:type="locator" />
    <link:calculationArc order="10" weight="1" xlink:arcrole="http://www.xbrl.org/2003/arcrole/summation-item" xlink:from="loc_us-gaap_NetCashProvidedByUsedInOperatingActivities_975a3fab-7f49-5162-2cb5-31bb1479931f" xlink:to="loc_us-gaap_IncreaseDecreaseInOtherOperatingLiabilities_7a016eeb-d472-4272-2fad-97e749a6fbc2" xlink:type="arc" />
    <link:loc xlink:href="http://xbrl.fasb.org/us-gaap/2016/elts/us-gaap-2016-01-31.xsd#us-gaap_IncreaseDecreaseInOtherReceivables" xlink:label="loc_us-gaap_IncreaseDecreaseInOtherReceivables_a4dde291-0e47-6243-6acc-25ec64d84648" xlink:type="locator" />
    <link:calculationArc order="11" weight="-1" xlink:arcrole="http://www.xbrl.org/2003/arcrole/summation-item" xlink:from="loc_us-gaap_NetCashProvidedByUsedInOperatingActivities_975a3fab-7f49-5162-2cb5-31bb1479931f" xlink:to="loc_us-gaap_IncreaseDecreaseInOtherReceivables_a4dde291-0e47-6243-6acc-25ec64d84648" xlink:type="arc" />
    <link:loc xlink:href="http://xbrl.fasb.org/us-gaap/2016/elts/us-gaap-2016-01-31.xsd#us-gaap_OtherNoncashIncomeExpense" xlink:label="loc_us-gaap_OtherNoncashIncomeExpense_ef024267-fc04-b9fd-6e4e-38d399da963a" xlink:type="locator" />
    <link:calculationArc order="12" weight="-1" xlink:arcrole="http://www.xbrl.org/2003/arcrole/summation-item" xlink:from="loc_us-gaap_NetCashProvidedByUsedInOperatingActivities_975a3fab-7f49-5162-2cb5-31bb1479931f" xlink:to="loc_us-gaap_OtherNoncashIncomeExpense_ef024267-fc04-b9fd-6e4e-38d399da963a" xlink:type="arc" />
    <link:loc xlink:href="http://xbrl.fasb.org/us-gaap/2016/elts/us-gaap-2016-01-31.xsd#us-gaap_NetCashProvidedByUsedInInvestingActivities" xlink:label="loc_us-gaap_NetCashProvidedByUsedInInvestingActivities_95f67350-d3ec-5d41-e3b2-a4fe7a19e15b" xlink:type="locator" />
    <link:calculationArc order="2" weight="1" xlink:arcrole="http://www.xbrl.org/2003/arcrole/summation-item" xlink:from="loc_us-gaap_CashAndCashEquivalentsPeriodIncreaseDecrease_104af714-3829-5d79-3fb3-059f86c366da" xlink:to="loc_us-gaap_NetCashProvidedByUsedInInvestingActivities_95f67350-d3ec-5d41-e3b2-a4fe7a19e15b" xlink:type="arc" />
    <link:loc xlink:href="http://xbrl.fasb.org/us-gaap/2016/elts/us-gaap-2016-01-31.xsd#us-gaap_PaymentsToAcquireAvailableForSaleSecurities" xlink:label="loc_us-gaap_PaymentsToAcquireAvailableForSaleSecurities_c02ad689-0839-347f-dbb5-560ba41e6864" xlink:type="locator" />
    <link:calculationArc order="1" weight="-1" xlink:arcrole="http://www.xbrl.org/2003/arcrole/summation-item" xlink:from="loc_us-gaap_NetCashProvidedByUsedInInvestingActivities_95f67350-d3ec-5d41-e3b2-a4fe7a19e15b" xlink:to="loc_us-gaap_PaymentsToAcquireAvailableForSaleSecurities_c02ad689-0839-347f-dbb5-560ba41e6864" xlink:type="arc" />
    <link:loc xlink:href="http://xbrl.fasb.org/us-gaap/2016/elts/us-gaap-2016-01-31.xsd#us-gaap_ProceedsFromMaturitiesPrepaymentsAndCallsOfAvailableForSaleSecurities" xlink:label="loc_us-gaap_ProceedsFromMaturitiesPrepaymentsAndCallsOfAvailableForSaleSecurities_8537a914-fea0-e31b-4574-5efbd321ed57" xlink:type="locator" />
    <link:calculationArc order="2" weight="1" xlink:arcrole="http://www.xbrl.org/2003/arcrole/summation-item" xlink:from="loc_us-gaap_NetCashProvidedByUsedInInvestingActivities_95f67350-d3ec-5d41-e3b2-a4fe7a19e15b" xlink:to="loc_us-gaap_ProceedsFromMaturitiesPrepaymentsAndCallsOfAvailableForSaleSecurities_8537a914-fea0-e31b-4574-5efbd321ed57" xlink:type="arc" />
    <link:loc xlink:href="http://xbrl.fasb.org/us-gaap/2016/elts/us-gaap-2016-01-31.xsd#us-gaap_ProceedsFromSaleOfAvailableForSaleSecurities" xlink:label="loc_us-gaap_ProceedsFromSaleOfAvailableForSaleSecurities_37f1e565-0f5b-d294-1fab-1f43106882e2" xlink:type="locator" />
    <link:calculationArc order="3" weight="1" xlink:arcrole="http://www.xbrl.org/2003/arcrole/summation-item" xlink:from="loc_us-gaap_NetCashProvidedByUsedInInvestingActivities_95f67350-d3ec-5d41-e3b2-a4fe7a19e15b" xlink:to="loc_us-gaap_ProceedsFromSaleOfAvailableForSaleSecurities_37f1e565-0f5b-d294-1fab-1f43106882e2" xlink:type="arc" />
    <link:loc xlink:href="http://xbrl.fasb.org/us-gaap/2016/elts/us-gaap-2016-01-31.xsd#us-gaap_PaymentsToAcquireBusinessesNetOfCashAcquired" xlink:label="loc_us-gaap_PaymentsToAcquireBusinessesNetOfCashAcquired_4a851329-dac2-753a-9238-81894caa8647" xlink:type="locator" />
    <link:calculationArc order="4" weight="-1" xlink:arcrole="http://www.xbrl.org/2003/arcrole/summation-item" xlink:from="loc_us-gaap_NetCashProvidedByUsedInInvestingActivities_95f67350-d3ec-5d41-e3b2-a4fe7a19e15b" xlink:to="loc_us-gaap_PaymentsToAcquireBusinessesNetOfCashAcquired_4a851329-dac2-753a-9238-81894caa8647" xlink:type="arc" />
    <link:loc xlink:href="http://xbrl.fasb.org/us-gaap/2016/elts/us-gaap-2016-01-31.xsd#us-gaap_PaymentsToAcquirePropertyPlantAndEquipment" xlink:label="loc_us-gaap_PaymentsToAcquirePropertyPlantAndEquipment_991d89e2-25f7-1061-f5f8-86acc91f176b" xlink:type="locator" />
    <link:calculationArc order="5" weight="-1" xlink:arcrole="http://www.xbrl.org/2003/arcrole/summation-item" xlink:from="loc_us-gaap_NetCashProvidedByUsedInInvestingActivities_95f67350-d3ec-5d41-e3b2-a4fe7a19e15b" xlink:to="loc_us-gaap_PaymentsToAcquirePropertyPlantAndEquipment_991d89e2-25f7-1061-f5f8-86acc91f176b" xlink:type="arc" />
    <link:loc xlink:href="http://xbrl.fasb.org/us-gaap/2016/elts/us-gaap-2016-01-31.xsd#us-gaap_PaymentsToAcquireIntangibleAssets" xlink:label="loc_us-gaap_PaymentsToAcquireIntangibleAssets_fd30e334-9842-e274-9b27-bbbf9eeb6080" xlink:type="locator" />
    <link:calculationArc order="6" weight="-1" xlink:arcrole="http://www.xbrl.org/2003/arcrole/summation-item" xlink:from="loc_us-gaap_NetCashProvidedByUsedInInvestingActivities_95f67350-d3ec-5d41-e3b2-a4fe7a19e15b" xlink:to="loc_us-gaap_PaymentsToAcquireIntangibleAssets_fd30e334-9842-e274-9b27-bbbf9eeb6080" xlink:type="arc" />
    <link:loc xlink:href="http://xbrl.fasb.org/us-gaap/2016/elts/us-gaap-2016-01-31.xsd#us-gaap_PaymentsForProceedsFromOtherInvestingActivities" xlink:label="loc_us-gaap_PaymentsForProceedsFromOtherInvestingActivities_f727506e-917a-c7f2-effd-742269ec6604" xlink:type="locator" />
    <link:calculationArc order="7" weight="-1" xlink:arcrole="http://www.xbrl.org/2003/arcrole/summation-item" xlink:from="loc_us-gaap_NetCashProvidedByUsedInInvestingActivities_95f67350-d3ec-5d41-e3b2-a4fe7a19e15b" xlink:to="loc_us-gaap_PaymentsForProceedsFromOtherInvestingActivities_f727506e-917a-c7f2-effd-742269ec6604" xlink:type="arc" />
    <link:loc xlink:href="http://xbrl.fasb.org/us-gaap/2016/elts/us-gaap-2016-01-31.xsd#us-gaap_PaymentsToAcquireOtherInvestments" xlink:label="loc_us-gaap_PaymentsToAcquireOtherInvestments_0e632ecb-cbb9-0b49-7e2e-844f7ae9d915" xlink:type="locator" />
    <link:calculationArc order="8" weight="-1" xlink:arcrole="http://www.xbrl.org/2003/arcrole/summation-item" xlink:from="loc_us-gaap_NetCashProvidedByUsedInInvestingActivities_95f67350-d3ec-5d41-e3b2-a4fe7a19e15b" xlink:to="loc_us-gaap_PaymentsToAcquireOtherInvestments_0e632ecb-cbb9-0b49-7e2e-844f7ae9d915" xlink:type="arc" />
    <link:loc xlink:href="http://xbrl.fasb.org/us-gaap/2016/elts/us-gaap-2016-01-31.xsd#us-gaap_NetCashProvidedByUsedInFinancingActivities" xlink:label="loc_us-gaap_NetCashProvidedByUsedInFinancingActivities_08614f0c-c3a2-4c92-7c1d-aed5de18fe70" xlink:type="locator" />
    <link:calculationArc order="3" weight="1" xlink:arcrole="http://www.xbrl.org/2003/arcrole/summation-item" xlink:from="loc_us-gaap_CashAndCashEquivalentsPeriodIncreaseDecrease_104af714-3829-5d79-3fb3-059f86c366da" xlink:to="loc_us-gaap_NetCashProvidedByUsedInFinancingActivities_08614f0c-c3a2-4c92-7c1d-aed5de18fe70" xlink:type="arc" />
    <link:loc xlink:href="http://xbrl.fasb.org/us-gaap/2016/elts/us-gaap-2016-01-31.xsd#us-gaap_ProceedsFromIssuanceOfCommonStock" xlink:label="loc_us-gaap_ProceedsFromIssuanceOfCommonStock_df373d95-9aed-55aa-3255-855344ae0add" xlink:type="locator" />
    <link:calculationArc order="1" weight="1" xlink:arcrole="http://www.xbrl.org/2003/arcrole/summation-item" xlink:from="loc_us-gaap_NetCashProvidedByUsedInFinancingActivities_08614f0c-c3a2-4c92-7c1d-aed5de18fe70" xlink:to="loc_us-gaap_ProceedsFromIssuanceOfCommonStock_df373d95-9aed-55aa-3255-855344ae0add" xlink:type="arc" />
    <link:loc xlink:href="http://xbrl.fasb.org/us-gaap/2016/elts/us-gaap-2016-01-31.xsd#us-gaap_ExcessTaxBenefitFromShareBasedCompensationFinancingActivities" xlink:label="loc_us-gaap_ExcessTaxBenefitFromShareBasedCompensationFinancingActivities_11b1e641-cd86-3d66-b07d-893757bffb5e" xlink:type="locator" />
    <link:calculationArc order="2" weight="1" xlink:arcrole="http://www.xbrl.org/2003/arcrole/summation-item" xlink:from="loc_us-gaap_NetCashProvidedByUsedInFinancingActivities_08614f0c-c3a2-4c92-7c1d-aed5de18fe70" xlink:to="loc_us-gaap_ExcessTaxBenefitFromShareBasedCompensationFinancingActivities_11b1e641-cd86-3d66-b07d-893757bffb5e" xlink:type="arc" />
    <link:loc xlink:href="http://xbrl.fasb.org/us-gaap/2016/elts/us-gaap-2016-01-31.xsd#us-gaap_PaymentsRelatedToTaxWithholdingForShareBasedCompensation" xlink:label="loc_us-gaap_PaymentsRelatedToTaxWithholdingForShareBasedCompensation_11ed54de-8651-64ce-6bd2-47983535a6d4" xlink:type="locator" />
    <link:calculationArc order="3" weight="-1" xlink:arcrole="http://www.xbrl.org/2003/arcrole/summation-item" xlink:from="loc_us-gaap_NetCashProvidedByUsedInFinancingActivities_08614f0c-c3a2-4c92-7c1d-aed5de18fe70" xlink:to="loc_us-gaap_PaymentsRelatedToTaxWithholdingForShareBasedCompensation_11ed54de-8651-64ce-6bd2-47983535a6d4" xlink:type="arc" />
    <link:loc xlink:href="aapl-20170401.xsd#aapl_PaymentsOfDividendsAndDividendEquivalentsOnCommonStockAndRestrictedStockUnits" xlink:label="loc_aapl_PaymentsOfDividendsAndDividendEquivalentsOnCommonStockAndRestrictedStockUnits_60928fa2-a68b-c083-0fc1-6e605352d46e" xlink:type="locator" />
    <link:calculationArc order="4" weight="-1" xlink:arcrole="http://www.xbrl.org/2003/arcrole/summation-item" xlink:from="loc_us-gaap_NetCashProvidedByUsedInFinancingActivities_08614f0c-c3a2-4c92-7c1d-aed5de18fe70" xlink:to="loc_aapl_PaymentsOfDividendsAndDividendEquivalentsOnCommonStockAndRestrictedStockUnits_60928fa2-a68b-c083-0fc1-6e605352d46e" xlink:type="arc" />
    <link:loc xlink:href="http://xbrl.fasb.org/us-gaap/2016/elts/us-gaap-2016-01-31.xsd#us-gaap_PaymentsForRepurchaseOfCommonStock" xlink:label="loc_us-gaap_PaymentsForRepurchaseOfCommonStock_fc2ca57d-dc62-7ce6-b2c4-25896bddd1fc" xlink:type="locator" />
    <link:calculationArc order="5" weight="-1" xlink:arcrole="http://www.xbrl.org/2003/arcrole/summation-item" xlink:from="loc_us-gaap_NetCashProvidedByUsedInFinancingActivities_08614f0c-c3a2-4c92-7c1d-aed5de18fe70" xlink:to="loc_us-gaap_PaymentsForRepurchaseOfCommonStock_fc2ca57d-dc62-7ce6-b2c4-25896bddd1fc" xlink:type="arc" />
    <link:loc xlink:href="http://xbrl.fasb.org/us-gaap/2016/elts/us-gaap-2016-01-31.xsd#us-gaap_ProceedsFromIssuanceOfLongTermDebt" xlink:label="loc_us-gaap_ProceedsFromIssuanceOfLongTermDebt_866e0d33-eabf-2b46-aabe-ae0e1d229b78" xlink:type="locator" />
    <link:calculationArc order="6" weight="1" xlink:arcrole="http://www.xbrl.org/2003/arcrole/summation-item" xlink:from="loc_us-gaap_NetCashProvidedByUsedInFinancingActivities_08614f0c-c3a2-4c92-7c1d-aed5de18fe70" xlink:to="loc_us-gaap_ProceedsFromIssuanceOfLongTermDebt_866e0d33-eabf-2b46-aabe-ae0e1d229b78" xlink:type="arc" />
    <link:loc xlink:href="http://xbrl.fasb.org/us-gaap/2016/elts/us-gaap-2016-01-31.xsd#us-gaap_ProceedsFromRepaymentsOfCommercialPaper" xlink:label="loc_us-gaap_ProceedsFromRepaymentsOfCommercialPaper_ade3b056-2be2-47ec-44d0-a89afddd03d6" xlink:type="locator" />
    <link:calculationArc order="7" weight="1" xlink:arcrole="http://www.xbrl.org/2003/arcrole/summation-item" xlink:from="loc_us-gaap_NetCashProvidedByUsedInFinancingActivities_08614f0c-c3a2-4c92-7c1d-aed5de18fe70" xlink:to="loc_us-gaap_ProceedsFromRepaymentsOfCommercialPaper_ade3b056-2be2-47ec-44d0-a89afddd03d6" xlink:type="arc" />
  </link:calculationLink>
  <link:calculationLink xlink:role="http://www.apple.com/role/CondensedConsolidatedStatementsOfComprehensiveIncomeUnaudited" xlink:type="extended">
    <link:loc xlink:href="http://xbrl.fasb.org/us-gaap/2016/elts/us-gaap-2016-01-31.xsd#us-gaap_ComprehensiveIncomeNetOfTax" xlink:label="loc_us-gaap_ComprehensiveIncomeNetOfTax_663a641c-b103-1e10-d3ec-c078ec7a031b" xlink:type="locator" />
    <link:loc xlink:href="http://xbrl.fasb.org/us-gaap/2016/elts/us-gaap-2016-01-31.xsd#us-gaap_NetIncomeLoss" xlink:label="loc_us-gaap_NetIncomeLoss_8baf87d5-5f2f-7d0d-cb85-b9f249bae0c5" xlink:type="locator" />
    <link:calculationArc order="1" weight="1" xlink:arcrole="http://www.xbrl.org/2003/arcrole/summation-item" xlink:from="loc_us-gaap_ComprehensiveIncomeNetOfTax_663a641c-b103-1e10-d3ec-c078ec7a031b" xlink:to="loc_us-gaap_NetIncomeLoss_8baf87d5-5f2f-7d0d-cb85-b9f249bae0c5" xlink:type="arc" />
    <link:loc xlink:href="http://xbrl.fasb.org/us-gaap/2016/elts/us-gaap-2016-01-31.xsd#us-gaap_OtherComprehensiveIncomeLossNetOfTaxPortionAttributableToParent" xlink:label="loc_us-gaap_OtherComprehensiveIncomeLossNetOfTaxPortionAttributableToParent_fc027bcf-19a3-7936-be65-3ec1deb94fb4" xlink:type="locator" />
    <link:calculationArc order="2" weight="1" xlink:arcrole="http://www.xbrl.org/2003/arcrole/summation-item" xlink:from="loc_us-gaap_ComprehensiveIncomeNetOfTax_663a641c-b103-1e10-d3ec-c078ec7a031b" xlink:to="loc_us-gaap_OtherComprehensiveIncomeLossNetOfTaxPortionAttributableToParent_fc027bcf-19a3-7936-be65-3ec1deb94fb4" xlink:type="arc" />
    <link:loc xlink:href="http://xbrl.fasb.org/us-gaap/2016/elts/us-gaap-2016-01-31.xsd#us-gaap_OtherComprehensiveIncomeLossForeignCurrencyTransactionAndTranslationAdjustmentNetOfTax" xlink:label="loc_us-gaap_OtherComprehensiveIncomeLossForeignCurrencyTransactionAndTranslationAdjustmentNetOfTax_7263cb18-5b58-9955-8575-e8eaa5dac989" xlink:type="locator" />
    <link:calculationArc order="1" weight="1" xlink:arcrole="http://www.xbrl.org/2003/arcrole/summation-item" xlink:from="loc_us-gaap_OtherComprehensiveIncomeLossNetOfTaxPortionAttributableToParent_fc027bcf-19a3-7936-be65-3ec1deb94fb4" xlink:to="loc_us-gaap_OtherComprehensiveIncomeLossForeignCurrencyTransactionAndTranslationAdjustmentNetOfTax_7263cb18-5b58-9955-8575-e8eaa5dac989" xlink:type="arc" />
    <link:loc xlink:href="http://xbrl.fasb.org/us-gaap/2016/elts/us-gaap-2016-01-31.xsd#us-gaap_OtherComprehensiveIncomeLossDerivativesQualifyingAsHedgesNetOfTax" xlink:label="loc_us-gaap_OtherComprehensiveIncomeLossDerivativesQualifyingAsHedgesNetOfTax_7888ca55-4b2a-9f3e-262a-d47103cbdac1" xlink:type="locator" />
    <link:calculationArc order="2" weight="1" xlink:arcrole="http://www.xbrl.org/2003/arcrole/summation-item" xlink:from="loc_us-gaap_OtherComprehensiveIncomeLossNetOfTaxPortionAttributableToParent_fc027bcf-19a3-7936-be65-3ec1deb94fb4" xlink:to="loc_us-gaap_OtherComprehensiveIncomeLossDerivativesQualifyingAsHedgesNetOfTax_7888ca55-4b2a-9f3e-262a-d47103cbdac1" xlink:type="arc" />
    <link:loc xlink:href="http://xbrl.fasb.org/us-gaap/2016/elts/us-gaap-2016-01-31.xsd#us-gaap_OtherComprehensiveIncomeUnrealizedGainLossOnDerivativesArisingDuringPeriodNetOfTax" xlink:label="loc_us-gaap_OtherComprehensiveIncomeUnrealizedGainLossOnDerivativesArisingDuringPeriodNetOfTax_d9de8ce9-57ed-333b-718c-8618608550c0" xlink:type="locator" />
    <link:calculationArc order="1" weight="1" xlink:arcrole="http://www.xbrl.org/2003/arcrole/summation-item" xlink:from="loc_us-gaap_OtherComprehensiveIncomeLossDerivativesQualifyingAsHedgesNetOfTax_7888ca55-4b2a-9f3e-262a-d47103cbdac1" xlink:to="loc_us-gaap_OtherComprehensiveIncomeUnrealizedGainLossOnDerivativesArisingDuringPeriodNetOfTax_d9de8ce9-57ed-333b-718c-8618608550c0" xlink:type="arc" />
    <link:loc xlink:href="http://xbrl.fasb.org/us-gaap/2016/elts/us-gaap-2016-01-31.xsd#us-gaap_OtherComprehensiveIncomeLossReclassificationAdjustmentFromAOCIOnDerivativesNetOfTax" xlink:label="loc_us-gaap_OtherComprehensiveIncomeLossReclassificationAdjustmentFromAOCIOnDerivativesNetOfTax_767808f1-67e4-3a9e-d369-91823cb4cb6e" xlink:type="locator" />
    <link:calculationArc order="2" weight="-1" xlink:arcrole="http://www.xbrl.org/2003/arcrole/summation-item" xlink:from="loc_us-gaap_OtherComprehensiveIncomeLossDerivativesQualifyingAsHedgesNetOfTax_7888ca55-4b2a-9f3e-262a-d47103cbdac1" xlink:to="loc_us-gaap_OtherComprehensiveIncomeLossReclassificationAdjustmentFromAOCIOnDerivativesNetOfTax_767808f1-67e4-3a9e-d369-91823cb4cb6e" xlink:type="arc" />
    <link:loc xlink:href="http://xbrl.fasb.org/us-gaap/2016/elts/us-gaap-2016-01-31.xsd#us-gaap_OtherComprehensiveIncomeLossAvailableForSaleSecuritiesAdjustmentNetOfTax" xlink:label="loc_us-gaap_OtherComprehensiveIncomeLossAvailableForSaleSecuritiesAdjustmentNetOfTax_0f105a40-393d-896e-47b8-344549074b13" xlink:type="locator" />
    <link:calculationArc order="3" weight="1" xlink:arcrole="http://www.xbrl.org/2003/arcrole/summation-item" xlink:from="loc_us-gaap_OtherComprehensiveIncomeLossNetOfTaxPortionAttributableToParent_fc027bcf-19a3-7936-be65-3ec1deb94fb4" xlink:to="loc_us-gaap_OtherComprehensiveIncomeLossAvailableForSaleSecuritiesAdjustmentNetOfTax_0f105a40-393d-896e-47b8-344549074b13" xlink:type="arc" />
    <link:loc xlink:href="http://xbrl.fasb.org/us-gaap/2016/elts/us-gaap-2016-01-31.xsd#us-gaap_OtherComprehensiveIncomeUnrealizedHoldingGainLossOnSecuritiesArisingDuringPeriodNetOfTax" xlink:label="loc_us-gaap_OtherComprehensiveIncomeUnrealizedHoldingGainLossOnSecuritiesArisingDuringPeriodNetOfTax_045a7791-44b8-d416-a735-af6ac83e7eb3" xlink:type="locator" />
    <link:calculationArc order="1" weight="1" xlink:arcrole="http://www.xbrl.org/2003/arcrole/summation-item" xlink:from="loc_us-gaap_OtherComprehensiveIncomeLossAvailableForSaleSecuritiesAdjustmentNetOfTax_0f105a40-393d-896e-47b8-344549074b13" xlink:to="loc_us-gaap_OtherComprehensiveIncomeUnrealizedHoldingGainLossOnSecuritiesArisingDuringPeriodNetOfTax_045a7791-44b8-d416-a735-af6ac83e7eb3" xlink:type="arc" />
    <link:loc xlink:href="http://xbrl.fasb.org/us-gaap/2016/elts/us-gaap-2016-01-31.xsd#us-gaap_OtherComprehensiveIncomeLossReclassificationAdjustmentFromAOCIForSaleOfSecuritiesNetOfTax" xlink:label="loc_us-gaap_OtherComprehensiveIncomeLossReclassificationAdjustmentFromAOCIForSaleOfSecuritiesNetOfTax_2295fde9-6004-04c5-d6d3-8f045ad42e78" xlink:type="locator" />
    <link:calculationArc order="2" weight="-1" xlink:arcrole="http://www.xbrl.org/2003/arcrole/summation-item" xlink:from="loc_us-gaap_OtherComprehensiveIncomeLossAvailableForSaleSecuritiesAdjustmentNetOfTax_0f105a40-393d-896e-47b8-344549074b13" xlink:to="loc_us-gaap_OtherComprehensiveIncomeLossReclassificationAdjustmentFromAOCIForSaleOfSecuritiesNetOfTax_2295fde9-6004-04c5-d6d3-8f045ad42e78" xlink:type="arc" />
  </link:calculationLink>
  <link:calculationLink xlink:role="http://www.apple.com/role/CondensedConsolidatedStatementsOfComprehensiveIncomeUnauditedParenthetical" xlink:type="extended" />
  <link:calculationLink xlink:role="http://www.apple.com/role/CondensedConsolidatedStatementsOfOperationsUnaudited" xlink:type="extended">
    <link:loc xlink:href="http://xbrl.fasb.org/us-gaap/2016/elts/us-gaap-2016-01-31.xsd#us-gaap_NetIncomeLoss" xlink:label="loc_us-gaap_NetIncomeLoss_8baf87d5-5f2f-7d0d-cb85-b9f249bae0c5" xlink:type="locator" />
    <link:loc xlink:href="http://xbrl.fasb.org/us-gaap/2016/elts/us-gaap-2016-01-31.xsd#us-gaap_IncomeLossFromContinuingOperationsBeforeIncomeTaxesExtraordinaryItemsNoncontrollingInterest" xlink:label="loc_us-gaap_IncomeLossFromContinuingOperationsBeforeIncomeTaxesExtraordinaryItemsNoncontrollingInterest_2b73f435-08bc-014c-4845-03f6580194a0" xlink:type="locator" />
    <link:calculationArc order="1" weight="1" xlink:arcrole="http://www.xbrl.org/2003/arcrole/summation-item" xlink:from="loc_us-gaap_NetIncomeLoss_8baf87d5-5f2f-7d0d-cb85-b9f249bae0c5" xlink:to="loc_us-gaap_IncomeLossFromContinuingOperationsBeforeIncomeTaxesExtraordinaryItemsNoncontrollingInterest_2b73f435-08bc-014c-4845-03f6580194a0" xlink:type="arc" />
    <link:loc xlink:href="http://xbrl.fasb.org/us-gaap/2016/elts/us-gaap-2016-01-31.xsd#us-gaap_OperatingIncomeLoss" xlink:label="loc_us-gaap_OperatingIncomeLoss_800dbb3e-0416-e0ab-a30e-cfaeb17b8c4c" xlink:type="locator" />
    <link:calculationArc order="1" weight="1" xlink:arcrole="http://www.xbrl.org/2003/arcrole/summation-item" xlink:from="loc_us-gaap_IncomeLossFromContinuingOperationsBeforeIncomeTaxesExtraordinaryItemsNoncontrollingInterest_2b73f435-08bc-014c-4845-03f6580194a0" xlink:to="loc_us-gaap_OperatingIncomeLoss_800dbb3e-0416-e0ab-a30e-cfaeb17b8c4c" xlink:type="arc" />
    <link:loc xlink:href="http://xbrl.fasb.org/us-gaap/2016/elts/us-gaap-2016-01-31.xsd#us-gaap_GrossProfit" xlink:label="loc_us-gaap_GrossProfit_1fd2c3b5-12a4-0f06-9816-c6d97d4ac6df" xlink:type="locator" />
    <link:calculationArc order="1" weight="1" xlink:arcrole="http://www.xbrl.org/2003/arcrole/summation-item" xlink:from="loc_us-gaap_OperatingIncomeLoss_800dbb3e-0416-e0ab-a30e-cfaeb17b8c4c" xlink:to="loc_us-gaap_GrossProfit_1fd2c3b5-12a4-0f06-9816-c6d97d4ac6df" xlink:type="arc" />
    <link:loc xlink:href="http://xbrl.fasb.org/us-gaap/2016/elts/us-gaap-2016-01-31.xsd#us-gaap_SalesRevenueNet" xlink:label="loc_us-gaap_SalesRevenueNet_f7eb5dbc-6802-ae51-de6b-9a44f4241080" xlink:type="locator" />
    <link:calculationArc order="1" weight="1" xlink:arcrole="http://www.xbrl.org/2003/arcrole/summation-item" xlink:from="loc_us-gaap_GrossProfit_1fd2c3b5-12a4-0f06-9816-c6d97d4ac6df" xlink:to="loc_us-gaap_SalesRevenueNet_f7eb5dbc-6802-ae51-de6b-9a44f4241080" xlink:type="arc" />
    <link:loc xlink:href="http://xbrl.fasb.org/us-gaap/2016/elts/us-gaap-2016-01-31.xsd#us-gaap_CostOfGoodsAndServicesSold" xlink:label="loc_us-gaap_CostOfGoodsAndServicesSold_368e9778-4d12-f736-79b9-637804de9992" xlink:type="locator" />
    <link:calculationArc order="2" weight="-1" xlink:arcrole="http://www.xbrl.org/2003/arcrole/summation-item" xlink:from="loc_us-gaap_GrossProfit_1fd2c3b5-12a4-0f06-9816-c6d97d4ac6df" xlink:to="loc_us-gaap_CostOfGoodsAndServicesSold_368e9778-4d12-f736-79b9-637804de9992" xlink:type="arc" />
    <link:loc xlink:href="http://xbrl.fasb.org/us-gaap/2016/elts/us-gaap-2016-01-31.xsd#us-gaap_OperatingExpenses" xlink:label="loc_us-gaap_OperatingExpenses_8018a1c5-8b31-881d-1f35-ba7ca791bffa" xlink:type="locator" />
    <link:calculationArc order="2" weight="-1" xlink:arcrole="http://www.xbrl.org/2003/arcrole/summation-item" xlink:from="loc_us-gaap_OperatingIncomeLoss_800dbb3e-0416-e0ab-a30e-cfaeb17b8c4c" xlink:to="loc_us-gaap_OperatingExpenses_8018a1c5-8b31-881d-1f35-ba7ca791bffa" xlink:type="arc" />
    <link:loc xlink:href="http://xbrl.fasb.org/us-gaap/2016/elts/us-gaap-2016-01-31.xsd#us-gaap_ResearchAndDevelopmentExpense" xlink:label="loc_us-gaap_ResearchAndDevelopmentExpense_61ca427c-a8f7-736f-ff6b-927d826fc7fa" xlink:type="locator" />
    <link:calculationArc order="1" weight="1" xlink:arcrole="http://www.xbrl.org/2003/arcrole/summation-item" xlink:from="loc_us-gaap_OperatingExpenses_8018a1c5-8b31-881d-1f35-ba7ca791bffa" xlink:to="loc_us-gaap_ResearchAndDevelopmentExpense_61ca427c-a8f7-736f-ff6b-927d826fc7fa" xlink:type="arc" />
    <link:loc xlink:href="http://xbrl.fasb.org/us-gaap/2016/elts/us-gaap-2016-01-31.xsd#us-gaap_SellingGeneralAndAdministrativeExpense" xlink:label="loc_us-gaap_SellingGeneralAndAdministrativeExpense_33158828-aa18-5ead-beab-c284c08cb606" xlink:type="locator" />
    <link:calculationArc order="2" weight="1" xlink:arcrole="http://www.xbrl.org/2003/arcrole/summation-item" xlink:from="loc_us-gaap_OperatingExpenses_8018a1c5-8b31-881d-1f35-ba7ca791bffa" xlink:to="loc_us-gaap_SellingGeneralAndAdministrativeExpense_33158828-aa18-5ead-beab-c284c08cb606" xlink:type="arc" />
    <link:loc xlink:href="http://xbrl.fasb.org/us-gaap/2016/elts/us-gaap-2016-01-31.xsd#us-gaap_NonoperatingIncomeExpense" xlink:label="loc_us-gaap_NonoperatingIncomeExpense_9fa8ee46-9d2e-0b63-b65e-c559fb6868a2" xlink:type="locator" />
    <link:calculationArc order="2" weight="1" xlink:arcrole="http://www.xbrl.org/2003/arcrole/summation-item" xlink:from="loc_us-gaap_IncomeLossFromContinuingOperationsBeforeIncomeTaxesExtraordinaryItemsNoncontrollingInterest_2b73f435-08bc-014c-4845-03f6580194a0" xlink:to="loc_us-gaap_NonoperatingIncomeExpense_9fa8ee46-9d2e-0b63-b65e-c559fb6868a2" xlink:type="arc" />
    <link:loc xlink:href="http://xbrl.fasb.org/us-gaap/2016/elts/us-gaap-2016-01-31.xsd#us-gaap_IncomeTaxExpenseBenefit" xlink:label="loc_us-gaap_IncomeTaxExpenseBenefit_9b166675-b7b2-1067-1806-03b1ee0126f1" xlink:type="locator" />
    <link:calculationArc order="2" weight="-1" xlink:arcrole="http://www.xbrl.org/2003/arcrole/summation-item" xlink:from="loc_us-gaap_NetIncomeLoss_8baf87d5-5f2f-7d0d-cb85-b9f249bae0c5" xlink:to="loc_us-gaap_IncomeTaxExpenseBenefit_9b166675-b7b2-1067-1806-03b1ee0126f1" xlink:type="arc" />
  </link:calculationLink>
  <link:calculationLink xlink:role="http://www.apple.com/role/Debt" xlink:type="extended" />
  <link:calculationLink xlink:role="http://www.apple.com/role/DebtAdditionalInformationDetails" xlink:type="extended" />
  <link:calculationLink xlink:role="http://www.apple.com/role/DebtSummaryOfCashFlowsAssociatedWithCommercialPaperDetails" xlink:type="extended">
    <link:loc xlink:href="http://xbrl.fasb.org/us-gaap/2016/elts/us-gaap-2016-01-31.xsd#us-gaap_ProceedsFromRepaymentsOfCommercialPaper" xlink:label="loc_us-gaap_ProceedsFromRepaymentsOfCommercialPaper_ade3b056-2be2-47ec-44d0-a89afddd03d6" xlink:type="locator" />
    <link:loc xlink:href="http://xbrl.fasb.org/us-gaap/2016/elts/us-gaap-2016-01-31.xsd#us-gaap_ProceedsFromRepaymentsOfShortTermDebtMaturingInThreeMonthsOrLess" xlink:label="loc_us-gaap_ProceedsFromRepaymentsOfShortTermDebtMaturingInThreeMonthsOrLess_bc4f1aa9-95c0-68aa-5280-be2a83e73757" xlink:type="locator" />
    <link:calculationArc order="1" weight="1" xlink:arcrole="http://www.xbrl.org/2003/arcrole/summation-item" xlink:from="loc_us-gaap_ProceedsFromRepaymentsOfCommercialPaper_ade3b056-2be2-47ec-44d0-a89afddd03d6" xlink:to="loc_us-gaap_ProceedsFromRepaymentsOfShortTermDebtMaturingInThreeMonthsOrLess_bc4f1aa9-95c0-68aa-5280-be2a83e73757" xlink:type="arc" />
    <link:loc xlink:href="http://xbrl.fasb.org/us-gaap/2016/elts/us-gaap-2016-01-31.xsd#us-gaap_ProceedsFromRepaymentsOfShortTermDebtMaturingInMoreThanThreeMonths" xlink:label="loc_us-gaap_ProceedsFromRepaymentsOfShortTermDebtMaturingInMoreThanThreeMonths_ae25e4f4-0d10-283b-d7eb-2b977a7de959" xlink:type="locator" />
    <link:calculationArc order="2" weight="1" xlink:arcrole="http://www.xbrl.org/2003/arcrole/summation-item" xlink:from="loc_us-gaap_ProceedsFromRepaymentsOfCommercialPaper_ade3b056-2be2-47ec-44d0-a89afddd03d6" xlink:to="loc_us-gaap_ProceedsFromRepaymentsOfShortTermDebtMaturingInMoreThanThreeMonths_ae25e4f4-0d10-283b-d7eb-2b977a7de959" xlink:type="arc" />
    <link:loc xlink:href="http://xbrl.fasb.org/us-gaap/2016/elts/us-gaap-2016-01-31.xsd#us-gaap_ProceedsFromShortTermDebtMaturingInMoreThanThreeMonths" xlink:label="loc_us-gaap_ProceedsFromShortTermDebtMaturingInMoreThanThreeMonths_37e181f9-38b5-5892-7a4a-f08446150cab" xlink:type="locator" />
    <link:calculationArc order="1" weight="1" xlink:arcrole="http://www.xbrl.org/2003/arcrole/summation-item" xlink:from="loc_us-gaap_ProceedsFromRepaymentsOfShortTermDebtMaturingInMoreThanThreeMonths_ae25e4f4-0d10-283b-d7eb-2b977a7de959" xlink:to="loc_us-gaap_ProceedsFromShortTermDebtMaturingInMoreThanThreeMonths_37e181f9-38b5-5892-7a4a-f08446150cab" xlink:type="arc" />
    <link:loc xlink:href="http://xbrl.fasb.org/us-gaap/2016/elts/us-gaap-2016-01-31.xsd#us-gaap_RepaymentsOfShortTermDebtMaturingInMoreThanThreeMonths" xlink:label="loc_us-gaap_RepaymentsOfShortTermDebtMaturingInMoreThanThreeMonths_fd15fe97-01e7-195a-e67d-8c52d2d42ba4" xlink:type="locator" />
    <link:calculationArc order="2" weight="-1" xlink:arcrole="http://www.xbrl.org/2003/arcrole/summation-item" xlink:from="loc_us-gaap_ProceedsFromRepaymentsOfShortTermDebtMaturingInMoreThanThreeMonths_ae25e4f4-0d10-283b-d7eb-2b977a7de959" xlink:to="loc_us-gaap_RepaymentsOfShortTermDebtMaturingInMoreThanThreeMonths_fd15fe97-01e7-195a-e67d-8c52d2d42ba4" xlink:type="arc" />
  </link:calculationLink>
  <link:calculationLink xlink:role="http://www.apple.com/role/DebtSummaryOfTermDebtDetails" xlink:type="extended" />
  <link:calculationLink xlink:role="http://www.apple.com/role/DebtTables" xlink:type="extended" />
  <link:calculationLink xlink:role="http://www.apple.com/role/DocumentAndEntityInformation" xlink:type="extended" />
  <link:calculationLink xlink:role="http://www.apple.com/role/FinancialInstruments" xlink:type="extended" />
  <link:calculationLink xlink:role="http://www.apple.com/role/FinancialInstrumentsAdditionalInformationDetails" xlink:type="extended" />
  <link:calculationLink xlink:role="http://www.apple.com/role/FinancialInstrumentsCashCashEquivalentsAndMarketableSecuritiesDetails" xlink:type="extended">
    <link:loc xlink:href="http://xbrl.fasb.org/us-gaap/2016/elts/us-gaap-2016-01-31.xsd#us-gaap_AvailableForSaleSecuritiesAmortizedCost" xlink:label="loc_us-gaap_AvailableForSaleSecuritiesAmortizedCost_b671a380-e06c-01fd-905c-c45ee0d0ab53" xlink:type="locator" />
    <link:loc xlink:href="http://xbrl.fasb.org/us-gaap/2016/elts/us-gaap-2016-01-31.xsd#us-gaap_AvailableForSaleSecuritiesAccumulatedGrossUnrealizedGainBeforeTax" xlink:label="loc_us-gaap_AvailableForSaleSecuritiesAccumulatedGrossUnrealizedGainBeforeTax_ba478347-bbf1-ddfc-8a79-7775b3b62a6c" xlink:type="locator" />
    <link:calculationArc order="1" weight="-1" xlink:arcrole="http://www.xbrl.org/2003/arcrole/summation-item" xlink:from="loc_us-gaap_AvailableForSaleSecuritiesAmortizedCost_b671a380-e06c-01fd-905c-c45ee0d0ab53" xlink:to="loc_us-gaap_AvailableForSaleSecuritiesAccumulatedGrossUnrealizedGainBeforeTax_ba478347-bbf1-ddfc-8a79-7775b3b62a6c" xlink:type="arc" />
    <link:loc xlink:href="http://xbrl.fasb.org/us-gaap/2016/elts/us-gaap-2016-01-31.xsd#us-gaap_AvailableForSaleSecuritiesAccumulatedGrossUnrealizedLossBeforeTax" xlink:label="loc_us-gaap_AvailableForSaleSecuritiesAccumulatedGrossUnrealizedLossBeforeTax_65f23050-696a-07fd-30c1-78a5110d800c" xlink:type="locator" />
    <link:calculationArc order="2" weight="1" xlink:arcrole="http://www.xbrl.org/2003/arcrole/summation-item" xlink:from="loc_us-gaap_AvailableForSaleSecuritiesAmortizedCost_b671a380-e06c-01fd-905c-c45ee0d0ab53" xlink:to="loc_us-gaap_AvailableForSaleSecuritiesAccumulatedGrossUnrealizedLossBeforeTax_65f23050-696a-07fd-30c1-78a5110d800c" xlink:type="arc" />
    <link:loc xlink:href="http://xbrl.fasb.org/us-gaap/2016/elts/us-gaap-2016-01-31.xsd#us-gaap_AvailableForSaleSecurities" xlink:label="loc_us-gaap_AvailableForSaleSecurities_01be169b-08cc-7c30-55f5-941791d17ef8" xlink:type="locator" />
    <link:calculationArc order="3" weight="1" xlink:arcrole="http://www.xbrl.org/2003/arcrole/summation-item" xlink:from="loc_us-gaap_AvailableForSaleSecuritiesAmortizedCost_b671a380-e06c-01fd-905c-c45ee0d0ab53" xlink:to="loc_us-gaap_AvailableForSaleSecurities_01be169b-08cc-7c30-55f5-941791d17ef8" xlink:type="arc" />
    <link:loc xlink:href="http://xbrl.fasb.org/us-gaap/2016/elts/us-gaap-2016-01-31.xsd#us-gaap_CashAndCashEquivalentsAtCarryingValue" xlink:label="loc_us-gaap_CashAndCashEquivalentsAtCarryingValue_ec544f28-9c7b-137c-e428-9ae47c2375fc" xlink:type="locator" />
    <link:calculationArc order="1" weight="1" xlink:arcrole="http://www.xbrl.org/2003/arcrole/summation-item" xlink:from="loc_us-gaap_AvailableForSaleSecurities_01be169b-08cc-7c30-55f5-941791d17ef8" xlink:to="loc_us-gaap_CashAndCashEquivalentsAtCarryingValue_ec544f28-9c7b-137c-e428-9ae47c2375fc" xlink:type="arc" />
    <link:loc xlink:href="http://xbrl.fasb.org/us-gaap/2016/elts/us-gaap-2016-01-31.xsd#us-gaap_AvailableForSaleSecuritiesCurrent" xlink:label="loc_us-gaap_AvailableForSaleSecuritiesCurrent_30444800-bccf-94eb-16a7-6eb32a0bf8df" xlink:type="locator" />
    <link:calculationArc order="2" weight="1" xlink:arcrole="http://www.xbrl.org/2003/arcrole/summation-item" xlink:from="loc_us-gaap_AvailableForSaleSecurities_01be169b-08cc-7c30-55f5-941791d17ef8" xlink:to="loc_us-gaap_AvailableForSaleSecuritiesCurrent_30444800-bccf-94eb-16a7-6eb32a0bf8df" xlink:type="arc" />
    <link:loc xlink:href="http://xbrl.fasb.org/us-gaap/2016/elts/us-gaap-2016-01-31.xsd#us-gaap_AvailableForSaleSecuritiesNoncurrent" xlink:label="loc_us-gaap_AvailableForSaleSecuritiesNoncurrent_b3d12002-79e5-47db-0a4d-77b30be5f00c" xlink:type="locator" />
    <link:calculationArc order="3" weight="1" xlink:arcrole="http://www.xbrl.org/2003/arcrole/summation-item" xlink:from="loc_us-gaap_AvailableForSaleSecurities_01be169b-08cc-7c30-55f5-941791d17ef8" xlink:to="loc_us-gaap_AvailableForSaleSecuritiesNoncurrent_b3d12002-79e5-47db-0a4d-77b30be5f00c" xlink:type="arc" />
  </link:calculationLink>
  <link:calculationLink xlink:role="http://www.apple.com/role/FinancialInstrumentsDerivativeInstrumentsAtGrossFairValueDetails" xlink:type="extended" />
  <link:calculationLink xlink:role="http://www.apple.com/role/FinancialInstrumentsNotionalAmountsAndCreditRiskAmountsAssociatedWithDerivativeInstrumentsDetails" xlink:type="extended" />
  <link:calculationLink xlink:role="http://www.apple.com/role/FinancialInstrumentsPreTaxGainsAndLossesOfDerivativeAndNonDerivativeInstrumentsDesignatedAsHedgesDetails" xlink:type="extended" />
  <link:calculationLink xlink:role="http://www.apple.com/role/FinancialInstrumentsTables" xlink:type="extended" />
  <link:calculationLink xlink:role="http://www.apple.com/role/IncomeTaxes" xlink:type="extended" />
  <link:calculationLink xlink:role="http://www.apple.com/role/IncomeTaxesAdditionalInformationDetails" xlink:type="extended" />
  <link:calculationLink xlink:role="http://www.apple.com/role/SegmentInformationAndGeographicData" xlink:type="extended" />
  <link:calculationLink xlink:role="http://www.apple.com/role/SegmentInformationAndGeographicDataReconciliationOfSegmentOperatingIncomeToCondensedConsolidatedStatementsOfOperationsDetails" xlink:type="extended" />
  <link:calculationLink xlink:role="http://www.apple.com/role/SegmentInformationAndGeographicDataSummaryInformationByOperatingSegmentDetails" xlink:type="extended" />
  <link:calculationLink xlink:role="http://www.apple.com/role/SegmentInformationAndGeographicDataTables" xlink:type="extended" />
  <link:calculationLink xlink:role="http://www.apple.com/role/ShareholdersEquity" xlink:type="extended" />
  <link:calculationLink xlink:role="http://www.apple.com/role/ShareholdersEquityAcceleratedShareRepurchaseActivityAndRelatedInformationDetails" xlink:type="extended" />
  <link:calculationLink xlink:role="http://www.apple.com/role/ShareholdersEquityAdditionalInformationDetails" xlink:type="extended" />
  <link:calculationLink xlink:role="http://www.apple.com/role/ShareholdersEquityRepurchasesOfCommonSharesInOpenMarketDetails" xlink:type="extended" />
  <link:calculationLink xlink:role="http://www.apple.com/role/ShareholdersEquitySummaryOfDividendsDeclaredAndPaidDetails" xlink:type="extended" />
  <link:calculationLink xlink:role="http://www.apple.com/role/ShareholdersEquityTables" xlink:type="extended" />
  <link:calculationLink xlink:role="http://www.apple.com/role/SummaryOfSignificantAccountingPolicies" xlink:type="extended" />
  <link:calculationLink xlink:role="http://www.apple.com/role/SummaryOfSignificantAccountingPoliciesComputationOfBasicAndDilutedEarningsPerShareDetails" xlink:type="extended">
    <link:loc xlink:href="http://xbrl.fasb.org/us-gaap/2016/elts/us-gaap-2016-01-31.xsd#us-gaap_WeightedAverageNumberOfDilutedSharesOutstanding" xlink:label="loc_us-gaap_WeightedAverageNumberOfDilutedSharesOutstanding_ae404dc0-76bc-cd1d-811f-e233c07e0569" xlink:type="locator" />
    <link:loc xlink:href="http://xbrl.fasb.org/us-gaap/2016/elts/us-gaap-2016-01-31.xsd#us-gaap_WeightedAverageNumberOfSharesOutstandingBasic" xlink:label="loc_us-gaap_WeightedAverageNumberOfSharesOutstandingBasic_e841a58a-f12e-0adc-36de-0299a43719a9" xlink:type="locator" />
    <link:calculationArc order="1" weight="1" xlink:arcrole="http://www.xbrl.org/2003/arcrole/summation-item" xlink:from="loc_us-gaap_WeightedAverageNumberOfDilutedSharesOutstanding_ae404dc0-76bc-cd1d-811f-e233c07e0569" xlink:to="loc_us-gaap_WeightedAverageNumberOfSharesOutstandingBasic_e841a58a-f12e-0adc-36de-0299a43719a9" xlink:type="arc" />
    <link:loc xlink:href="http://xbrl.fasb.org/us-gaap/2016/elts/us-gaap-2016-01-31.xsd#us-gaap_WeightedAverageNumberDilutedSharesOutstandingAdjustment" xlink:label="loc_us-gaap_WeightedAverageNumberDilutedSharesOutstandingAdjustment_e24f9d55-d9ef-3f95-c65d-cbc9febefcb3" xlink:type="locator" />
    <link:calculationArc order="2" weight="1" xlink:arcrole="http://www.xbrl.org/2003/arcrole/summation-item" xlink:from="loc_us-gaap_WeightedAverageNumberOfDilutedSharesOutstanding_ae404dc0-76bc-cd1d-811f-e233c07e0569" xlink:to="loc_us-gaap_WeightedAverageNumberDilutedSharesOutstandingAdjustment_e24f9d55-d9ef-3f95-c65d-cbc9febefcb3" xlink:type="arc" />
  </link:calculationLink>
  <link:calculationLink xlink:role="http://www.apple.com/role/SummaryOfSignificantAccountingPoliciesPolicies" xlink:type="extended" />
  <link:calculationLink xlink:role="http://www.apple.com/role/SummaryOfSignificantAccountingPoliciesTables" xlink:type="extended" />
</link:linkbase>
