<?xml version="1.0" encoding="US-ASCII"?>
<!-- RR Donnelley Xcelerate Taxonomy Calculation Linkbase, based on XBRL 2.1  http://www.edgar-online.com/ -->
<!-- Version: 6.22.4 -->
<!-- Round: 7 -->
<!-- Creation date: 2015-01-26T19:31:29Z -->
<!-- Copyright (c) 2005-2013 R.R. Donnelley & Sons Company All Rights Reserved. -->
<linkbase xmlns="http://www.xbrl.org/2003/linkbase"
  xmlns:xsi="http://www.w3.org/2001/XMLSchema-instance"
  xmlns:xlink="http://www.w3.org/1999/xlink"
  xsi:schemaLocation="http://www.xbrl.org/2003/linkbase http://www.xbrl.org/2003/xbrl-linkbase-2003-12-31.xsd">
  <roleRef xlink:type="simple" xlink:href="aapl-20141227.xsd#DocumentandEntityInformation" roleURI="http://www.apple.com/taxonomy/role/DocumentandEntityInformation"/>
  <roleRef xlink:type="simple" xlink:href="aapl-20141227.xsd#Role_StatementOfIncome" roleURI="http://www.apple.com/taxonomy/role/StatementOfIncome"/>
  <roleRef xlink:type="simple" xlink:href="aapl-20141227.xsd#Role_StatementOfOtherComprehensiveIncome" roleURI="http://www.apple.com/taxonomy/role/StatementOfOtherComprehensiveIncome"/>
  <roleRef xlink:type="simple" xlink:href="aapl-20141227.xsd#Role_StatementOfFinancialPositionClassified" roleURI="http://www.apple.com/taxonomy/role/StatementOfFinancialPositionClassified"/>
  <roleRef xlink:type="simple" xlink:href="aapl-20141227.xsd#Role_StatementOfFinancialPositionClassifiedParen" roleURI="http://www.apple.com/taxonomy/role/StatementOfFinancialPositionClassifiedParenthetical"/>
  <roleRef xlink:type="simple" xlink:href="aapl-20141227.xsd#Role_StatementOfCashFlowsIndirect" roleURI="http://www.apple.com/taxonomy/role/StatementOfCashFlowsIndirect"/>
  <roleRef xlink:type="simple" xlink:href="aapl-20141227.xsd#DisclosureComputationOfBasicAndDilutedEarningsPerShare" roleURI="http://www.apple.com/taxonomy/role/DisclosureComputationOfBasicAndDilutedEarningsPerShare"/>
  <roleRef xlink:type="simple" xlink:href="aapl-20141227.xsd#DisclosureCashAndAvailableforSaleSecuritiesAdjustedCostGrossUnrealizedGainsGrossUnrealizedLossesAndFairValueRecordedAsCashAndCashEquivalentsOrShortTermOrLongTermMarketableSecurities" roleURI="http://www.apple.com/taxonomy/role/DisclosureCashAndAvailableforSaleSecuritiesAdjustedCostGrossUnrealizedGainsGrossUnrealizedLossesAndFairValueRecordedAsCashAndCashEquivalentsOrShortTermOrLongTermMarketableSecurities"/>
  <roleRef xlink:type="simple" xlink:href="aapl-20141227.xsd#DisclosureFinancialInstrumentsAdditionalInformation" roleURI="http://www.apple.com/taxonomy/role/DisclosureFinancialInstrumentsAdditionalInformation"/>
  <roleRef xlink:type="simple" xlink:href="aapl-20141227.xsd#DisclosureDerivativeInstrumentsAtGrossFairValue" roleURI="http://www.apple.com/taxonomy/role/DisclosureDerivativeInstrumentsAtGrossFairValue"/>
  <roleRef xlink:type="simple" xlink:href="aapl-20141227.xsd#DisclosurePreTaxEffectOfDerivativeInstrumentsDesignatedAsCashFlowNetInvestmentAndFairValueHedges" roleURI="http://www.apple.com/taxonomy/role/DisclosurePreTaxEffectOfDerivativeInstrumentsDesignatedAsCashFlowNetInvestmentAndFairValueHedges"/>
  <roleRef xlink:type="simple" xlink:href="aapl-20141227.xsd#DisclosureNotionalAmountsOfOutstandingDerivativeInstrumentsAndCreditRiskAmountsAssociatedWithOutstandingOrUnsettledDerivativeInstruments" roleURI="http://www.apple.com/taxonomy/role/DisclosureNotionalAmountsOfOutstandingDerivativeInstrumentsAndCreditRiskAmountsAssociatedWithOutstandingOrUnsettledDerivativeInstruments"/>
  <roleRef xlink:type="simple" xlink:href="aapl-20141227.xsd#DisclosureInventory" roleURI="http://www.apple.com/taxonomy/role/DisclosureInventory"/>
  <roleRef xlink:type="simple" xlink:href="aapl-20141227.xsd#DisclosurePropertyPlantAndEquipmentNet" roleURI="http://www.apple.com/taxonomy/role/DisclosurePropertyPlantAndEquipmentNet"/>
  <roleRef xlink:type="simple" xlink:href="aapl-20141227.xsd#DisclosureAccruedExpenses" roleURI="http://www.apple.com/taxonomy/role/DisclosureAccruedExpenses"/>
  <roleRef xlink:type="simple" xlink:href="aapl-20141227.xsd#DisclosureOtherNonCurrentLiabilities" roleURI="http://www.apple.com/taxonomy/role/DisclosureOtherNonCurrentLiabilities"/>
  <roleRef xlink:type="simple" xlink:href="aapl-20141227.xsd#DisclosureOtherIncomeExpenseNet" roleURI="http://www.apple.com/taxonomy/role/DisclosureOtherIncomeExpenseNet"/>
  <roleRef xlink:type="simple" xlink:href="aapl-20141227.xsd#DisclosureGoodwillAndOtherIntangibleAssetsAdditionalInformation" roleURI="http://www.apple.com/taxonomy/role/DisclosureGoodwillAndOtherIntangibleAssetsAdditionalInformation"/>
  <roleRef xlink:type="simple" xlink:href="aapl-20141227.xsd#DisclosureComponentsOfGrossAndNetIntangibleAssetBalances" roleURI="http://www.apple.com/taxonomy/role/DisclosureComponentsOfGrossAndNetIntangibleAssetBalances"/>
  <roleRef xlink:type="simple" xlink:href="aapl-20141227.xsd#DisclosureIncomeTaxesAdditionalInformation" roleURI="http://www.apple.com/taxonomy/role/DisclosureIncomeTaxesAdditionalInformation"/>
  <roleRef xlink:type="simple" xlink:href="aapl-20141227.xsd#DisclosureDebtAdditionalInformation" roleURI="http://www.apple.com/taxonomy/role/DisclosureDebtAdditionalInformation"/>
  <roleRef xlink:type="simple" xlink:href="aapl-20141227.xsd#DisclosureSummaryOfCashFlowsAssociatedWithIssuanceAndMaturitiesOfCommercialPaper" roleURI="http://www.apple.com/taxonomy/role/DisclosureSummaryOfCashFlowsAssociatedWithIssuanceAndMaturitiesOfCommercialPaper"/>
  <roleRef xlink:type="simple" xlink:href="aapl-20141227.xsd#DisclosureSummaryOfLongTermDebt" roleURI="http://www.apple.com/taxonomy/role/DisclosureSummaryOfLongTermDebt"/>
  <roleRef xlink:type="simple" xlink:href="aapl-20141227.xsd#DisclosureSummaryOfLongTermDebtParenthetical" roleURI="http://www.apple.com/taxonomy/role/DisclosureSummaryOfLongTermDebtParenthetical"/>
  <roleRef xlink:type="simple" xlink:href="aapl-20141227.xsd#DisclosureDebtInstrumentFuturePrincipalPayments" roleURI="http://www.apple.com/taxonomy/role/DisclosureDebtInstrumentFuturePrincipalPayments"/>
  <roleRef xlink:type="simple" xlink:href="aapl-20141227.xsd#DisclosureSummaryOfDividendsDeclaredAndPaid" roleURI="http://www.apple.com/taxonomy/role/DisclosureSummaryOfDividendsDeclaredAndPaid"/>
  <roleRef xlink:type="simple" xlink:href="aapl-20141227.xsd#DisclosureShareholdersEquityAdditionalInformation" roleURI="http://www.apple.com/taxonomy/role/DisclosureShareholdersEquityAdditionalInformation"/>
  <roleRef xlink:type="simple" xlink:href="aapl-20141227.xsd#DisclosureSummaryOfAcceleratedShareRepurchaseActivityAndRelatedInformation" roleURI="http://www.apple.com/taxonomy/role/DisclosureSummaryOfAcceleratedShareRepurchaseActivityAndRelatedInformation"/>
  <roleRef xlink:type="simple" xlink:href="aapl-20141227.xsd#DisclosureSummaryOfAcceleratedShareRepurchaseActivityAndRelatedInformationParenthetical" roleURI="http://www.apple.com/taxonomy/role/DisclosureSummaryOfAcceleratedShareRepurchaseActivityAndRelatedInformationParenthetical"/>
  <roleRef xlink:type="simple" xlink:href="aapl-20141227.xsd#DisclosureRepurchasesOfCommonSharesInOpenMarket" roleURI="http://www.apple.com/taxonomy/role/DisclosureRepurchasesOfCommonSharesInOpenMarket"/>
  <roleRef xlink:type="simple" xlink:href="aapl-20141227.xsd#DisclosureGrossAmountsReclassifiedFromAOCIIntoCondensedConsolidatedStatementsOfOperations" roleURI="http://www.apple.com/taxonomy/role/DisclosureGrossAmountsReclassifiedFromAOCIIntoCondensedConsolidatedStatementsOfOperations"/>
  <roleRef xlink:type="simple" xlink:href="aapl-20141227.xsd#DisclosureChangeInAccumulatedOtherComprehensiveIncomeByComponent" roleURI="http://www.apple.com/taxonomy/role/DisclosureChangeInAccumulatedOtherComprehensiveIncomeByComponent"/>
  <roleRef xlink:type="simple" xlink:href="aapl-20141227.xsd#DisclosureBenefitPlansAdditionalInformation" roleURI="http://www.apple.com/taxonomy/role/DisclosureBenefitPlansAdditionalInformation"/>
  <roleRef xlink:type="simple" xlink:href="aapl-20141227.xsd#DisclosureRestrictedStockUnitsActivityAndRelatedInformation" roleURI="http://www.apple.com/taxonomy/role/DisclosureRestrictedStockUnitsActivityAndRelatedInformation"/>
  <roleRef xlink:type="simple" xlink:href="aapl-20141227.xsd#DisclosureSummaryOfShareBasedCompensationExpense" roleURI="http://www.apple.com/taxonomy/role/DisclosureSummaryOfShareBasedCompensationExpense"/>
  <roleRef xlink:type="simple" xlink:href="aapl-20141227.xsd#DisclosureChangesInAccruedWarrantiesAndRelatedCosts" roleURI="http://www.apple.com/taxonomy/role/DisclosureChangesInAccruedWarrantiesAndRelatedCosts"/>
  <roleRef xlink:type="simple" xlink:href="aapl-20141227.xsd#DisclosureCommitmentsAndContingenciesAdditionalInformation" roleURI="http://www.apple.com/taxonomy/role/DisclosureCommitmentsAndContingenciesAdditionalInformation"/>
  <roleRef xlink:type="simple" xlink:href="aapl-20141227.xsd#DisclosureSummaryInformationByOperatingSegment" roleURI="http://www.apple.com/taxonomy/role/DisclosureSummaryInformationByOperatingSegment"/>
  <roleRef xlink:type="simple" xlink:href="aapl-20141227.xsd#DisclosureReconciliationOfSegmentOperatingIncomeToCondensedConsolidatedStatementsOfOperations" roleURI="http://www.apple.com/taxonomy/role/DisclosureReconciliationOfSegmentOperatingIncomeToCondensedConsolidatedStatementsOfOperations"/>
  <roleRef xlink:type="simple" xlink:href="aapl-20141227.xsd#Role_NotesToFinancialStatementsBasisOfPresentationAndSignificantAccountingPoliciesTextBlock" roleURI="http://www.apple.com/taxonomy/role/NotesToFinancialStatementsBasisOfPresentationAndSignificantAccountingPoliciesTextBlock"/>
  <roleRef xlink:type="simple" xlink:href="aapl-20141227.xsd#Role_NotesToFinancialStatementsBasisOfPresentationAndSignificantAccountingPoliciesTextBlockPolicies" roleURI="http://www.apple.com/taxonomy/role/NotesToFinancialStatementsBasisOfPresentationAndSignificantAccountingPoliciesTextBlockPolicies"/>
  <roleRef xlink:type="simple" xlink:href="aapl-20141227.xsd#Role_NotesToFinancialStatementsBasisOfPresentationAndSignificantAccountingPoliciesTextBlockTables" roleURI="http://www.apple.com/taxonomy/role/NotesToFinancialStatementsBasisOfPresentationAndSignificantAccountingPoliciesTextBlockTables"/>
  <roleRef xlink:type="simple" xlink:href="aapl-20141227.xsd#Role_NotesToFinancialStatementsFinancialInstrumentsDisclosureTextBlock" roleURI="http://www.apple.com/taxonomy/role/NotesToFinancialStatementsFinancialInstrumentsDisclosureTextBlock"/>
  <roleRef xlink:type="simple" xlink:href="aapl-20141227.xsd#Role_NotesToFinancialStatementsFinancialInstrumentsDisclosureTextBlockTables" roleURI="http://www.apple.com/taxonomy/role/NotesToFinancialStatementsFinancialInstrumentsDisclosureTextBlockTables"/>
  <roleRef xlink:type="simple" xlink:href="aapl-20141227.xsd#Role_NotesToFinancialStatementsAdditionalFinancialInformationDisclosureTextBlock" roleURI="http://www.apple.com/taxonomy/role/NotesToFinancialStatementsAdditionalFinancialInformationDisclosureTextBlock"/>
  <roleRef xlink:type="simple" xlink:href="aapl-20141227.xsd#Role_NotesToFinancialStatementsAdditionalFinancialInformationDisclosureTextBlockTables" roleURI="http://www.apple.com/taxonomy/role/NotesToFinancialStatementsAdditionalFinancialInformationDisclosureTextBlockTables"/>
  <roleRef xlink:type="simple" xlink:href="aapl-20141227.xsd#Role_NotesToFinancialStatementsGoodwillAndIntangibleAssetsDisclosureTextBlock" roleURI="http://www.apple.com/taxonomy/role/NotesToFinancialStatementsGoodwillAndIntangibleAssetsDisclosureTextBlock"/>
  <roleRef xlink:type="simple" xlink:href="aapl-20141227.xsd#Role_NotesToFinancialStatementsGoodwillAndIntangibleAssetsDisclosureTextBlockTables" roleURI="http://www.apple.com/taxonomy/role/NotesToFinancialStatementsGoodwillAndIntangibleAssetsDisclosureTextBlockTables"/>
  <roleRef xlink:type="simple" xlink:href="aapl-20141227.xsd#Role_NotesToFinancialStatementsIncomeTaxDisclosureTextBlock" roleURI="http://www.apple.com/taxonomy/role/NotesToFinancialStatementsIncomeTaxDisclosureTextBlock"/>
  <roleRef xlink:type="simple" xlink:href="aapl-20141227.xsd#Role_NotesToFinancialStatementsDebtDisclosureTextBlock" roleURI="http://www.apple.com/taxonomy/role/NotesToFinancialStatementsDebtDisclosureTextBlock"/>
  <roleRef xlink:type="simple" xlink:href="aapl-20141227.xsd#Role_NotesToFinancialStatementsDebtDisclosureTextBlockTables" roleURI="http://www.apple.com/taxonomy/role/NotesToFinancialStatementsDebtDisclosureTextBlockTables"/>
  <roleRef xlink:type="simple" xlink:href="aapl-20141227.xsd#Role_NotesToFinancialStatementsStockholdersEquityNoteDisclosureTextBlock" roleURI="http://www.apple.com/taxonomy/role/NotesToFinancialStatementsStockholdersEquityNoteDisclosureTextBlock"/>
  <roleRef xlink:type="simple" xlink:href="aapl-20141227.xsd#Role_NotesToFinancialStatementsStockholdersEquityNoteDisclosureTextBlockTables" roleURI="http://www.apple.com/taxonomy/role/NotesToFinancialStatementsStockholdersEquityNoteDisclosureTextBlockTables"/>
  <roleRef xlink:type="simple" xlink:href="aapl-20141227.xsd#Role_NotesToFinancialStatementsComprehensiveIncomeNoteTextBlock" roleURI="http://www.apple.com/taxonomy/role/NotesToFinancialStatementsComprehensiveIncomeNoteTextBlock"/>
  <roleRef xlink:type="simple" xlink:href="aapl-20141227.xsd#Role_NotesToFinancialStatementsComprehensiveIncomeNoteTextBlockTables" roleURI="http://www.apple.com/taxonomy/role/NotesToFinancialStatementsComprehensiveIncomeNoteTextBlockTables"/>
  <roleRef xlink:type="simple" xlink:href="aapl-20141227.xsd#Role_NotesToFinancialStatementsCompensationAndEmployeeBenefitPlansTextBlock" roleURI="http://www.apple.com/taxonomy/role/NotesToFinancialStatementsCompensationAndEmployeeBenefitPlansTextBlock"/>
  <roleRef xlink:type="simple" xlink:href="aapl-20141227.xsd#Role_NotesToFinancialStatementsCompensationAndEmployeeBenefitPlansTextBlockTables" roleURI="http://www.apple.com/taxonomy/role/NotesToFinancialStatementsCompensationAndEmployeeBenefitPlansTextBlockTables"/>
  <roleRef xlink:type="simple" xlink:href="aapl-20141227.xsd#Role_NotesToFinancialStatementsCommitmentsAndContingenciesDisclosureTextBlock" roleURI="http://www.apple.com/taxonomy/role/NotesToFinancialStatementsCommitmentsAndContingenciesDisclosureTextBlock"/>
  <roleRef xlink:type="simple" xlink:href="aapl-20141227.xsd#Role_NotesToFinancialStatementsCommitmentsAndContingenciesDisclosureTextBlockTables" roleURI="http://www.apple.com/taxonomy/role/NotesToFinancialStatementsCommitmentsAndContingenciesDisclosureTextBlockTables"/>
  <roleRef xlink:type="simple" xlink:href="aapl-20141227.xsd#Role_NotesToFinancialStatementsSegmentReportingDisclosureTextBlock" roleURI="http://www.apple.com/taxonomy/role/NotesToFinancialStatementsSegmentReportingDisclosureTextBlock"/>
  <roleRef xlink:type="simple" xlink:href="aapl-20141227.xsd#Role_NotesToFinancialStatementsSegmentReportingDisclosureTextBlockTables" roleURI="http://www.apple.com/taxonomy/role/NotesToFinancialStatementsSegmentReportingDisclosureTextBlockTables"/>
  <calculationLink xlink:type="extended" xlink:role="http://www.apple.com/taxonomy/role/DocumentandEntityInformation">
  </calculationLink>
  <calculationLink xlink:type="extended" xlink:role="http://www.apple.com/taxonomy/role/StatementOfIncome">
    <loc xlink:type="locator" xlink:href="http://xbrl.fasb.org/us-gaap/2014/elts/us-gaap-2014-01-31.xsd#us-gaap_CostOfGoodsAndServicesSold" xlink:label="us-gaap_CostOfGoodsAndServicesSold"/>
    <loc xlink:type="locator" xlink:href="http://xbrl.fasb.org/us-gaap/2014/elts/us-gaap-2014-01-31.xsd#us-gaap_GrossProfit" xlink:label="us-gaap_GrossProfit"/>
    <loc xlink:type="locator" xlink:href="http://xbrl.fasb.org/us-gaap/2014/elts/us-gaap-2014-01-31.xsd#us-gaap_IncomeLossFromContinuingOperationsBeforeIncomeTaxesExtraordinaryItemsNoncontrollingInterest" xlink:label="us-gaap_IncomeLossFromContinuingOperationsBeforeIncomeTaxesExtraordinaryItemsNoncontrollingInterest"/>
    <loc xlink:type="locator" xlink:href="http://xbrl.fasb.org/us-gaap/2014/elts/us-gaap-2014-01-31.xsd#us-gaap_IncomeTaxExpenseBenefit" xlink:label="us-gaap_IncomeTaxExpenseBenefit"/>
    <loc xlink:type="locator" xlink:href="http://xbrl.fasb.org/us-gaap/2014/elts/us-gaap-2014-01-31.xsd#us-gaap_NetIncomeLoss" xlink:label="us-gaap_NetIncomeLoss"/>
    <loc xlink:type="locator" xlink:href="http://xbrl.fasb.org/us-gaap/2014/elts/us-gaap-2014-01-31.xsd#us-gaap_NonoperatingIncomeExpense" xlink:label="us-gaap_NonoperatingIncomeExpense"/>
    <loc xlink:type="locator" xlink:href="http://xbrl.fasb.org/us-gaap/2014/elts/us-gaap-2014-01-31.xsd#us-gaap_OperatingExpenses" xlink:label="us-gaap_OperatingExpenses"/>
    <loc xlink:type="locator" xlink:href="http://xbrl.fasb.org/us-gaap/2014/elts/us-gaap-2014-01-31.xsd#us-gaap_OperatingIncomeLoss" xlink:label="us-gaap_OperatingIncomeLoss"/>
    <loc xlink:type="locator" xlink:href="http://xbrl.fasb.org/us-gaap/2014/elts/us-gaap-2014-01-31.xsd#us-gaap_ResearchAndDevelopmentExpense" xlink:label="us-gaap_ResearchAndDevelopmentExpense"/>
    <loc xlink:type="locator" xlink:href="http://xbrl.fasb.org/us-gaap/2014/elts/us-gaap-2014-01-31.xsd#us-gaap_SalesRevenueNet" xlink:label="us-gaap_SalesRevenueNet"/>
    <loc xlink:type="locator" xlink:href="http://xbrl.fasb.org/us-gaap/2014/elts/us-gaap-2014-01-31.xsd#us-gaap_SellingGeneralAndAdministrativeExpense" xlink:label="us-gaap_SellingGeneralAndAdministrativeExpense"/>
    <calculationArc xlink:type="arc" xlink:arcrole="http://www.xbrl.org/2003/arcrole/summation-item" xlink:from="us-gaap_GrossProfit" xlink:to="us-gaap_SalesRevenueNet" order="1.0100" weight="1.00" priority="2" use="optional"/>
    <calculationArc xlink:type="arc" xlink:arcrole="http://www.xbrl.org/2003/arcrole/summation-item" xlink:from="us-gaap_GrossProfit" xlink:to="us-gaap_CostOfGoodsAndServicesSold" order="1.0200" weight="-1.00" priority="2" use="optional"/>
    <calculationArc xlink:type="arc" xlink:arcrole="http://www.xbrl.org/2003/arcrole/summation-item" xlink:from="us-gaap_IncomeLossFromContinuingOperationsBeforeIncomeTaxesExtraordinaryItemsNoncontrollingInterest" xlink:to="us-gaap_OperatingIncomeLoss" order="1.0700" weight="1.00" priority="2" use="optional"/>
    <calculationArc xlink:type="arc" xlink:arcrole="http://www.xbrl.org/2003/arcrole/summation-item" xlink:from="us-gaap_IncomeLossFromContinuingOperationsBeforeIncomeTaxesExtraordinaryItemsNoncontrollingInterest" xlink:to="us-gaap_NonoperatingIncomeExpense" order="1.0800" weight="1.00" priority="2" use="optional"/>
    <calculationArc xlink:type="arc" xlink:arcrole="http://www.xbrl.org/2003/arcrole/summation-item" xlink:from="us-gaap_NetIncomeLoss" xlink:to="us-gaap_IncomeLossFromContinuingOperationsBeforeIncomeTaxesExtraordinaryItemsNoncontrollingInterest" order="1.0900" weight="1.00" priority="2" use="optional"/>
    <calculationArc xlink:type="arc" xlink:arcrole="http://www.xbrl.org/2003/arcrole/summation-item" xlink:from="us-gaap_NetIncomeLoss" xlink:to="us-gaap_IncomeTaxExpenseBenefit" order="1.1000" weight="-1.00" priority="2" use="optional"/>
    <calculationArc xlink:type="arc" xlink:arcrole="http://www.xbrl.org/2003/arcrole/summation-item" xlink:from="us-gaap_OperatingExpenses" xlink:to="us-gaap_ResearchAndDevelopmentExpense" order="1.0400" weight="1.00" priority="2" use="optional"/>
    <calculationArc xlink:type="arc" xlink:arcrole="http://www.xbrl.org/2003/arcrole/summation-item" xlink:from="us-gaap_OperatingExpenses" xlink:to="us-gaap_SellingGeneralAndAdministrativeExpense" order="1.0500" weight="1.00" priority="2" use="optional"/>
    <calculationArc xlink:type="arc" xlink:arcrole="http://www.xbrl.org/2003/arcrole/summation-item" xlink:from="us-gaap_OperatingIncomeLoss" xlink:to="us-gaap_GrossProfit" order="1.0300" weight="1.00" priority="2" use="optional"/>
    <calculationArc xlink:type="arc" xlink:arcrole="http://www.xbrl.org/2003/arcrole/summation-item" xlink:from="us-gaap_OperatingIncomeLoss" xlink:to="us-gaap_OperatingExpenses" order="1.0600" weight="-1.00" priority="2" use="optional"/>
  </calculationLink>
  <calculationLink xlink:type="extended" xlink:role="http://www.apple.com/taxonomy/role/StatementOfOtherComprehensiveIncome">
    <loc xlink:type="locator" xlink:href="http://xbrl.fasb.org/us-gaap/2014/elts/us-gaap-2014-01-31.xsd#us-gaap_ComprehensiveIncomeNetOfTax" xlink:label="us-gaap_ComprehensiveIncomeNetOfTax"/>
    <loc xlink:type="locator" xlink:href="http://xbrl.fasb.org/us-gaap/2014/elts/us-gaap-2014-01-31.xsd#us-gaap_NetIncomeLoss" xlink:label="us-gaap_NetIncomeLoss"/>
    <loc xlink:type="locator" xlink:href="http://xbrl.fasb.org/us-gaap/2014/elts/us-gaap-2014-01-31.xsd#us-gaap_OtherComprehensiveIncomeLossAvailableForSaleSecuritiesAdjustmentNetOfTax" xlink:label="us-gaap_OtherComprehensiveIncomeLossAvailableForSaleSecuritiesAdjustmentNetOfTax"/>
    <loc xlink:type="locator" xlink:href="http://xbrl.fasb.org/us-gaap/2014/elts/us-gaap-2014-01-31.xsd#us-gaap_OtherComprehensiveIncomeLossDerivativesQualifyingAsHedgesNetOfTax" xlink:label="us-gaap_OtherComprehensiveIncomeLossDerivativesQualifyingAsHedgesNetOfTax"/>
    <loc xlink:type="locator" xlink:href="http://xbrl.fasb.org/us-gaap/2014/elts/us-gaap-2014-01-31.xsd#us-gaap_OtherComprehensiveIncomeLossForeignCurrencyTransactionAndTranslationAdjustmentNetOfTax" xlink:label="us-gaap_OtherComprehensiveIncomeLossForeignCurrencyTransactionAndTranslationAdjustmentNetOfTax"/>
    <loc xlink:type="locator" xlink:href="http://xbrl.fasb.org/us-gaap/2014/elts/us-gaap-2014-01-31.xsd#us-gaap_OtherComprehensiveIncomeLossNetOfTax" xlink:label="us-gaap_OtherComprehensiveIncomeLossNetOfTax"/>
    <loc xlink:type="locator" xlink:href="http://xbrl.fasb.org/us-gaap/2014/elts/us-gaap-2014-01-31.xsd#us-gaap_OtherComprehensiveIncomeLossReclassificationAdjustmentFromAOCIForSaleOfSecuritiesNetOfTax" xlink:label="us-gaap_OtherComprehensiveIncomeLossReclassificationAdjustmentFromAOCIForSaleOfSecuritiesNetOfTax"/>
    <loc xlink:type="locator" xlink:href="http://xbrl.fasb.org/us-gaap/2014/elts/us-gaap-2014-01-31.xsd#us-gaap_OtherComprehensiveIncomeLossReclassificationAdjustmentFromAOCIOnDerivativesNetOfTax" xlink:label="us-gaap_OtherComprehensiveIncomeLossReclassificationAdjustmentFromAOCIOnDerivativesNetOfTax"/>
    <loc xlink:type="locator" xlink:href="http://xbrl.fasb.org/us-gaap/2014/elts/us-gaap-2014-01-31.xsd#us-gaap_OtherComprehensiveIncomeUnrealizedGainLossOnDerivativesArisingDuringPeriodNetOfTax" xlink:label="us-gaap_OtherComprehensiveIncomeUnrealizedGainLossOnDerivativesArisingDuringPeriodNetOfTax"/>
    <loc xlink:type="locator" xlink:href="http://xbrl.fasb.org/us-gaap/2014/elts/us-gaap-2014-01-31.xsd#us-gaap_OtherComprehensiveIncomeUnrealizedHoldingGainLossOnSecuritiesArisingDuringPeriodNetOfTax" xlink:label="us-gaap_OtherComprehensiveIncomeUnrealizedHoldingGainLossOnSecuritiesArisingDuringPeriodNetOfTax"/>
    <calculationArc xlink:type="arc" xlink:arcrole="http://www.xbrl.org/2003/arcrole/summation-item" xlink:from="us-gaap_ComprehensiveIncomeNetOfTax" xlink:to="us-gaap_NetIncomeLoss" order="1.0100" weight="1.00" priority="2" use="optional"/>
    <calculationArc xlink:type="arc" xlink:arcrole="http://www.xbrl.org/2003/arcrole/summation-item" xlink:from="us-gaap_ComprehensiveIncomeNetOfTax" xlink:to="us-gaap_OtherComprehensiveIncomeLossNetOfTax" order="1.0900" weight="1.00" priority="2" use="optional"/>
    <calculationArc xlink:type="arc" xlink:arcrole="http://www.xbrl.org/2003/arcrole/summation-item" xlink:from="us-gaap_OtherComprehensiveIncomeLossAvailableForSaleSecuritiesAdjustmentNetOfTax" xlink:to="us-gaap_OtherComprehensiveIncomeUnrealizedHoldingGainLossOnSecuritiesArisingDuringPeriodNetOfTax" order="1.0600" weight="1.00" priority="2" use="optional"/>
    <calculationArc xlink:type="arc" xlink:arcrole="http://www.xbrl.org/2003/arcrole/summation-item" xlink:from="us-gaap_OtherComprehensiveIncomeLossAvailableForSaleSecuritiesAdjustmentNetOfTax" xlink:to="us-gaap_OtherComprehensiveIncomeLossReclassificationAdjustmentFromAOCIForSaleOfSecuritiesNetOfTax" order="1.0700" weight="-1.00" priority="2" use="optional"/>
    <calculationArc xlink:type="arc" xlink:arcrole="http://www.xbrl.org/2003/arcrole/summation-item" xlink:from="us-gaap_OtherComprehensiveIncomeLossDerivativesQualifyingAsHedgesNetOfTax" xlink:to="us-gaap_OtherComprehensiveIncomeUnrealizedGainLossOnDerivativesArisingDuringPeriodNetOfTax" order="1.0300" weight="1.00" priority="2" use="optional"/>
    <calculationArc xlink:type="arc" xlink:arcrole="http://www.xbrl.org/2003/arcrole/summation-item" xlink:from="us-gaap_OtherComprehensiveIncomeLossDerivativesQualifyingAsHedgesNetOfTax" xlink:to="us-gaap_OtherComprehensiveIncomeLossReclassificationAdjustmentFromAOCIOnDerivativesNetOfTax" order="1.0400" weight="-1.00" priority="2" use="optional"/>
    <calculationArc xlink:type="arc" xlink:arcrole="http://www.xbrl.org/2003/arcrole/summation-item" xlink:from="us-gaap_OtherComprehensiveIncomeLossNetOfTax" xlink:to="us-gaap_OtherComprehensiveIncomeLossForeignCurrencyTransactionAndTranslationAdjustmentNetOfTax" order="1.0200" weight="1.00" priority="2" use="optional"/>
    <calculationArc xlink:type="arc" xlink:arcrole="http://www.xbrl.org/2003/arcrole/summation-item" xlink:from="us-gaap_OtherComprehensiveIncomeLossNetOfTax" xlink:to="us-gaap_OtherComprehensiveIncomeLossDerivativesQualifyingAsHedgesNetOfTax" order="1.0500" weight="1.00" priority="2" use="optional"/>
    <calculationArc xlink:type="arc" xlink:arcrole="http://www.xbrl.org/2003/arcrole/summation-item" xlink:from="us-gaap_OtherComprehensiveIncomeLossNetOfTax" xlink:to="us-gaap_OtherComprehensiveIncomeLossAvailableForSaleSecuritiesAdjustmentNetOfTax" order="1.0800" weight="1.00" priority="2" use="optional"/>
  </calculationLink>
  <calculationLink xlink:type="extended" xlink:role="http://www.apple.com/taxonomy/role/StatementOfFinancialPositionClassified">
    <loc xlink:type="locator" xlink:href="http://xbrl.fasb.org/us-gaap/2014/elts/us-gaap-2014-01-31.xsd#us-gaap_AccountsPayableCurrent" xlink:label="us-gaap_AccountsPayableCurrent"/>
    <loc xlink:type="locator" xlink:href="http://xbrl.fasb.org/us-gaap/2014/elts/us-gaap-2014-01-31.xsd#us-gaap_AccountsReceivableNetCurrent" xlink:label="us-gaap_AccountsReceivableNetCurrent"/>
    <loc xlink:type="locator" xlink:href="http://xbrl.fasb.org/us-gaap/2014/elts/us-gaap-2014-01-31.xsd#us-gaap_AccruedLiabilitiesCurrent" xlink:label="us-gaap_AccruedLiabilitiesCurrent"/>
    <loc xlink:type="locator" xlink:href="http://xbrl.fasb.org/us-gaap/2014/elts/us-gaap-2014-01-31.xsd#us-gaap_AccumulatedOtherComprehensiveIncomeLossNetOfTax" xlink:label="us-gaap_AccumulatedOtherComprehensiveIncomeLossNetOfTax"/>
    <loc xlink:type="locator" xlink:href="http://xbrl.fasb.org/us-gaap/2014/elts/us-gaap-2014-01-31.xsd#us-gaap_Assets" xlink:label="us-gaap_Assets"/>
    <loc xlink:type="locator" xlink:href="http://xbrl.fasb.org/us-gaap/2014/elts/us-gaap-2014-01-31.xsd#us-gaap_AssetsCurrent" xlink:label="us-gaap_AssetsCurrent"/>
    <loc xlink:type="locator" xlink:href="http://xbrl.fasb.org/us-gaap/2014/elts/us-gaap-2014-01-31.xsd#us-gaap_AvailableForSaleSecuritiesCurrent" xlink:label="us-gaap_AvailableForSaleSecuritiesCurrent"/>
    <loc xlink:type="locator" xlink:href="http://xbrl.fasb.org/us-gaap/2014/elts/us-gaap-2014-01-31.xsd#us-gaap_AvailableForSaleSecuritiesNoncurrent" xlink:label="us-gaap_AvailableForSaleSecuritiesNoncurrent"/>
    <loc xlink:type="locator" xlink:href="http://xbrl.fasb.org/us-gaap/2014/elts/us-gaap-2014-01-31.xsd#us-gaap_CashAndCashEquivalentsAtCarryingValue" xlink:label="us-gaap_CashAndCashEquivalentsAtCarryingValue"/>
    <loc xlink:type="locator" xlink:href="http://xbrl.fasb.org/us-gaap/2014/elts/us-gaap-2014-01-31.xsd#us-gaap_CommercialPaper" xlink:label="us-gaap_CommercialPaper"/>
    <loc xlink:type="locator" xlink:href="http://xbrl.fasb.org/us-gaap/2014/elts/us-gaap-2014-01-31.xsd#us-gaap_CommitmentsAndContingencies" xlink:label="us-gaap_CommitmentsAndContingencies"/>
    <loc xlink:type="locator" xlink:href="http://xbrl.fasb.org/us-gaap/2014/elts/us-gaap-2014-01-31.xsd#us-gaap_CommonStocksIncludingAdditionalPaidInCapital" xlink:label="us-gaap_CommonStocksIncludingAdditionalPaidInCapital"/>
    <loc xlink:type="locator" xlink:href="http://xbrl.fasb.org/us-gaap/2014/elts/us-gaap-2014-01-31.xsd#us-gaap_DeferredRevenueCurrent" xlink:label="us-gaap_DeferredRevenueCurrent"/>
    <loc xlink:type="locator" xlink:href="http://xbrl.fasb.org/us-gaap/2014/elts/us-gaap-2014-01-31.xsd#us-gaap_DeferredRevenueNoncurrent" xlink:label="us-gaap_DeferredRevenueNoncurrent"/>
    <loc xlink:type="locator" xlink:href="http://xbrl.fasb.org/us-gaap/2014/elts/us-gaap-2014-01-31.xsd#us-gaap_DeferredTaxAssetsLiabilitiesNetCurrent" xlink:label="us-gaap_DeferredTaxAssetsLiabilitiesNetCurrent"/>
    <loc xlink:type="locator" xlink:href="http://xbrl.fasb.org/us-gaap/2014/elts/us-gaap-2014-01-31.xsd#us-gaap_Goodwill" xlink:label="us-gaap_Goodwill"/>
    <loc xlink:type="locator" xlink:href="http://xbrl.fasb.org/us-gaap/2014/elts/us-gaap-2014-01-31.xsd#us-gaap_IntangibleAssetsNetExcludingGoodwill" xlink:label="us-gaap_IntangibleAssetsNetExcludingGoodwill"/>
    <loc xlink:type="locator" xlink:href="http://xbrl.fasb.org/us-gaap/2014/elts/us-gaap-2014-01-31.xsd#us-gaap_InventoryNet" xlink:label="us-gaap_InventoryNet"/>
    <loc xlink:type="locator" xlink:href="http://xbrl.fasb.org/us-gaap/2014/elts/us-gaap-2014-01-31.xsd#us-gaap_Liabilities" xlink:label="us-gaap_Liabilities"/>
    <loc xlink:type="locator" xlink:href="http://xbrl.fasb.org/us-gaap/2014/elts/us-gaap-2014-01-31.xsd#us-gaap_LiabilitiesAndStockholdersEquity" xlink:label="us-gaap_LiabilitiesAndStockholdersEquity"/>
    <loc xlink:type="locator" xlink:href="http://xbrl.fasb.org/us-gaap/2014/elts/us-gaap-2014-01-31.xsd#us-gaap_LiabilitiesCurrent" xlink:label="us-gaap_LiabilitiesCurrent"/>
    <loc xlink:type="locator" xlink:href="http://xbrl.fasb.org/us-gaap/2014/elts/us-gaap-2014-01-31.xsd#us-gaap_LongTermDebt" xlink:label="us-gaap_LongTermDebt"/>
    <loc xlink:type="locator" xlink:href="http://xbrl.fasb.org/us-gaap/2014/elts/us-gaap-2014-01-31.xsd#us-gaap_NontradeReceivablesCurrent" xlink:label="us-gaap_NontradeReceivablesCurrent"/>
    <loc xlink:type="locator" xlink:href="http://xbrl.fasb.org/us-gaap/2014/elts/us-gaap-2014-01-31.xsd#us-gaap_OtherAssetsCurrent" xlink:label="us-gaap_OtherAssetsCurrent"/>
    <loc xlink:type="locator" xlink:href="http://xbrl.fasb.org/us-gaap/2014/elts/us-gaap-2014-01-31.xsd#us-gaap_OtherAssetsNoncurrent" xlink:label="us-gaap_OtherAssetsNoncurrent"/>
    <loc xlink:type="locator" xlink:href="http://xbrl.fasb.org/us-gaap/2014/elts/us-gaap-2014-01-31.xsd#us-gaap_OtherLiabilitiesNoncurrent" xlink:label="us-gaap_OtherLiabilitiesNoncurrent"/>
    <loc xlink:type="locator" xlink:href="http://xbrl.fasb.org/us-gaap/2014/elts/us-gaap-2014-01-31.xsd#us-gaap_PropertyPlantAndEquipmentNet" xlink:label="us-gaap_PropertyPlantAndEquipmentNet"/>
    <loc xlink:type="locator" xlink:href="http://xbrl.fasb.org/us-gaap/2014/elts/us-gaap-2014-01-31.xsd#us-gaap_RetainedEarningsAccumulatedDeficit" xlink:label="us-gaap_RetainedEarningsAccumulatedDeficit"/>
    <loc xlink:type="locator" xlink:href="http://xbrl.fasb.org/us-gaap/2014/elts/us-gaap-2014-01-31.xsd#us-gaap_StockholdersEquity" xlink:label="us-gaap_StockholdersEquity"/>
    <calculationArc xlink:type="arc" xlink:arcrole="http://www.xbrl.org/2003/arcrole/summation-item" xlink:from="us-gaap_Assets" xlink:to="us-gaap_AssetsCurrent" order="1.0800" weight="1.00" priority="2" use="optional"/>
    <calculationArc xlink:type="arc" xlink:arcrole="http://www.xbrl.org/2003/arcrole/summation-item" xlink:from="us-gaap_Assets" xlink:to="us-gaap_AvailableForSaleSecuritiesNoncurrent" order="1.0900" weight="1.00" priority="2" use="optional"/>
    <calculationArc xlink:type="arc" xlink:arcrole="http://www.xbrl.org/2003/arcrole/summation-item" xlink:from="us-gaap_Assets" xlink:to="us-gaap_PropertyPlantAndEquipmentNet" order="1.1000" weight="1.00" priority="2" use="optional"/>
    <calculationArc xlink:type="arc" xlink:arcrole="http://www.xbrl.org/2003/arcrole/summation-item" xlink:from="us-gaap_Assets" xlink:to="us-gaap_Goodwill" order="1.1100" weight="1.00" priority="2" use="optional"/>
    <calculationArc xlink:type="arc" xlink:arcrole="http://www.xbrl.org/2003/arcrole/summation-item" xlink:from="us-gaap_Assets" xlink:to="us-gaap_IntangibleAssetsNetExcludingGoodwill" order="1.1200" weight="1.00" priority="2" use="optional"/>
    <calculationArc xlink:type="arc" xlink:arcrole="http://www.xbrl.org/2003/arcrole/summation-item" xlink:from="us-gaap_Assets" xlink:to="us-gaap_OtherAssetsNoncurrent" order="1.1300" weight="1.00" priority="2" use="optional"/>
    <calculationArc xlink:type="arc" xlink:arcrole="http://www.xbrl.org/2003/arcrole/summation-item" xlink:from="us-gaap_AssetsCurrent" xlink:to="us-gaap_CashAndCashEquivalentsAtCarryingValue" order="1.0100" weight="1.00" priority="2" use="optional"/>
    <calculationArc xlink:type="arc" xlink:arcrole="http://www.xbrl.org/2003/arcrole/summation-item" xlink:from="us-gaap_AssetsCurrent" xlink:to="us-gaap_AvailableForSaleSecuritiesCurrent" order="1.0200" weight="1.00" priority="2" use="optional"/>
    <calculationArc xlink:type="arc" xlink:arcrole="http://www.xbrl.org/2003/arcrole/summation-item" xlink:from="us-gaap_AssetsCurrent" xlink:to="us-gaap_AccountsReceivableNetCurrent" order="1.0300" weight="1.00" priority="2" use="optional"/>
    <calculationArc xlink:type="arc" xlink:arcrole="http://www.xbrl.org/2003/arcrole/summation-item" xlink:from="us-gaap_AssetsCurrent" xlink:to="us-gaap_InventoryNet" order="1.0400" weight="1.00" priority="2" use="optional"/>
    <calculationArc xlink:type="arc" xlink:arcrole="http://www.xbrl.org/2003/arcrole/summation-item" xlink:from="us-gaap_AssetsCurrent" xlink:to="us-gaap_DeferredTaxAssetsLiabilitiesNetCurrent" order="1.0500" weight="1.00" priority="2" use="optional"/>
    <calculationArc xlink:type="arc" xlink:arcrole="http://www.xbrl.org/2003/arcrole/summation-item" xlink:from="us-gaap_AssetsCurrent" xlink:to="us-gaap_NontradeReceivablesCurrent" order="1.0600" weight="1.00" priority="2" use="optional"/>
    <calculationArc xlink:type="arc" xlink:arcrole="http://www.xbrl.org/2003/arcrole/summation-item" xlink:from="us-gaap_AssetsCurrent" xlink:to="us-gaap_OtherAssetsCurrent" order="1.0700" weight="1.00" priority="2" use="optional"/>
    <calculationArc xlink:type="arc" xlink:arcrole="http://www.xbrl.org/2003/arcrole/summation-item" xlink:from="us-gaap_Liabilities" xlink:to="us-gaap_LiabilitiesCurrent" order="1.1800" weight="1.00" priority="2" use="optional"/>
    <calculationArc xlink:type="arc" xlink:arcrole="http://www.xbrl.org/2003/arcrole/summation-item" xlink:from="us-gaap_Liabilities" xlink:to="us-gaap_DeferredRevenueNoncurrent" order="1.1900" weight="1.00" priority="2" use="optional"/>
    <calculationArc xlink:type="arc" xlink:arcrole="http://www.xbrl.org/2003/arcrole/summation-item" xlink:from="us-gaap_Liabilities" xlink:to="us-gaap_LongTermDebt" order="1.2000" weight="1.00" priority="2" use="optional"/>
    <calculationArc xlink:type="arc" xlink:arcrole="http://www.xbrl.org/2003/arcrole/summation-item" xlink:from="us-gaap_Liabilities" xlink:to="us-gaap_OtherLiabilitiesNoncurrent" order="1.2100" weight="1.00" priority="2" use="optional"/>
    <calculationArc xlink:type="arc" xlink:arcrole="http://www.xbrl.org/2003/arcrole/summation-item" xlink:from="us-gaap_LiabilitiesAndStockholdersEquity" xlink:to="us-gaap_Liabilities" order="1.2200" weight="1.00" priority="2" use="optional"/>
    <calculationArc xlink:type="arc" xlink:arcrole="http://www.xbrl.org/2003/arcrole/summation-item" xlink:from="us-gaap_LiabilitiesAndStockholdersEquity" xlink:to="us-gaap_CommitmentsAndContingencies" order="1.2300" weight="1.00" priority="2" use="optional"/>
    <calculationArc xlink:type="arc" xlink:arcrole="http://www.xbrl.org/2003/arcrole/summation-item" xlink:from="us-gaap_LiabilitiesAndStockholdersEquity" xlink:to="us-gaap_StockholdersEquity" order="1.2700" weight="1.00" priority="2" use="optional"/>
    <calculationArc xlink:type="arc" xlink:arcrole="http://www.xbrl.org/2003/arcrole/summation-item" xlink:from="us-gaap_LiabilitiesCurrent" xlink:to="us-gaap_AccountsPayableCurrent" order="1.1400" weight="1.00" priority="2" use="optional"/>
    <calculationArc xlink:type="arc" xlink:arcrole="http://www.xbrl.org/2003/arcrole/summation-item" xlink:from="us-gaap_LiabilitiesCurrent" xlink:to="us-gaap_AccruedLiabilitiesCurrent" order="1.1500" weight="1.00" priority="2" use="optional"/>
    <calculationArc xlink:type="arc" xlink:arcrole="http://www.xbrl.org/2003/arcrole/summation-item" xlink:from="us-gaap_LiabilitiesCurrent" xlink:to="us-gaap_DeferredRevenueCurrent" order="1.1600" weight="1.00" priority="2" use="optional"/>
    <calculationArc xlink:type="arc" xlink:arcrole="http://www.xbrl.org/2003/arcrole/summation-item" xlink:from="us-gaap_LiabilitiesCurrent" xlink:to="us-gaap_CommercialPaper" order="1.1700" weight="1.00" priority="2" use="optional"/>
    <calculationArc xlink:type="arc" xlink:arcrole="http://www.xbrl.org/2003/arcrole/summation-item" xlink:from="us-gaap_StockholdersEquity" xlink:to="us-gaap_CommonStocksIncludingAdditionalPaidInCapital" order="1.2400" weight="1.00" priority="2" use="optional"/>
    <calculationArc xlink:type="arc" xlink:arcrole="http://www.xbrl.org/2003/arcrole/summation-item" xlink:from="us-gaap_StockholdersEquity" xlink:to="us-gaap_RetainedEarningsAccumulatedDeficit" order="1.2500" weight="1.00" priority="2" use="optional"/>
    <calculationArc xlink:type="arc" xlink:arcrole="http://www.xbrl.org/2003/arcrole/summation-item" xlink:from="us-gaap_StockholdersEquity" xlink:to="us-gaap_AccumulatedOtherComprehensiveIncomeLossNetOfTax" order="1.2600" weight="1.00" priority="2" use="optional"/>
  </calculationLink>
  <calculationLink xlink:type="extended" xlink:role="http://www.apple.com/taxonomy/role/StatementOfFinancialPositionClassifiedParenthetical">
  </calculationLink>
  <calculationLink xlink:type="extended" xlink:role="http://www.apple.com/taxonomy/role/StatementOfCashFlowsIndirect">
    <loc xlink:type="locator" xlink:href="http://xbrl.fasb.org/us-gaap/2014/elts/us-gaap-2014-01-31.xsd#us-gaap_CashAndCashEquivalentsPeriodIncreaseDecrease" xlink:label="us-gaap_CashAndCashEquivalentsPeriodIncreaseDecrease"/>
    <loc xlink:type="locator" xlink:href="http://xbrl.fasb.org/us-gaap/2014/elts/us-gaap-2014-01-31.xsd#us-gaap_DeferredIncomeTaxExpenseBenefit" xlink:label="us-gaap_DeferredIncomeTaxExpenseBenefit"/>
    <loc xlink:type="locator" xlink:href="http://xbrl.fasb.org/us-gaap/2014/elts/us-gaap-2014-01-31.xsd#us-gaap_DepreciationAmortizationAndAccretionNet" xlink:label="us-gaap_DepreciationAmortizationAndAccretionNet"/>
    <loc xlink:type="locator" xlink:href="http://xbrl.fasb.org/us-gaap/2014/elts/us-gaap-2014-01-31.xsd#us-gaap_ExcessTaxBenefitFromShareBasedCompensationFinancingActivities" xlink:label="us-gaap_ExcessTaxBenefitFromShareBasedCompensationFinancingActivities"/>
    <loc xlink:type="locator" xlink:href="http://xbrl.fasb.org/us-gaap/2014/elts/us-gaap-2014-01-31.xsd#us-gaap_IncreaseDecreaseInAccountsPayable" xlink:label="us-gaap_IncreaseDecreaseInAccountsPayable"/>
    <loc xlink:type="locator" xlink:href="http://xbrl.fasb.org/us-gaap/2014/elts/us-gaap-2014-01-31.xsd#us-gaap_IncreaseDecreaseInAccountsReceivable" xlink:label="us-gaap_IncreaseDecreaseInAccountsReceivable"/>
    <loc xlink:type="locator" xlink:href="http://xbrl.fasb.org/us-gaap/2014/elts/us-gaap-2014-01-31.xsd#us-gaap_IncreaseDecreaseInDeferredRevenue" xlink:label="us-gaap_IncreaseDecreaseInDeferredRevenue"/>
    <loc xlink:type="locator" xlink:href="http://xbrl.fasb.org/us-gaap/2014/elts/us-gaap-2014-01-31.xsd#us-gaap_IncreaseDecreaseInInventories" xlink:label="us-gaap_IncreaseDecreaseInInventories"/>
    <loc xlink:type="locator" xlink:href="http://xbrl.fasb.org/us-gaap/2014/elts/us-gaap-2014-01-31.xsd#us-gaap_IncreaseDecreaseInOtherOperatingAssets" xlink:label="us-gaap_IncreaseDecreaseInOtherOperatingAssets"/>
    <loc xlink:type="locator" xlink:href="http://xbrl.fasb.org/us-gaap/2014/elts/us-gaap-2014-01-31.xsd#us-gaap_IncreaseDecreaseInOtherOperatingLiabilities" xlink:label="us-gaap_IncreaseDecreaseInOtherOperatingLiabilities"/>
    <loc xlink:type="locator" xlink:href="http://xbrl.fasb.org/us-gaap/2014/elts/us-gaap-2014-01-31.xsd#us-gaap_IncreaseDecreaseInOtherReceivables" xlink:label="us-gaap_IncreaseDecreaseInOtherReceivables"/>
    <loc xlink:type="locator" xlink:href="http://xbrl.fasb.org/us-gaap/2014/elts/us-gaap-2014-01-31.xsd#us-gaap_NetCashProvidedByUsedInFinancingActivitiesContinuingOperations" xlink:label="us-gaap_NetCashProvidedByUsedInFinancingActivitiesContinuingOperations"/>
    <loc xlink:type="locator" xlink:href="http://xbrl.fasb.org/us-gaap/2014/elts/us-gaap-2014-01-31.xsd#us-gaap_NetCashProvidedByUsedInInvestingActivitiesContinuingOperations" xlink:label="us-gaap_NetCashProvidedByUsedInInvestingActivitiesContinuingOperations"/>
    <loc xlink:type="locator" xlink:href="http://xbrl.fasb.org/us-gaap/2014/elts/us-gaap-2014-01-31.xsd#us-gaap_NetCashProvidedByUsedInOperatingActivitiesContinuingOperations" xlink:label="us-gaap_NetCashProvidedByUsedInOperatingActivitiesContinuingOperations"/>
    <loc xlink:type="locator" xlink:href="http://xbrl.fasb.org/us-gaap/2014/elts/us-gaap-2014-01-31.xsd#us-gaap_NetIncomeLoss" xlink:label="us-gaap_NetIncomeLoss"/>
    <loc xlink:type="locator" xlink:href="http://xbrl.fasb.org/us-gaap/2014/elts/us-gaap-2014-01-31.xsd#us-gaap_PaymentsForProceedsFromOtherInvestingActivities" xlink:label="us-gaap_PaymentsForProceedsFromOtherInvestingActivities"/>
    <loc xlink:type="locator" xlink:href="http://xbrl.fasb.org/us-gaap/2014/elts/us-gaap-2014-01-31.xsd#us-gaap_PaymentsForRepurchaseOfCommonStock" xlink:label="us-gaap_PaymentsForRepurchaseOfCommonStock"/>
    <loc xlink:type="locator" xlink:href="aapl-20141227.xsd#aapl_PaymentsOfDividendsAndDividendEquivalentsOnCommonStockAndRestrictedStockUnits" xlink:label="aapl_PaymentsOfDividendsAndDividendEquivalentsOnCommonStockAndRestrictedStockUnits"/>
    <loc xlink:type="locator" xlink:href="http://xbrl.fasb.org/us-gaap/2014/elts/us-gaap-2014-01-31.xsd#us-gaap_PaymentsRelatedToTaxWithholdingForShareBasedCompensation" xlink:label="us-gaap_PaymentsRelatedToTaxWithholdingForShareBasedCompensation"/>
    <loc xlink:type="locator" xlink:href="http://xbrl.fasb.org/us-gaap/2014/elts/us-gaap-2014-01-31.xsd#us-gaap_PaymentsToAcquireAvailableForSaleSecurities" xlink:label="us-gaap_PaymentsToAcquireAvailableForSaleSecurities"/>
    <loc xlink:type="locator" xlink:href="http://xbrl.fasb.org/us-gaap/2014/elts/us-gaap-2014-01-31.xsd#us-gaap_PaymentsToAcquireBusinessesNetOfCashAcquired" xlink:label="us-gaap_PaymentsToAcquireBusinessesNetOfCashAcquired"/>
    <loc xlink:type="locator" xlink:href="http://xbrl.fasb.org/us-gaap/2014/elts/us-gaap-2014-01-31.xsd#us-gaap_PaymentsToAcquireIntangibleAssets" xlink:label="us-gaap_PaymentsToAcquireIntangibleAssets"/>
    <loc xlink:type="locator" xlink:href="http://xbrl.fasb.org/us-gaap/2014/elts/us-gaap-2014-01-31.xsd#us-gaap_PaymentsToAcquirePropertyPlantAndEquipment" xlink:label="us-gaap_PaymentsToAcquirePropertyPlantAndEquipment"/>
    <loc xlink:type="locator" xlink:href="http://xbrl.fasb.org/us-gaap/2014/elts/us-gaap-2014-01-31.xsd#us-gaap_ProceedsFromIssuanceOfCommonStock" xlink:label="us-gaap_ProceedsFromIssuanceOfCommonStock"/>
    <loc xlink:type="locator" xlink:href="http://xbrl.fasb.org/us-gaap/2014/elts/us-gaap-2014-01-31.xsd#us-gaap_ProceedsFromIssuanceOfLongTermDebt" xlink:label="us-gaap_ProceedsFromIssuanceOfLongTermDebt"/>
    <loc xlink:type="locator" xlink:href="http://xbrl.fasb.org/us-gaap/2014/elts/us-gaap-2014-01-31.xsd#us-gaap_ProceedsFromMaturitiesPrepaymentsAndCallsOfAvailableForSaleSecurities" xlink:label="us-gaap_ProceedsFromMaturitiesPrepaymentsAndCallsOfAvailableForSaleSecurities"/>
    <loc xlink:type="locator" xlink:href="http://xbrl.fasb.org/us-gaap/2014/elts/us-gaap-2014-01-31.xsd#us-gaap_ProceedsFromRepaymentsOfCommercialPaper" xlink:label="us-gaap_ProceedsFromRepaymentsOfCommercialPaper"/>
    <loc xlink:type="locator" xlink:href="http://xbrl.fasb.org/us-gaap/2014/elts/us-gaap-2014-01-31.xsd#us-gaap_ProceedsFromSaleOfAvailableForSaleSecurities" xlink:label="us-gaap_ProceedsFromSaleOfAvailableForSaleSecurities"/>
    <loc xlink:type="locator" xlink:href="http://xbrl.fasb.org/us-gaap/2014/elts/us-gaap-2014-01-31.xsd#us-gaap_ShareBasedCompensation" xlink:label="us-gaap_ShareBasedCompensation"/>
    <calculationArc xlink:type="arc" xlink:arcrole="http://www.xbrl.org/2003/arcrole/summation-item" xlink:from="us-gaap_CashAndCashEquivalentsPeriodIncreaseDecrease" xlink:to="us-gaap_NetCashProvidedByUsedInOperatingActivitiesContinuingOperations" order="1.1300" weight="1.00" priority="2" use="optional"/>
    <calculationArc xlink:type="arc" xlink:arcrole="http://www.xbrl.org/2003/arcrole/summation-item" xlink:from="us-gaap_CashAndCashEquivalentsPeriodIncreaseDecrease" xlink:to="us-gaap_NetCashProvidedByUsedInInvestingActivitiesContinuingOperations" order="1.2100" weight="1.00" priority="2" use="optional"/>
    <calculationArc xlink:type="arc" xlink:arcrole="http://www.xbrl.org/2003/arcrole/summation-item" xlink:from="us-gaap_CashAndCashEquivalentsPeriodIncreaseDecrease" xlink:to="us-gaap_NetCashProvidedByUsedInFinancingActivitiesContinuingOperations" order="1.2900" weight="1.00" priority="2" use="optional"/>
    <calculationArc xlink:type="arc" xlink:arcrole="http://www.xbrl.org/2003/arcrole/summation-item" xlink:from="us-gaap_NetCashProvidedByUsedInFinancingActivitiesContinuingOperations" xlink:to="us-gaap_ProceedsFromIssuanceOfCommonStock" order="1.2200" weight="1.00" priority="2" use="optional"/>
    <calculationArc xlink:type="arc" xlink:arcrole="http://www.xbrl.org/2003/arcrole/summation-item" xlink:from="us-gaap_NetCashProvidedByUsedInFinancingActivitiesContinuingOperations" xlink:to="us-gaap_ExcessTaxBenefitFromShareBasedCompensationFinancingActivities" order="1.2300" weight="1.00" priority="2" use="optional"/>
    <calculationArc xlink:type="arc" xlink:arcrole="http://www.xbrl.org/2003/arcrole/summation-item" xlink:from="us-gaap_NetCashProvidedByUsedInFinancingActivitiesContinuingOperations" xlink:to="us-gaap_PaymentsRelatedToTaxWithholdingForShareBasedCompensation" order="1.2400" weight="-1.00" priority="2" use="optional"/>
    <calculationArc xlink:type="arc" xlink:arcrole="http://www.xbrl.org/2003/arcrole/summation-item" xlink:from="us-gaap_NetCashProvidedByUsedInFinancingActivitiesContinuingOperations" xlink:to="aapl_PaymentsOfDividendsAndDividendEquivalentsOnCommonStockAndRestrictedStockUnits" order="1.2500" weight="-1.00" priority="2" use="optional"/>
    <calculationArc xlink:type="arc" xlink:arcrole="http://www.xbrl.org/2003/arcrole/summation-item" xlink:from="us-gaap_NetCashProvidedByUsedInFinancingActivitiesContinuingOperations" xlink:to="us-gaap_PaymentsForRepurchaseOfCommonStock" order="1.2600" weight="-1.00" priority="2" use="optional"/>
    <calculationArc xlink:type="arc" xlink:arcrole="http://www.xbrl.org/2003/arcrole/summation-item" xlink:from="us-gaap_NetCashProvidedByUsedInFinancingActivitiesContinuingOperations" xlink:to="us-gaap_ProceedsFromIssuanceOfLongTermDebt" order="1.2700" weight="1.00" priority="2" use="optional"/>
    <calculationArc xlink:type="arc" xlink:arcrole="http://www.xbrl.org/2003/arcrole/summation-item" xlink:from="us-gaap_NetCashProvidedByUsedInFinancingActivitiesContinuingOperations" xlink:to="us-gaap_ProceedsFromRepaymentsOfCommercialPaper" order="1.2800" weight="1.00" priority="2" use="optional"/>
    <calculationArc xlink:type="arc" xlink:arcrole="http://www.xbrl.org/2003/arcrole/summation-item" xlink:from="us-gaap_NetCashProvidedByUsedInInvestingActivitiesContinuingOperations" xlink:to="us-gaap_PaymentsToAcquireAvailableForSaleSecurities" order="1.1400" weight="-1.00" priority="2" use="optional"/>
    <calculationArc xlink:type="arc" xlink:arcrole="http://www.xbrl.org/2003/arcrole/summation-item" xlink:from="us-gaap_NetCashProvidedByUsedInInvestingActivitiesContinuingOperations" xlink:to="us-gaap_ProceedsFromMaturitiesPrepaymentsAndCallsOfAvailableForSaleSecurities" order="1.1500" weight="1.00" priority="2" use="optional"/>
    <calculationArc xlink:type="arc" xlink:arcrole="http://www.xbrl.org/2003/arcrole/summation-item" xlink:from="us-gaap_NetCashProvidedByUsedInInvestingActivitiesContinuingOperations" xlink:to="us-gaap_ProceedsFromSaleOfAvailableForSaleSecurities" order="1.1600" weight="1.00" priority="2" use="optional"/>
    <calculationArc xlink:type="arc" xlink:arcrole="http://www.xbrl.org/2003/arcrole/summation-item" xlink:from="us-gaap_NetCashProvidedByUsedInInvestingActivitiesContinuingOperations" xlink:to="us-gaap_PaymentsToAcquireBusinessesNetOfCashAcquired" order="1.1700" weight="-1.00" priority="2" use="optional"/>
    <calculationArc xlink:type="arc" xlink:arcrole="http://www.xbrl.org/2003/arcrole/summation-item" xlink:from="us-gaap_NetCashProvidedByUsedInInvestingActivitiesContinuingOperations" xlink:to="us-gaap_PaymentsToAcquirePropertyPlantAndEquipment" order="1.1800" weight="-1.00" priority="2" use="optional"/>
    <calculationArc xlink:type="arc" xlink:arcrole="http://www.xbrl.org/2003/arcrole/summation-item" xlink:from="us-gaap_NetCashProvidedByUsedInInvestingActivitiesContinuingOperations" xlink:to="us-gaap_PaymentsToAcquireIntangibleAssets" order="1.1900" weight="-1.00" priority="2" use="optional"/>
    <calculationArc xlink:type="arc" xlink:arcrole="http://www.xbrl.org/2003/arcrole/summation-item" xlink:from="us-gaap_NetCashProvidedByUsedInInvestingActivitiesContinuingOperations" xlink:to="us-gaap_PaymentsForProceedsFromOtherInvestingActivities" order="1.2000" weight="-1.00" priority="2" use="optional"/>
    <calculationArc xlink:type="arc" xlink:arcrole="http://www.xbrl.org/2003/arcrole/summation-item" xlink:from="us-gaap_NetCashProvidedByUsedInOperatingActivitiesContinuingOperations" xlink:to="us-gaap_NetIncomeLoss" order="1.0200" weight="1.00" priority="2" use="optional"/>
    <calculationArc xlink:type="arc" xlink:arcrole="http://www.xbrl.org/2003/arcrole/summation-item" xlink:from="us-gaap_NetCashProvidedByUsedInOperatingActivitiesContinuingOperations" xlink:to="us-gaap_DepreciationAmortizationAndAccretionNet" order="1.0300" weight="1.00" priority="2" use="optional"/>
    <calculationArc xlink:type="arc" xlink:arcrole="http://www.xbrl.org/2003/arcrole/summation-item" xlink:from="us-gaap_NetCashProvidedByUsedInOperatingActivitiesContinuingOperations" xlink:to="us-gaap_ShareBasedCompensation" order="1.0400" weight="1.00" priority="2" use="optional"/>
    <calculationArc xlink:type="arc" xlink:arcrole="http://www.xbrl.org/2003/arcrole/summation-item" xlink:from="us-gaap_NetCashProvidedByUsedInOperatingActivitiesContinuingOperations" xlink:to="us-gaap_DeferredIncomeTaxExpenseBenefit" order="1.0500" weight="1.00" priority="2" use="optional"/>
    <calculationArc xlink:type="arc" xlink:arcrole="http://www.xbrl.org/2003/arcrole/summation-item" xlink:from="us-gaap_NetCashProvidedByUsedInOperatingActivitiesContinuingOperations" xlink:to="us-gaap_IncreaseDecreaseInAccountsReceivable" order="1.0600" weight="-1.00" priority="2" use="optional"/>
    <calculationArc xlink:type="arc" xlink:arcrole="http://www.xbrl.org/2003/arcrole/summation-item" xlink:from="us-gaap_NetCashProvidedByUsedInOperatingActivitiesContinuingOperations" xlink:to="us-gaap_IncreaseDecreaseInInventories" order="1.0700" weight="-1.00" priority="2" use="optional"/>
    <calculationArc xlink:type="arc" xlink:arcrole="http://www.xbrl.org/2003/arcrole/summation-item" xlink:from="us-gaap_NetCashProvidedByUsedInOperatingActivitiesContinuingOperations" xlink:to="us-gaap_IncreaseDecreaseInOtherReceivables" order="1.0800" weight="-1.00" priority="2" use="optional"/>
    <calculationArc xlink:type="arc" xlink:arcrole="http://www.xbrl.org/2003/arcrole/summation-item" xlink:from="us-gaap_NetCashProvidedByUsedInOperatingActivitiesContinuingOperations" xlink:to="us-gaap_IncreaseDecreaseInOtherOperatingAssets" order="1.0900" weight="-1.00" priority="2" use="optional"/>
    <calculationArc xlink:type="arc" xlink:arcrole="http://www.xbrl.org/2003/arcrole/summation-item" xlink:from="us-gaap_NetCashProvidedByUsedInOperatingActivitiesContinuingOperations" xlink:to="us-gaap_IncreaseDecreaseInAccountsPayable" order="1.1000" weight="1.00" priority="2" use="optional"/>
    <calculationArc xlink:type="arc" xlink:arcrole="http://www.xbrl.org/2003/arcrole/summation-item" xlink:from="us-gaap_NetCashProvidedByUsedInOperatingActivitiesContinuingOperations" xlink:to="us-gaap_IncreaseDecreaseInDeferredRevenue" order="1.1100" weight="1.00" priority="2" use="optional"/>
    <calculationArc xlink:type="arc" xlink:arcrole="http://www.xbrl.org/2003/arcrole/summation-item" xlink:from="us-gaap_NetCashProvidedByUsedInOperatingActivitiesContinuingOperations" xlink:to="us-gaap_IncreaseDecreaseInOtherOperatingLiabilities" order="1.1200" weight="1.00" priority="2" use="optional"/>
  </calculationLink>
  <calculationLink xlink:type="extended" xlink:role="http://www.apple.com/taxonomy/role/DisclosureComputationOfBasicAndDilutedEarningsPerShare">
    <loc xlink:type="locator" xlink:href="http://xbrl.fasb.org/us-gaap/2014/elts/us-gaap-2014-01-31.xsd#us-gaap_WeightedAverageNumberDilutedSharesOutstandingAdjustment" xlink:label="us-gaap_WeightedAverageNumberDilutedSharesOutstandingAdjustment"/>
    <loc xlink:type="locator" xlink:href="http://xbrl.fasb.org/us-gaap/2014/elts/us-gaap-2014-01-31.xsd#us-gaap_WeightedAverageNumberOfDilutedSharesOutstanding" xlink:label="us-gaap_WeightedAverageNumberOfDilutedSharesOutstanding"/>
    <loc xlink:type="locator" xlink:href="http://xbrl.fasb.org/us-gaap/2014/elts/us-gaap-2014-01-31.xsd#us-gaap_WeightedAverageNumberOfSharesOutstandingBasic" xlink:label="us-gaap_WeightedAverageNumberOfSharesOutstandingBasic"/>
    <calculationArc xlink:type="arc" xlink:arcrole="http://www.xbrl.org/2003/arcrole/summation-item" xlink:from="us-gaap_WeightedAverageNumberOfDilutedSharesOutstanding" xlink:to="us-gaap_WeightedAverageNumberOfSharesOutstandingBasic" order="1.0100" weight="1.00" priority="2" use="optional"/>
    <calculationArc xlink:type="arc" xlink:arcrole="http://www.xbrl.org/2003/arcrole/summation-item" xlink:from="us-gaap_WeightedAverageNumberOfDilutedSharesOutstanding" xlink:to="us-gaap_WeightedAverageNumberDilutedSharesOutstandingAdjustment" order="1.0200" weight="1.00" priority="2" use="optional"/>
  </calculationLink>
  <calculationLink xlink:type="extended" xlink:role="http://www.apple.com/taxonomy/role/DisclosureCashAndAvailableforSaleSecuritiesAdjustedCostGrossUnrealizedGainsGrossUnrealizedLossesAndFairValueRecordedAsCashAndCashEquivalentsOrShortTermOrLongTermMarketableSecurities">
    <loc xlink:type="locator" xlink:href="http://xbrl.fasb.org/us-gaap/2014/elts/us-gaap-2014-01-31.xsd#us-gaap_AvailableForSaleSecurities" xlink:label="us-gaap_AvailableForSaleSecurities"/>
    <loc xlink:type="locator" xlink:href="http://xbrl.fasb.org/us-gaap/2014/elts/us-gaap-2014-01-31.xsd#us-gaap_AvailableForSaleSecuritiesAccumulatedGrossUnrealizedGainBeforeTax" xlink:label="us-gaap_AvailableForSaleSecuritiesAccumulatedGrossUnrealizedGainBeforeTax"/>
    <loc xlink:type="locator" xlink:href="http://xbrl.fasb.org/us-gaap/2014/elts/us-gaap-2014-01-31.xsd#us-gaap_AvailableForSaleSecuritiesAccumulatedGrossUnrealizedLossBeforeTax" xlink:label="us-gaap_AvailableForSaleSecuritiesAccumulatedGrossUnrealizedLossBeforeTax"/>
    <loc xlink:type="locator" xlink:href="http://xbrl.fasb.org/us-gaap/2014/elts/us-gaap-2014-01-31.xsd#us-gaap_AvailableForSaleSecuritiesAmortizedCost" xlink:label="us-gaap_AvailableForSaleSecuritiesAmortizedCost"/>
    <calculationArc xlink:type="arc" xlink:arcrole="http://www.xbrl.org/2003/arcrole/summation-item" xlink:from="us-gaap_AvailableForSaleSecuritiesAmortizedCost" xlink:to="us-gaap_AvailableForSaleSecuritiesAccumulatedGrossUnrealizedGainBeforeTax" order="1.0100" weight="-1.00" priority="2" use="optional"/>
    <calculationArc xlink:type="arc" xlink:arcrole="http://www.xbrl.org/2003/arcrole/summation-item" xlink:from="us-gaap_AvailableForSaleSecuritiesAmortizedCost" xlink:to="us-gaap_AvailableForSaleSecuritiesAccumulatedGrossUnrealizedLossBeforeTax" order="1.0200" weight="1.00" priority="2" use="optional"/>
    <calculationArc xlink:type="arc" xlink:arcrole="http://www.xbrl.org/2003/arcrole/summation-item" xlink:from="us-gaap_AvailableForSaleSecuritiesAmortizedCost" xlink:to="us-gaap_AvailableForSaleSecurities" order="1.0300" weight="1.00" priority="2" use="optional"/>
  </calculationLink>
  <calculationLink xlink:type="extended" xlink:role="http://www.apple.com/taxonomy/role/DisclosureFinancialInstrumentsAdditionalInformation">
  </calculationLink>
  <calculationLink xlink:type="extended" xlink:role="http://www.apple.com/taxonomy/role/DisclosureDerivativeInstrumentsAtGrossFairValue">
  </calculationLink>
  <calculationLink xlink:type="extended" xlink:role="http://www.apple.com/taxonomy/role/DisclosurePreTaxEffectOfDerivativeInstrumentsDesignatedAsCashFlowNetInvestmentAndFairValueHedges">
  </calculationLink>
  <calculationLink xlink:type="extended" xlink:role="http://www.apple.com/taxonomy/role/DisclosureNotionalAmountsOfOutstandingDerivativeInstrumentsAndCreditRiskAmountsAssociatedWithOutstandingOrUnsettledDerivativeInstruments">
  </calculationLink>
  <calculationLink xlink:type="extended" xlink:role="http://www.apple.com/taxonomy/role/DisclosureInventory">
    <loc xlink:type="locator" xlink:href="http://xbrl.fasb.org/us-gaap/2014/elts/us-gaap-2014-01-31.xsd#us-gaap_InventoryFinishedGoodsNetOfReserves" xlink:label="us-gaap_InventoryFinishedGoodsNetOfReserves"/>
    <loc xlink:type="locator" xlink:href="http://xbrl.fasb.org/us-gaap/2014/elts/us-gaap-2014-01-31.xsd#us-gaap_InventoryNet" xlink:label="us-gaap_InventoryNet"/>
    <loc xlink:type="locator" xlink:href="http://xbrl.fasb.org/us-gaap/2014/elts/us-gaap-2014-01-31.xsd#us-gaap_InventoryPartsAndComponentsNetOfReserves" xlink:label="us-gaap_InventoryPartsAndComponentsNetOfReserves"/>
    <calculationArc xlink:type="arc" xlink:arcrole="http://www.xbrl.org/2003/arcrole/summation-item" xlink:from="us-gaap_InventoryNet" xlink:to="us-gaap_InventoryPartsAndComponentsNetOfReserves" order="1.0100" weight="1.00" priority="2" use="optional"/>
    <calculationArc xlink:type="arc" xlink:arcrole="http://www.xbrl.org/2003/arcrole/summation-item" xlink:from="us-gaap_InventoryNet" xlink:to="us-gaap_InventoryFinishedGoodsNetOfReserves" order="1.0200" weight="1.00" priority="2" use="optional"/>
  </calculationLink>
  <calculationLink xlink:type="extended" xlink:role="http://www.apple.com/taxonomy/role/DisclosurePropertyPlantAndEquipmentNet">
    <loc xlink:type="locator" xlink:href="http://xbrl.fasb.org/us-gaap/2014/elts/us-gaap-2014-01-31.xsd#us-gaap_AccumulatedDepreciationDepletionAndAmortizationPropertyPlantAndEquipment" xlink:label="us-gaap_AccumulatedDepreciationDepletionAndAmortizationPropertyPlantAndEquipment"/>
    <loc xlink:type="locator" xlink:href="http://xbrl.fasb.org/us-gaap/2014/elts/us-gaap-2014-01-31.xsd#us-gaap_PropertyPlantAndEquipmentGross" xlink:label="us-gaap_PropertyPlantAndEquipmentGross"/>
    <loc xlink:type="locator" xlink:href="http://xbrl.fasb.org/us-gaap/2014/elts/us-gaap-2014-01-31.xsd#us-gaap_PropertyPlantAndEquipmentNet" xlink:label="us-gaap_PropertyPlantAndEquipmentNet"/>
    <calculationArc xlink:type="arc" xlink:arcrole="http://www.xbrl.org/2003/arcrole/summation-item" xlink:from="us-gaap_PropertyPlantAndEquipmentNet" xlink:to="us-gaap_PropertyPlantAndEquipmentGross" order="1.0200" weight="1.00" priority="2" use="optional"/>
    <calculationArc xlink:type="arc" xlink:arcrole="http://www.xbrl.org/2003/arcrole/summation-item" xlink:from="us-gaap_PropertyPlantAndEquipmentNet" xlink:to="us-gaap_AccumulatedDepreciationDepletionAndAmortizationPropertyPlantAndEquipment" order="1.0300" weight="-1.00" priority="2" use="optional"/>
  </calculationLink>
  <calculationLink xlink:type="extended" xlink:role="http://www.apple.com/taxonomy/role/DisclosureAccruedExpenses">
    <loc xlink:type="locator" xlink:href="http://xbrl.fasb.org/us-gaap/2014/elts/us-gaap-2014-01-31.xsd#us-gaap_AccruedLiabilitiesCurrent" xlink:label="us-gaap_AccruedLiabilitiesCurrent"/>
    <loc xlink:type="locator" xlink:href="http://xbrl.fasb.org/us-gaap/2014/elts/us-gaap-2014-01-31.xsd#us-gaap_AccruedMarketingCostsCurrent" xlink:label="us-gaap_AccruedMarketingCostsCurrent"/>
    <loc xlink:type="locator" xlink:href="http://xbrl.fasb.org/us-gaap/2014/elts/us-gaap-2014-01-31.xsd#us-gaap_EmployeeRelatedLiabilitiesCurrent" xlink:label="us-gaap_EmployeeRelatedLiabilitiesCurrent"/>
    <loc xlink:type="locator" xlink:href="http://xbrl.fasb.org/us-gaap/2014/elts/us-gaap-2014-01-31.xsd#us-gaap_OtherAccruedLiabilitiesCurrent" xlink:label="us-gaap_OtherAccruedLiabilitiesCurrent"/>
    <loc xlink:type="locator" xlink:href="http://xbrl.fasb.org/us-gaap/2014/elts/us-gaap-2014-01-31.xsd#us-gaap_OtherDeferredCreditsCurrent" xlink:label="us-gaap_OtherDeferredCreditsCurrent"/>
    <loc xlink:type="locator" xlink:href="http://xbrl.fasb.org/us-gaap/2014/elts/us-gaap-2014-01-31.xsd#us-gaap_StandardProductWarrantyAccrual" xlink:label="us-gaap_StandardProductWarrantyAccrual"/>
    <loc xlink:type="locator" xlink:href="http://xbrl.fasb.org/us-gaap/2014/elts/us-gaap-2014-01-31.xsd#us-gaap_TaxesPayableCurrent" xlink:label="us-gaap_TaxesPayableCurrent"/>
    <calculationArc xlink:type="arc" xlink:arcrole="http://www.xbrl.org/2003/arcrole/summation-item" xlink:from="us-gaap_AccruedLiabilitiesCurrent" xlink:to="us-gaap_StandardProductWarrantyAccrual" order="1.0100" weight="1.00" priority="2" use="optional"/>
    <calculationArc xlink:type="arc" xlink:arcrole="http://www.xbrl.org/2003/arcrole/summation-item" xlink:from="us-gaap_AccruedLiabilitiesCurrent" xlink:to="us-gaap_AccruedMarketingCostsCurrent" order="1.0200" weight="1.00" priority="2" use="optional"/>
    <calculationArc xlink:type="arc" xlink:arcrole="http://www.xbrl.org/2003/arcrole/summation-item" xlink:from="us-gaap_AccruedLiabilitiesCurrent" xlink:to="us-gaap_TaxesPayableCurrent" order="1.0300" weight="1.00" priority="2" use="optional"/>
    <calculationArc xlink:type="arc" xlink:arcrole="http://www.xbrl.org/2003/arcrole/summation-item" xlink:from="us-gaap_AccruedLiabilitiesCurrent" xlink:to="us-gaap_EmployeeRelatedLiabilitiesCurrent" order="1.0400" weight="1.00" priority="2" use="optional"/>
    <calculationArc xlink:type="arc" xlink:arcrole="http://www.xbrl.org/2003/arcrole/summation-item" xlink:from="us-gaap_AccruedLiabilitiesCurrent" xlink:to="us-gaap_OtherDeferredCreditsCurrent" order="1.0500" weight="1.00" priority="2" use="optional"/>
    <calculationArc xlink:type="arc" xlink:arcrole="http://www.xbrl.org/2003/arcrole/summation-item" xlink:from="us-gaap_AccruedLiabilitiesCurrent" xlink:to="us-gaap_OtherAccruedLiabilitiesCurrent" order="1.0600" weight="1.00" priority="2" use="optional"/>
  </calculationLink>
  <calculationLink xlink:type="extended" xlink:role="http://www.apple.com/taxonomy/role/DisclosureOtherNonCurrentLiabilities">
    <loc xlink:type="locator" xlink:href="http://xbrl.fasb.org/us-gaap/2014/elts/us-gaap-2014-01-31.xsd#us-gaap_DeferredTaxLiabilitiesNoncurrent" xlink:label="us-gaap_DeferredTaxLiabilitiesNoncurrent"/>
    <loc xlink:type="locator" xlink:href="http://xbrl.fasb.org/us-gaap/2014/elts/us-gaap-2014-01-31.xsd#us-gaap_OtherAccruedLiabilitiesNoncurrent" xlink:label="us-gaap_OtherAccruedLiabilitiesNoncurrent"/>
    <loc xlink:type="locator" xlink:href="http://xbrl.fasb.org/us-gaap/2014/elts/us-gaap-2014-01-31.xsd#us-gaap_OtherLiabilitiesNoncurrent" xlink:label="us-gaap_OtherLiabilitiesNoncurrent"/>
    <calculationArc xlink:type="arc" xlink:arcrole="http://www.xbrl.org/2003/arcrole/summation-item" xlink:from="us-gaap_OtherLiabilitiesNoncurrent" xlink:to="us-gaap_DeferredTaxLiabilitiesNoncurrent" order="1.0100" weight="1.00" priority="2" use="optional"/>
    <calculationArc xlink:type="arc" xlink:arcrole="http://www.xbrl.org/2003/arcrole/summation-item" xlink:from="us-gaap_OtherLiabilitiesNoncurrent" xlink:to="us-gaap_OtherAccruedLiabilitiesNoncurrent" order="1.0200" weight="1.00" priority="2" use="optional"/>
  </calculationLink>
  <calculationLink xlink:type="extended" xlink:role="http://www.apple.com/taxonomy/role/DisclosureOtherIncomeExpenseNet">
    <loc xlink:type="locator" xlink:href="http://xbrl.fasb.org/us-gaap/2014/elts/us-gaap-2014-01-31.xsd#us-gaap_InterestExpense" xlink:label="us-gaap_InterestExpense"/>
    <loc xlink:type="locator" xlink:href="http://xbrl.fasb.org/us-gaap/2014/elts/us-gaap-2014-01-31.xsd#us-gaap_InvestmentIncomeInterestAndDividend" xlink:label="us-gaap_InvestmentIncomeInterestAndDividend"/>
    <loc xlink:type="locator" xlink:href="http://xbrl.fasb.org/us-gaap/2014/elts/us-gaap-2014-01-31.xsd#us-gaap_NonoperatingIncomeExpense" xlink:label="us-gaap_NonoperatingIncomeExpense"/>
    <loc xlink:type="locator" xlink:href="http://xbrl.fasb.org/us-gaap/2014/elts/us-gaap-2014-01-31.xsd#us-gaap_OtherNonoperatingIncomeExpense" xlink:label="us-gaap_OtherNonoperatingIncomeExpense"/>
    <calculationArc xlink:type="arc" xlink:arcrole="http://www.xbrl.org/2003/arcrole/summation-item" xlink:from="us-gaap_NonoperatingIncomeExpense" xlink:to="us-gaap_InvestmentIncomeInterestAndDividend" order="1.0100" weight="1.00" priority="2" use="optional"/>
    <calculationArc xlink:type="arc" xlink:arcrole="http://www.xbrl.org/2003/arcrole/summation-item" xlink:from="us-gaap_NonoperatingIncomeExpense" xlink:to="us-gaap_InterestExpense" order="1.0200" weight="-1.00" priority="2" use="optional"/>
    <calculationArc xlink:type="arc" xlink:arcrole="http://www.xbrl.org/2003/arcrole/summation-item" xlink:from="us-gaap_NonoperatingIncomeExpense" xlink:to="us-gaap_OtherNonoperatingIncomeExpense" order="1.0300" weight="1.00" priority="2" use="optional"/>
  </calculationLink>
  <calculationLink xlink:type="extended" xlink:role="http://www.apple.com/taxonomy/role/DisclosureGoodwillAndOtherIntangibleAssetsAdditionalInformation">
  </calculationLink>
  <calculationLink xlink:type="extended" xlink:role="http://www.apple.com/taxonomy/role/DisclosureComponentsOfGrossAndNetIntangibleAssetBalances">
    <loc xlink:type="locator" xlink:href="http://xbrl.fasb.org/us-gaap/2014/elts/us-gaap-2014-01-31.xsd#us-gaap_FiniteLivedIntangibleAssetsAccumulatedAmortization" xlink:label="us-gaap_FiniteLivedIntangibleAssetsAccumulatedAmortization"/>
    <loc xlink:type="locator" xlink:href="http://xbrl.fasb.org/us-gaap/2014/elts/us-gaap-2014-01-31.xsd#us-gaap_FiniteLivedIntangibleAssetsGross" xlink:label="us-gaap_FiniteLivedIntangibleAssetsGross"/>
    <loc xlink:type="locator" xlink:href="http://xbrl.fasb.org/us-gaap/2014/elts/us-gaap-2014-01-31.xsd#us-gaap_FiniteLivedIntangibleAssetsNet" xlink:label="us-gaap_FiniteLivedIntangibleAssetsNet"/>
    <loc xlink:type="locator" xlink:href="http://xbrl.fasb.org/us-gaap/2014/elts/us-gaap-2014-01-31.xsd#us-gaap_IndefiniteLivedIntangibleAssetsExcludingGoodwill" xlink:label="us-gaap_IndefiniteLivedIntangibleAssetsExcludingGoodwill"/>
    <loc xlink:type="locator" xlink:href="http://xbrl.fasb.org/us-gaap/2014/elts/us-gaap-2014-01-31.xsd#us-gaap_IntangibleAssetsNetExcludingGoodwill" xlink:label="us-gaap_IntangibleAssetsNetExcludingGoodwill"/>
    <calculationArc xlink:type="arc" xlink:arcrole="http://www.xbrl.org/2003/arcrole/summation-item" xlink:from="us-gaap_FiniteLivedIntangibleAssetsNet" xlink:to="us-gaap_FiniteLivedIntangibleAssetsGross" order="1.0100" weight="1.00" priority="2" use="optional"/>
    <calculationArc xlink:type="arc" xlink:arcrole="http://www.xbrl.org/2003/arcrole/summation-item" xlink:from="us-gaap_FiniteLivedIntangibleAssetsNet" xlink:to="us-gaap_FiniteLivedIntangibleAssetsAccumulatedAmortization" order="1.0200" weight="-1.00" priority="2" use="optional"/>
    <calculationArc xlink:type="arc" xlink:arcrole="http://www.xbrl.org/2003/arcrole/summation-item" xlink:from="us-gaap_IntangibleAssetsNetExcludingGoodwill" xlink:to="us-gaap_FiniteLivedIntangibleAssetsNet" order="1.0300" weight="1.00" priority="2" use="optional"/>
    <calculationArc xlink:type="arc" xlink:arcrole="http://www.xbrl.org/2003/arcrole/summation-item" xlink:from="us-gaap_IntangibleAssetsNetExcludingGoodwill" xlink:to="us-gaap_IndefiniteLivedIntangibleAssetsExcludingGoodwill" order="1.0400" weight="1.00" priority="2" use="optional"/>
  </calculationLink>
  <calculationLink xlink:type="extended" xlink:role="http://www.apple.com/taxonomy/role/DisclosureIncomeTaxesAdditionalInformation">
  </calculationLink>
  <calculationLink xlink:type="extended" xlink:role="http://www.apple.com/taxonomy/role/DisclosureDebtAdditionalInformation">
  </calculationLink>
  <calculationLink xlink:type="extended" xlink:role="http://www.apple.com/taxonomy/role/DisclosureSummaryOfCashFlowsAssociatedWithIssuanceAndMaturitiesOfCommercialPaper">
    <loc xlink:type="locator" xlink:href="http://xbrl.fasb.org/us-gaap/2014/elts/us-gaap-2014-01-31.xsd#us-gaap_ProceedsFromRepaymentsOfCommercialPaper" xlink:label="us-gaap_ProceedsFromRepaymentsOfCommercialPaper"/>
    <loc xlink:type="locator" xlink:href="http://xbrl.fasb.org/us-gaap/2014/elts/us-gaap-2014-01-31.xsd#us-gaap_ProceedsFromRepaymentsOfShortTermDebtMaturingInMoreThanThreeMonths" xlink:label="us-gaap_ProceedsFromRepaymentsOfShortTermDebtMaturingInMoreThanThreeMonths"/>
    <loc xlink:type="locator" xlink:href="http://xbrl.fasb.org/us-gaap/2014/elts/us-gaap-2014-01-31.xsd#us-gaap_ProceedsFromRepaymentsOfShortTermDebtMaturingInThreeMonthsOrLess" xlink:label="us-gaap_ProceedsFromRepaymentsOfShortTermDebtMaturingInThreeMonthsOrLess"/>
    <loc xlink:type="locator" xlink:href="http://xbrl.fasb.org/us-gaap/2014/elts/us-gaap-2014-01-31.xsd#us-gaap_ProceedsFromShortTermDebtMaturingInMoreThanThreeMonths" xlink:label="us-gaap_ProceedsFromShortTermDebtMaturingInMoreThanThreeMonths"/>
    <loc xlink:type="locator" xlink:href="http://xbrl.fasb.org/us-gaap/2014/elts/us-gaap-2014-01-31.xsd#us-gaap_RepaymentsOfShortTermDebtMaturingInMoreThanThreeMonths" xlink:label="us-gaap_RepaymentsOfShortTermDebtMaturingInMoreThanThreeMonths"/>
    <calculationArc xlink:type="arc" xlink:arcrole="http://www.xbrl.org/2003/arcrole/summation-item" xlink:from="us-gaap_ProceedsFromRepaymentsOfCommercialPaper" xlink:to="us-gaap_ProceedsFromRepaymentsOfShortTermDebtMaturingInThreeMonthsOrLess" order="1.0100" weight="1.00" priority="2" use="optional"/>
    <calculationArc xlink:type="arc" xlink:arcrole="http://www.xbrl.org/2003/arcrole/summation-item" xlink:from="us-gaap_ProceedsFromRepaymentsOfCommercialPaper" xlink:to="us-gaap_ProceedsFromRepaymentsOfShortTermDebtMaturingInMoreThanThreeMonths" order="1.0400" weight="1.00" priority="2" use="optional"/>
    <calculationArc xlink:type="arc" xlink:arcrole="http://www.xbrl.org/2003/arcrole/summation-item" xlink:from="us-gaap_ProceedsFromRepaymentsOfShortTermDebtMaturingInMoreThanThreeMonths" xlink:to="us-gaap_ProceedsFromShortTermDebtMaturingInMoreThanThreeMonths" order="1.0200" weight="1.00" priority="2" use="optional"/>
    <calculationArc xlink:type="arc" xlink:arcrole="http://www.xbrl.org/2003/arcrole/summation-item" xlink:from="us-gaap_ProceedsFromRepaymentsOfShortTermDebtMaturingInMoreThanThreeMonths" xlink:to="us-gaap_RepaymentsOfShortTermDebtMaturingInMoreThanThreeMonths" order="1.0300" weight="-1.00" priority="2" use="optional"/>
  </calculationLink>
  <calculationLink xlink:type="extended" xlink:role="http://www.apple.com/taxonomy/role/DisclosureSummaryOfLongTermDebt">
    <loc xlink:type="locator" xlink:href="http://xbrl.fasb.org/us-gaap/2014/elts/us-gaap-2014-01-31.xsd#us-gaap_DebtInstrumentCarryingAmount" xlink:label="us-gaap_DebtInstrumentCarryingAmount"/>
    <loc xlink:type="locator" xlink:href="http://xbrl.fasb.org/us-gaap/2014/elts/us-gaap-2014-01-31.xsd#us-gaap_DebtInstrumentUnamortizedDiscount" xlink:label="us-gaap_DebtInstrumentUnamortizedDiscount"/>
    <loc xlink:type="locator" xlink:href="aapl-20141227.xsd#aapl_HedgeAccountingAdjustmentsRelatedToLongTermDebt" xlink:label="aapl_HedgeAccountingAdjustmentsRelatedToLongTermDebt"/>
    <loc xlink:type="locator" xlink:href="http://xbrl.fasb.org/us-gaap/2014/elts/us-gaap-2014-01-31.xsd#us-gaap_LongTermDebt" xlink:label="us-gaap_LongTermDebt"/>
    <calculationArc xlink:type="arc" xlink:arcrole="http://www.xbrl.org/2003/arcrole/summation-item" xlink:from="us-gaap_LongTermDebt" xlink:to="us-gaap_DebtInstrumentCarryingAmount" order="1.0200" weight="1.00" priority="2" use="optional"/>
    <calculationArc xlink:type="arc" xlink:arcrole="http://www.xbrl.org/2003/arcrole/summation-item" xlink:from="us-gaap_LongTermDebt" xlink:to="us-gaap_DebtInstrumentUnamortizedDiscount" order="1.0300" weight="-1.00" priority="2" use="optional"/>
    <calculationArc xlink:type="arc" xlink:arcrole="http://www.xbrl.org/2003/arcrole/summation-item" xlink:from="us-gaap_LongTermDebt" xlink:to="aapl_HedgeAccountingAdjustmentsRelatedToLongTermDebt" order="1.0400" weight="1.00" priority="2" use="optional"/>
  </calculationLink>
  <calculationLink xlink:type="extended" xlink:role="http://www.apple.com/taxonomy/role/DisclosureSummaryOfLongTermDebtParenthetical">
  </calculationLink>
  <calculationLink xlink:type="extended" xlink:role="http://www.apple.com/taxonomy/role/DisclosureDebtInstrumentFuturePrincipalPayments">
    <loc xlink:type="locator" xlink:href="http://xbrl.fasb.org/us-gaap/2014/elts/us-gaap-2014-01-31.xsd#us-gaap_DebtInstrumentCarryingAmount" xlink:label="us-gaap_DebtInstrumentCarryingAmount"/>
    <loc xlink:type="locator" xlink:href="http://xbrl.fasb.org/us-gaap/2014/elts/us-gaap-2014-01-31.xsd#us-gaap_LongTermDebtMaturitiesRepaymentsOfPrincipalAfterYearFive" xlink:label="us-gaap_LongTermDebtMaturitiesRepaymentsOfPrincipalAfterYearFive"/>
    <loc xlink:type="locator" xlink:href="http://xbrl.fasb.org/us-gaap/2014/elts/us-gaap-2014-01-31.xsd#us-gaap_LongTermDebtMaturitiesRepaymentsOfPrincipalInYearFive" xlink:label="us-gaap_LongTermDebtMaturitiesRepaymentsOfPrincipalInYearFive"/>
    <loc xlink:type="locator" xlink:href="http://xbrl.fasb.org/us-gaap/2014/elts/us-gaap-2014-01-31.xsd#us-gaap_LongTermDebtMaturitiesRepaymentsOfPrincipalInYearFour" xlink:label="us-gaap_LongTermDebtMaturitiesRepaymentsOfPrincipalInYearFour"/>
    <loc xlink:type="locator" xlink:href="http://xbrl.fasb.org/us-gaap/2014/elts/us-gaap-2014-01-31.xsd#us-gaap_LongTermDebtMaturitiesRepaymentsOfPrincipalInYearThree" xlink:label="us-gaap_LongTermDebtMaturitiesRepaymentsOfPrincipalInYearThree"/>
    <loc xlink:type="locator" xlink:href="http://xbrl.fasb.org/us-gaap/2014/elts/us-gaap-2014-01-31.xsd#us-gaap_LongTermDebtMaturitiesRepaymentsOfPrincipalInYearTwo" xlink:label="us-gaap_LongTermDebtMaturitiesRepaymentsOfPrincipalInYearTwo"/>
    <loc xlink:type="locator" xlink:href="http://xbrl.fasb.org/us-gaap/2014/elts/us-gaap-2014-01-31.xsd#us-gaap_LongTermDebtMaturitiesRepaymentsOfPrincipalRemainderOfFiscalYear" xlink:label="us-gaap_LongTermDebtMaturitiesRepaymentsOfPrincipalRemainderOfFiscalYear"/>
    <calculationArc xlink:type="arc" xlink:arcrole="http://www.xbrl.org/2003/arcrole/summation-item" xlink:from="us-gaap_DebtInstrumentCarryingAmount" xlink:to="us-gaap_LongTermDebtMaturitiesRepaymentsOfPrincipalRemainderOfFiscalYear" order="1.0100" weight="1.00" priority="2" use="optional"/>
    <calculationArc xlink:type="arc" xlink:arcrole="http://www.xbrl.org/2003/arcrole/summation-item" xlink:from="us-gaap_DebtInstrumentCarryingAmount" xlink:to="us-gaap_LongTermDebtMaturitiesRepaymentsOfPrincipalInYearTwo" order="1.0200" weight="1.00" priority="2" use="optional"/>
    <calculationArc xlink:type="arc" xlink:arcrole="http://www.xbrl.org/2003/arcrole/summation-item" xlink:from="us-gaap_DebtInstrumentCarryingAmount" xlink:to="us-gaap_LongTermDebtMaturitiesRepaymentsOfPrincipalInYearThree" order="1.0300" weight="1.00" priority="2" use="optional"/>
    <calculationArc xlink:type="arc" xlink:arcrole="http://www.xbrl.org/2003/arcrole/summation-item" xlink:from="us-gaap_DebtInstrumentCarryingAmount" xlink:to="us-gaap_LongTermDebtMaturitiesRepaymentsOfPrincipalInYearFour" order="1.0400" weight="1.00" priority="2" use="optional"/>
    <calculationArc xlink:type="arc" xlink:arcrole="http://www.xbrl.org/2003/arcrole/summation-item" xlink:from="us-gaap_DebtInstrumentCarryingAmount" xlink:to="us-gaap_LongTermDebtMaturitiesRepaymentsOfPrincipalInYearFive" order="1.0500" weight="1.00" priority="2" use="optional"/>
    <calculationArc xlink:type="arc" xlink:arcrole="http://www.xbrl.org/2003/arcrole/summation-item" xlink:from="us-gaap_DebtInstrumentCarryingAmount" xlink:to="us-gaap_LongTermDebtMaturitiesRepaymentsOfPrincipalAfterYearFive" order="1.0600" weight="1.00" priority="2" use="optional"/>
  </calculationLink>
  <calculationLink xlink:type="extended" xlink:role="http://www.apple.com/taxonomy/role/DisclosureSummaryOfDividendsDeclaredAndPaid">
  </calculationLink>
  <calculationLink xlink:type="extended" xlink:role="http://www.apple.com/taxonomy/role/DisclosureShareholdersEquityAdditionalInformation">
  </calculationLink>
  <calculationLink xlink:type="extended" xlink:role="http://www.apple.com/taxonomy/role/DisclosureSummaryOfAcceleratedShareRepurchaseActivityAndRelatedInformation">
  </calculationLink>
  <calculationLink xlink:type="extended" xlink:role="http://www.apple.com/taxonomy/role/DisclosureSummaryOfAcceleratedShareRepurchaseActivityAndRelatedInformationParenthetical">
  </calculationLink>
  <calculationLink xlink:type="extended" xlink:role="http://www.apple.com/taxonomy/role/DisclosureRepurchasesOfCommonSharesInOpenMarket">
  </calculationLink>
  <calculationLink xlink:type="extended" xlink:role="http://www.apple.com/taxonomy/role/DisclosureGrossAmountsReclassifiedFromAOCIIntoCondensedConsolidatedStatementsOfOperations">
    <loc xlink:type="locator" xlink:href="http://xbrl.fasb.org/us-gaap/2014/elts/us-gaap-2014-01-31.xsd#us-gaap_OtherComprehensiveIncomeLossReclassificationAdjustmentFromAOCIForSaleOfSecuritiesBeforeTax" xlink:label="us-gaap_OtherComprehensiveIncomeLossReclassificationAdjustmentFromAOCIForSaleOfSecuritiesBeforeTax"/>
    <loc xlink:type="locator" xlink:href="http://xbrl.fasb.org/us-gaap/2014/elts/us-gaap-2014-01-31.xsd#us-gaap_OtherComprehensiveIncomeLossReclassificationAdjustmentFromAOCIOnDerivativesBeforeTax" xlink:label="us-gaap_OtherComprehensiveIncomeLossReclassificationAdjustmentFromAOCIOnDerivativesBeforeTax"/>
    <loc xlink:type="locator" xlink:href="http://xbrl.fasb.org/us-gaap/2014/elts/us-gaap-2014-01-31.xsd#us-gaap_ReclassificationFromAccumulatedOtherComprehensiveIncomeCurrentPeriodBeforeTax" xlink:label="us-gaap_ReclassificationFromAccumulatedOtherComprehensiveIncomeCurrentPeriodBeforeTax"/>
    <calculationArc xlink:type="arc" xlink:arcrole="http://www.xbrl.org/2003/arcrole/summation-item" xlink:from="us-gaap_ReclassificationFromAccumulatedOtherComprehensiveIncomeCurrentPeriodBeforeTax" xlink:to="us-gaap_OtherComprehensiveIncomeLossReclassificationAdjustmentFromAOCIOnDerivativesBeforeTax" order="1.0200" weight="1.00" priority="2" use="optional"/>
    <calculationArc xlink:type="arc" xlink:arcrole="http://www.xbrl.org/2003/arcrole/summation-item" xlink:from="us-gaap_ReclassificationFromAccumulatedOtherComprehensiveIncomeCurrentPeriodBeforeTax" xlink:to="us-gaap_OtherComprehensiveIncomeLossReclassificationAdjustmentFromAOCIForSaleOfSecuritiesBeforeTax" order="1.0300" weight="1.00" priority="2" use="optional"/>
  </calculationLink>
  <calculationLink xlink:type="extended" xlink:role="http://www.apple.com/taxonomy/role/DisclosureChangeInAccumulatedOtherComprehensiveIncomeByComponent">
    <loc xlink:type="locator" xlink:href="http://xbrl.fasb.org/us-gaap/2014/elts/us-gaap-2014-01-31.xsd#us-gaap_OtherComprehensiveIncomeLossBeforeReclassificationsBeforeTax" xlink:label="us-gaap_OtherComprehensiveIncomeLossBeforeReclassificationsBeforeTax"/>
    <loc xlink:type="locator" xlink:href="http://xbrl.fasb.org/us-gaap/2014/elts/us-gaap-2014-01-31.xsd#us-gaap_OtherComprehensiveIncomeLossNetOfTax" xlink:label="us-gaap_OtherComprehensiveIncomeLossNetOfTax"/>
    <loc xlink:type="locator" xlink:href="http://xbrl.fasb.org/us-gaap/2014/elts/us-gaap-2014-01-31.xsd#us-gaap_OtherComprehensiveIncomeLossTax" xlink:label="us-gaap_OtherComprehensiveIncomeLossTax"/>
    <loc xlink:type="locator" xlink:href="http://xbrl.fasb.org/us-gaap/2014/elts/us-gaap-2014-01-31.xsd#us-gaap_ReclassificationFromAccumulatedOtherComprehensiveIncomeCurrentPeriodBeforeTax" xlink:label="us-gaap_ReclassificationFromAccumulatedOtherComprehensiveIncomeCurrentPeriodBeforeTax"/>
    <calculationArc xlink:type="arc" xlink:arcrole="http://www.xbrl.org/2003/arcrole/summation-item" xlink:from="us-gaap_OtherComprehensiveIncomeLossNetOfTax" xlink:to="us-gaap_OtherComprehensiveIncomeLossBeforeReclassificationsBeforeTax" order="1.0200" weight="1.00" priority="2" use="optional"/>
    <calculationArc xlink:type="arc" xlink:arcrole="http://www.xbrl.org/2003/arcrole/summation-item" xlink:from="us-gaap_OtherComprehensiveIncomeLossNetOfTax" xlink:to="us-gaap_ReclassificationFromAccumulatedOtherComprehensiveIncomeCurrentPeriodBeforeTax" order="1.0300" weight="-1.00" priority="2" use="optional"/>
    <calculationArc xlink:type="arc" xlink:arcrole="http://www.xbrl.org/2003/arcrole/summation-item" xlink:from="us-gaap_OtherComprehensiveIncomeLossNetOfTax" xlink:to="us-gaap_OtherComprehensiveIncomeLossTax" order="1.0400" weight="-1.00" priority="2" use="optional"/>
  </calculationLink>
  <calculationLink xlink:type="extended" xlink:role="http://www.apple.com/taxonomy/role/DisclosureBenefitPlansAdditionalInformation">
  </calculationLink>
  <calculationLink xlink:type="extended" xlink:role="http://www.apple.com/taxonomy/role/DisclosureRestrictedStockUnitsActivityAndRelatedInformation">
  </calculationLink>
  <calculationLink xlink:type="extended" xlink:role="http://www.apple.com/taxonomy/role/DisclosureSummaryOfShareBasedCompensationExpense">
  </calculationLink>
  <calculationLink xlink:type="extended" xlink:role="http://www.apple.com/taxonomy/role/DisclosureChangesInAccruedWarrantiesAndRelatedCosts">
  </calculationLink>
  <calculationLink xlink:type="extended" xlink:role="http://www.apple.com/taxonomy/role/DisclosureCommitmentsAndContingenciesAdditionalInformation">
  </calculationLink>
  <calculationLink xlink:type="extended" xlink:role="http://www.apple.com/taxonomy/role/DisclosureSummaryInformationByOperatingSegment">
  </calculationLink>
  <calculationLink xlink:type="extended" xlink:role="http://www.apple.com/taxonomy/role/DisclosureReconciliationOfSegmentOperatingIncomeToCondensedConsolidatedStatementsOfOperations">
    <loc xlink:type="locator" xlink:href="http://xbrl.fasb.org/us-gaap/2014/elts/us-gaap-2014-01-31.xsd#us-gaap_OperatingIncomeLoss" xlink:label="us-gaap_OperatingIncomeLoss"/>
    <loc xlink:type="locator" xlink:href="http://xbrl.fasb.org/us-gaap/2014/elts/us-gaap-2014-01-31.xsd#us-gaap_OtherOperatingIncomeExpenseNet" xlink:label="us-gaap_OtherOperatingIncomeExpenseNet"/>
    <loc xlink:type="locator" xlink:href="http://xbrl.fasb.org/us-gaap/2014/elts/us-gaap-2014-01-31.xsd#us-gaap_ResearchAndDevelopmentExpense" xlink:label="us-gaap_ResearchAndDevelopmentExpense"/>
    <calculationArc xlink:type="arc" xlink:arcrole="http://www.xbrl.org/2003/arcrole/summation-item" xlink:from="us-gaap_OperatingIncomeLoss" xlink:to="us-gaap_ResearchAndDevelopmentExpense" order="1.0200" weight="-1.00" priority="2" use="optional"/>
    <calculationArc xlink:type="arc" xlink:arcrole="http://www.xbrl.org/2003/arcrole/summation-item" xlink:from="us-gaap_OperatingIncomeLoss" xlink:to="us-gaap_OtherOperatingIncomeExpenseNet" order="1.0300" weight="1.00" priority="2" use="optional"/>
  </calculationLink>
  <calculationLink xlink:type="extended" xlink:role="http://www.apple.com/taxonomy/role/NotesToFinancialStatementsBasisOfPresentationAndSignificantAccountingPoliciesTextBlock">
  </calculationLink>
  <calculationLink xlink:type="extended" xlink:role="http://www.apple.com/taxonomy/role/NotesToFinancialStatementsBasisOfPresentationAndSignificantAccountingPoliciesTextBlockPolicies">
  </calculationLink>
  <calculationLink xlink:type="extended" xlink:role="http://www.apple.com/taxonomy/role/NotesToFinancialStatementsBasisOfPresentationAndSignificantAccountingPoliciesTextBlockTables">
  </calculationLink>
  <calculationLink xlink:type="extended" xlink:role="http://www.apple.com/taxonomy/role/NotesToFinancialStatementsFinancialInstrumentsDisclosureTextBlock">
  </calculationLink>
  <calculationLink xlink:type="extended" xlink:role="http://www.apple.com/taxonomy/role/NotesToFinancialStatementsFinancialInstrumentsDisclosureTextBlockTables">
  </calculationLink>
  <calculationLink xlink:type="extended" xlink:role="http://www.apple.com/taxonomy/role/NotesToFinancialStatementsAdditionalFinancialInformationDisclosureTextBlock">
  </calculationLink>
  <calculationLink xlink:type="extended" xlink:role="http://www.apple.com/taxonomy/role/NotesToFinancialStatementsAdditionalFinancialInformationDisclosureTextBlockTables">
  </calculationLink>
  <calculationLink xlink:type="extended" xlink:role="http://www.apple.com/taxonomy/role/NotesToFinancialStatementsGoodwillAndIntangibleAssetsDisclosureTextBlock">
  </calculationLink>
  <calculationLink xlink:type="extended" xlink:role="http://www.apple.com/taxonomy/role/NotesToFinancialStatementsGoodwillAndIntangibleAssetsDisclosureTextBlockTables">
  </calculationLink>
  <calculationLink xlink:type="extended" xlink:role="http://www.apple.com/taxonomy/role/NotesToFinancialStatementsIncomeTaxDisclosureTextBlock">
  </calculationLink>
  <calculationLink xlink:type="extended" xlink:role="http://www.apple.com/taxonomy/role/NotesToFinancialStatementsDebtDisclosureTextBlock">
  </calculationLink>
  <calculationLink xlink:type="extended" xlink:role="http://www.apple.com/taxonomy/role/NotesToFinancialStatementsDebtDisclosureTextBlockTables">
  </calculationLink>
  <calculationLink xlink:type="extended" xlink:role="http://www.apple.com/taxonomy/role/NotesToFinancialStatementsStockholdersEquityNoteDisclosureTextBlock">
  </calculationLink>
  <calculationLink xlink:type="extended" xlink:role="http://www.apple.com/taxonomy/role/NotesToFinancialStatementsStockholdersEquityNoteDisclosureTextBlockTables">
  </calculationLink>
  <calculationLink xlink:type="extended" xlink:role="http://www.apple.com/taxonomy/role/NotesToFinancialStatementsComprehensiveIncomeNoteTextBlock">
  </calculationLink>
  <calculationLink xlink:type="extended" xlink:role="http://www.apple.com/taxonomy/role/NotesToFinancialStatementsComprehensiveIncomeNoteTextBlockTables">
  </calculationLink>
  <calculationLink xlink:type="extended" xlink:role="http://www.apple.com/taxonomy/role/NotesToFinancialStatementsCompensationAndEmployeeBenefitPlansTextBlock">
  </calculationLink>
  <calculationLink xlink:type="extended" xlink:role="http://www.apple.com/taxonomy/role/NotesToFinancialStatementsCompensationAndEmployeeBenefitPlansTextBlockTables">
  </calculationLink>
  <calculationLink xlink:type="extended" xlink:role="http://www.apple.com/taxonomy/role/NotesToFinancialStatementsCommitmentsAndContingenciesDisclosureTextBlock">
  </calculationLink>
  <calculationLink xlink:type="extended" xlink:role="http://www.apple.com/taxonomy/role/NotesToFinancialStatementsCommitmentsAndContingenciesDisclosureTextBlockTables">
  </calculationLink>
  <calculationLink xlink:type="extended" xlink:role="http://www.apple.com/taxonomy/role/NotesToFinancialStatementsSegmentReportingDisclosureTextBlock">
  </calculationLink>
  <calculationLink xlink:type="extended" xlink:role="http://www.apple.com/taxonomy/role/NotesToFinancialStatementsSegmentReportingDisclosureTextBlockTables">
  </calculationLink>
</linkbase>
