<?xml version="1.0" encoding="US-ASCII"?>
<!-- EDGAR Online I-Metrix Xcelerate Taxonomy Calculation Linkbase, based on XBRL 2.1  http://www.edgar-online.com/ -->
<!-- Version: 6.12.8 -->
<!-- Round: f31b6ec4-1871-4e9d-8587-55709e346c7c -->
<!-- Creation date: 2011-10-26T15:23:00Z -->
<!-- Copyright (c) 2005-2011 EDGAR Online, Inc. All Rights Reserved. -->
<linkbase xmlns="http://www.xbrl.org/2003/linkbase"
  xmlns:xsi="http://www.w3.org/2001/XMLSchema-instance"
  xmlns:xlink="http://www.w3.org/1999/xlink"
  xsi:schemaLocation="http://www.xbrl.org/2003/linkbase http://www.xbrl.org/2003/xbrl-linkbase-2003-12-31.xsd">
  <roleRef xlink:type="simple" xlink:href="aapl-20110924.xsd#DocumentDocumentandEntityInformation" roleURI="http://www.apple.com/taxonomy/role/DocumentDocumentandEntityInformation"/>
  <roleRef xlink:type="simple" xlink:href="aapl-20110924.xsd#Role_StatementOfIncome" roleURI="http://www.apple.com/taxonomy/role/StatementOfIncome"/>
  <roleRef xlink:type="simple" xlink:href="aapl-20110924.xsd#Role_StatementOfFinancialPositionClassified" roleURI="http://www.apple.com/taxonomy/role/StatementOfFinancialPositionClassified"/>
  <roleRef xlink:type="simple" xlink:href="aapl-20110924.xsd#Role_StatementOfFinancialPositionClassifiedParen" roleURI="http://www.apple.com/taxonomy/role/StatementOfFinancialPositionClassifiedParenthetical"/>
  <roleRef xlink:type="simple" xlink:href="aapl-20110924.xsd#Role_ci-StatementOfShareholdersEquityAndOtherComprehensiveIncome" roleURI="http://www.apple.com/taxonomy/role/StatementOfShareholdersEquityAndOtherComprehensiveIncome"/>
  <roleRef xlink:type="simple" xlink:href="aapl-20110924.xsd#Role_StatementOfCashFlowsIndirect" roleURI="http://www.apple.com/taxonomy/role/StatementOfCashFlowsIndirect"/>
  <roleRef xlink:type="simple" xlink:href="aapl-20110924.xsd#DisclosureSummaryOfSignificantAccountingPoliciesAdditionalInformation" roleURI="http://www.apple.com/taxonomy/role/DisclosureSummaryOfSignificantAccountingPoliciesAdditionalInformation"/>
  <roleRef xlink:type="simple" xlink:href="aapl-20110924.xsd#DisclosureComputationOfBasicAndDilutedEarningsPerCommonShare" roleURI="http://www.apple.com/taxonomy/role/DisclosureComputationOfBasicAndDilutedEarningsPerCommonShare"/>
  <roleRef xlink:type="simple" xlink:href="aapl-20110924.xsd#DisclosureAvailableforSaleSecuritiesAdjustedCostGrossUnrealizedGainsGrossUnrealizedLossesAndFairValueRecordedAsCashAndCashEquivalentsOrShortTermOrLongTermMarketableSecurities" roleURI="http://www.apple.com/taxonomy/role/DisclosureAvailableforSaleSecuritiesAdjustedCostGrossUnrealizedGainsGrossUnrealizedLossesAndFairValueRecordedAsCashAndCashEquivalentsOrShortTermOrLongTermMarketableSecurities"/>
  <roleRef xlink:type="simple" xlink:href="aapl-20110924.xsd#DisclosureFinancialInstrumentsAdditionalInformation" roleURI="http://www.apple.com/taxonomy/role/DisclosureFinancialInstrumentsAdditionalInformation"/>
  <roleRef xlink:type="simple" xlink:href="aapl-20110924.xsd#DisclosureNotionalPrincipalAmountsOfOutstandingDerivativeInstrumentsAndCreditRiskAmountsOfAssociatedWithOutstandingOrUnsettledDerivativeInstruments" roleURI="http://www.apple.com/taxonomy/role/DisclosureNotionalPrincipalAmountsOfOutstandingDerivativeInstrumentsAndCreditRiskAmountsOfAssociatedWithOutstandingOrUnsettledDerivativeInstruments"/>
  <roleRef xlink:type="simple" xlink:href="aapl-20110924.xsd#DisclosureDerivativeInstrumentsMeasuredAtGrossFairValueAsReflectedInTheConsolidatedBalanceSheets" roleURI="http://www.apple.com/taxonomy/role/DisclosureDerivativeInstrumentsMeasuredAtGrossFairValueAsReflectedInTheConsolidatedBalanceSheets"/>
  <roleRef xlink:type="simple" xlink:href="aapl-20110924.xsd#DisclosurePreTaxEffectOfDerivativeInstrumentsDesignatedAsCashFlowAndNetInvestmentHedges" roleURI="http://www.apple.com/taxonomy/role/DisclosurePreTaxEffectOfDerivativeInstrumentsDesignatedAsCashFlowAndNetInvestmentHedges"/>
  <roleRef xlink:type="simple" xlink:href="aapl-20110924.xsd#DisclosurePreTaxEffectOfDerivativeInstrumentsDesignatedAsCashFlowAndNetInvestmentHedgesParenthetical" roleURI="http://www.apple.com/taxonomy/role/DisclosurePreTaxEffectOfDerivativeInstrumentsDesignatedAsCashFlowAndNetInvestmentHedgesParenthetical"/>
  <roleRef xlink:type="simple" xlink:href="aapl-20110924.xsd#DisclosureConsolidatedFinancialStatementDetails" roleURI="http://www.apple.com/taxonomy/role/DisclosureConsolidatedFinancialStatementDetails"/>
  <roleRef xlink:type="simple" xlink:href="aapl-20110924.xsd#DisclosureGoodwillAndOtherIntangibleAssetsAdditionalInformation" roleURI="http://www.apple.com/taxonomy/role/DisclosureGoodwillAndOtherIntangibleAssetsAdditionalInformation"/>
  <roleRef xlink:type="simple" xlink:href="aapl-20110924.xsd#DisclosureComponentsOfGrossAndNetIntangibleAssetBalances" roleURI="http://www.apple.com/taxonomy/role/DisclosureComponentsOfGrossAndNetIntangibleAssetBalances"/>
  <roleRef xlink:type="simple" xlink:href="aapl-20110924.xsd#DisclosureExpectedAnnualAmortizationExpenseRelatedToAcquiredIntangibleAssets" roleURI="http://www.apple.com/taxonomy/role/DisclosureExpectedAnnualAmortizationExpenseRelatedToAcquiredIntangibleAssets"/>
  <roleRef xlink:type="simple" xlink:href="aapl-20110924.xsd#DisclosureProvisionForIncomeTaxes" roleURI="http://www.apple.com/taxonomy/role/DisclosureProvisionForIncomeTaxes"/>
  <roleRef xlink:type="simple" xlink:href="aapl-20110924.xsd#DisclosureIncomeTaxesAdditionalInformation" roleURI="http://www.apple.com/taxonomy/role/DisclosureIncomeTaxesAdditionalInformation"/>
  <roleRef xlink:type="simple" xlink:href="aapl-20110924.xsd#DisclosureSignificantComponentsOfDeferredTaxAssetsAndLiabilities" roleURI="http://www.apple.com/taxonomy/role/DisclosureSignificantComponentsOfDeferredTaxAssetsAndLiabilities"/>
  <roleRef xlink:type="simple" xlink:href="aapl-20110924.xsd#DisclosureReconciliationOfProvisionForIncomeTaxes" roleURI="http://www.apple.com/taxonomy/role/DisclosureReconciliationOfProvisionForIncomeTaxes"/>
  <roleRef xlink:type="simple" xlink:href="aapl-20110924.xsd#DisclosureAggregateChangesInGrossUnrecognizedTaxBenefitsExcludingInterestAndPenalties" roleURI="http://www.apple.com/taxonomy/role/DisclosureAggregateChangesInGrossUnrecognizedTaxBenefitsExcludingInterestAndPenalties"/>
  <roleRef xlink:type="simple" xlink:href="aapl-20110924.xsd#DisclosureShareholdersEquityAndSharebasedCompensationAdditionalInformation" roleURI="http://www.apple.com/taxonomy/role/DisclosureShareholdersEquityAndSharebasedCompensationAdditionalInformation"/>
  <roleRef xlink:type="simple" xlink:href="aapl-20110924.xsd#DisclosureComponentsOfAccumulatedOtherComprehensiveIncomeNetOfTaxes" roleURI="http://www.apple.com/taxonomy/role/DisclosureComponentsOfAccumulatedOtherComprehensiveIncomeNetOfTaxes"/>
  <roleRef xlink:type="simple" xlink:href="aapl-20110924.xsd#DisclosureOtherComprehensiveIncomeRelatedToDerivativesNetOfTaxes" roleURI="http://www.apple.com/taxonomy/role/DisclosureOtherComprehensiveIncomeRelatedToDerivativesNetOfTaxes"/>
  <roleRef xlink:type="simple" xlink:href="aapl-20110924.xsd#DisclosureRestrictedStockUnitsActivity" roleURI="http://www.apple.com/taxonomy/role/DisclosureRestrictedStockUnitsActivity"/>
  <roleRef xlink:type="simple" xlink:href="aapl-20110924.xsd#DisclosureStockOptionActivityAndRelatedInformation" roleURI="http://www.apple.com/taxonomy/role/DisclosureStockOptionActivityAndRelatedInformation"/>
  <roleRef xlink:type="simple" xlink:href="aapl-20110924.xsd#DisclosureSummaryOfTheShareBasedCompensationExpense" roleURI="http://www.apple.com/taxonomy/role/DisclosureSummaryOfTheShareBasedCompensationExpense"/>
  <roleRef xlink:type="simple" xlink:href="aapl-20110924.xsd#DisclosureCommitmentsAndContingenciesAdditionalInformation" roleURI="http://www.apple.com/taxonomy/role/DisclosureCommitmentsAndContingenciesAdditionalInformation"/>
  <roleRef xlink:type="simple" xlink:href="aapl-20110924.xsd#DisclosureChangesInAccruedWarrantyAndRelatedCosts" roleURI="http://www.apple.com/taxonomy/role/DisclosureChangesInAccruedWarrantyAndRelatedCosts"/>
  <roleRef xlink:type="simple" xlink:href="aapl-20110924.xsd#DisclosureFutureMinimumLeasePaymentsUnderNoncancelableOperatingLeases" roleURI="http://www.apple.com/taxonomy/role/DisclosureFutureMinimumLeasePaymentsUnderNoncancelableOperatingLeases"/>
  <roleRef xlink:type="simple" xlink:href="aapl-20110924.xsd#DisclosureSegmentInformationAndGeographicDataAdditionalInformation" roleURI="http://www.apple.com/taxonomy/role/DisclosureSegmentInformationAndGeographicDataAdditionalInformation"/>
  <roleRef xlink:type="simple" xlink:href="aapl-20110924.xsd#DisclosureSummaryInformationByOperatingSegment" roleURI="http://www.apple.com/taxonomy/role/DisclosureSummaryInformationByOperatingSegment"/>
  <roleRef xlink:type="simple" xlink:href="aapl-20110924.xsd#DisclosureReconciliationOfSegmentOperatingIncomeAndAssetsToTheConsolidatedFinancialStatements" roleURI="http://www.apple.com/taxonomy/role/DisclosureReconciliationOfSegmentOperatingIncomeAndAssetsToTheConsolidatedFinancialStatements"/>
  <roleRef xlink:type="simple" xlink:href="aapl-20110924.xsd#DisclosureNetSalesAndLongLivedAssets" roleURI="http://www.apple.com/taxonomy/role/DisclosureNetSalesAndLongLivedAssets"/>
  <roleRef xlink:type="simple" xlink:href="aapl-20110924.xsd#DisclosureNetSalesByProduct" roleURI="http://www.apple.com/taxonomy/role/DisclosureNetSalesByProduct"/>
  <roleRef xlink:type="simple" xlink:href="aapl-20110924.xsd#DisclosureSummaryOfQuarterlyFinancialInformation" roleURI="http://www.apple.com/taxonomy/role/DisclosureSummaryOfQuarterlyFinancialInformation"/>
  <roleRef xlink:type="simple" xlink:href="aapl-20110924.xsd#Role_NotesToFinancialStatementsBasisOfPresentationAndSignificantAccountingPoliciesTextBlock" roleURI="http://www.apple.com/taxonomy/role/NotesToFinancialStatementsBasisOfPresentationAndSignificantAccountingPoliciesTextBlock"/>
  <roleRef xlink:type="simple" xlink:href="aapl-20110924.xsd#Role_NotesToFinancialStatementsBasisOfPresentationAndSignificantAccountingPoliciesTextBlockPolicies" roleURI="http://www.apple.com/taxonomy/role/NotesToFinancialStatementsBasisOfPresentationAndSignificantAccountingPoliciesTextBlockPolicies"/>
  <roleRef xlink:type="simple" xlink:href="aapl-20110924.xsd#Role_NotesToFinancialStatementsBasisOfPresentationAndSignificantAccountingPoliciesTextBlockTables" roleURI="http://www.apple.com/taxonomy/role/NotesToFinancialStatementsBasisOfPresentationAndSignificantAccountingPoliciesTextBlockTables"/>
  <roleRef xlink:type="simple" xlink:href="aapl-20110924.xsd#Role_NotesToFinancialStatementsFinancialInstrumentsDisclosureTextBlock" roleURI="http://www.apple.com/taxonomy/role/NotesToFinancialStatementsFinancialInstrumentsDisclosureTextBlock"/>
  <roleRef xlink:type="simple" xlink:href="aapl-20110924.xsd#Role_NotesToFinancialStatementsFinancialInstrumentsDisclosureTextBlockTables" roleURI="http://www.apple.com/taxonomy/role/NotesToFinancialStatementsFinancialInstrumentsDisclosureTextBlockTables"/>
  <roleRef xlink:type="simple" xlink:href="aapl-20110924.xsd#Role_NotesToFinancialStatementsDetailsOfCertainBalanceSheetAccountsDisclosureTextBlock" roleURI="http://www.apple.com/taxonomy/role/NotesToFinancialStatementsDetailsOfCertainBalanceSheetAccountsDisclosureTextBlock"/>
  <roleRef xlink:type="simple" xlink:href="aapl-20110924.xsd#Role_NotesToFinancialStatementsDetailsOfCertainBalanceSheetAccountsDisclosureTextBlockTables" roleURI="http://www.apple.com/taxonomy/role/NotesToFinancialStatementsDetailsOfCertainBalanceSheetAccountsDisclosureTextBlockTables"/>
  <roleRef xlink:type="simple" xlink:href="aapl-20110924.xsd#Role_NotesToFinancialStatementsGoodwillAndIntangibleAssetsDisclosureTextBlock" roleURI="http://www.apple.com/taxonomy/role/NotesToFinancialStatementsGoodwillAndIntangibleAssetsDisclosureTextBlock"/>
  <roleRef xlink:type="simple" xlink:href="aapl-20110924.xsd#Role_NotesToFinancialStatementsGoodwillAndIntangibleAssetsDisclosureTextBlockTables" roleURI="http://www.apple.com/taxonomy/role/NotesToFinancialStatementsGoodwillAndIntangibleAssetsDisclosureTextBlockTables"/>
  <roleRef xlink:type="simple" xlink:href="aapl-20110924.xsd#Role_NotesToFinancialStatementsIncomeTaxDisclosureTextBlock" roleURI="http://www.apple.com/taxonomy/role/NotesToFinancialStatementsIncomeTaxDisclosureTextBlock"/>
  <roleRef xlink:type="simple" xlink:href="aapl-20110924.xsd#Role_NotesToFinancialStatementsIncomeTaxDisclosureTextBlockTables" roleURI="http://www.apple.com/taxonomy/role/NotesToFinancialStatementsIncomeTaxDisclosureTextBlockTables"/>
  <roleRef xlink:type="simple" xlink:href="aapl-20110924.xsd#Role_NotesToFinancialStatementsShareholdersEquityAndShareBasedPaymentsTextBlock" roleURI="http://www.apple.com/taxonomy/role/NotesToFinancialStatementsShareholdersEquityAndShareBasedPaymentsTextBlock"/>
  <roleRef xlink:type="simple" xlink:href="aapl-20110924.xsd#Role_NotesToFinancialStatementsShareholdersEquityAndShareBasedPaymentsTextBlockTables" roleURI="http://www.apple.com/taxonomy/role/NotesToFinancialStatementsShareholdersEquityAndShareBasedPaymentsTextBlockTables"/>
  <roleRef xlink:type="simple" xlink:href="aapl-20110924.xsd#Role_NotesToFinancialStatementsCommitmentsAndContingenciesDisclosureTextBlock" roleURI="http://www.apple.com/taxonomy/role/NotesToFinancialStatementsCommitmentsAndContingenciesDisclosureTextBlock"/>
  <roleRef xlink:type="simple" xlink:href="aapl-20110924.xsd#Role_NotesToFinancialStatementsCommitmentsAndContingenciesDisclosureTextBlockTables" roleURI="http://www.apple.com/taxonomy/role/NotesToFinancialStatementsCommitmentsAndContingenciesDisclosureTextBlockTables"/>
  <roleRef xlink:type="simple" xlink:href="aapl-20110924.xsd#Role_NotesToFinancialStatementsSegmentReportingDisclosureTextBlock" roleURI="http://www.apple.com/taxonomy/role/NotesToFinancialStatementsSegmentReportingDisclosureTextBlock"/>
  <roleRef xlink:type="simple" xlink:href="aapl-20110924.xsd#Role_NotesToFinancialStatementsSegmentReportingDisclosureTextBlockTables" roleURI="http://www.apple.com/taxonomy/role/NotesToFinancialStatementsSegmentReportingDisclosureTextBlockTables"/>
  <roleRef xlink:type="simple" xlink:href="aapl-20110924.xsd#Role_NotesToFinancialStatementsQuarterlyFinancialInformationTextBlock" roleURI="http://www.apple.com/taxonomy/role/NotesToFinancialStatementsQuarterlyFinancialInformationTextBlock"/>
  <roleRef xlink:type="simple" xlink:href="aapl-20110924.xsd#Role_NotesToFinancialStatementsQuarterlyFinancialInformationTextBlockTables" roleURI="http://www.apple.com/taxonomy/role/NotesToFinancialStatementsQuarterlyFinancialInformationTextBlockTables"/>
  <calculationLink xlink:type="extended" xlink:role="http://www.apple.com/taxonomy/role/DocumentDocumentandEntityInformation">
  </calculationLink>
  <calculationLink xlink:type="extended" xlink:role="http://www.apple.com/taxonomy/role/StatementOfIncome">
    <loc xlink:type="locator" xlink:href="http://xbrl.fasb.org/us-gaap/2011/elts/us-gaap-2011-01-31.xsd#us-gaap_CostOfGoodsAndServicesSold" xlink:label="us-gaap_CostOfGoodsAndServicesSold"/>
    <loc xlink:type="locator" xlink:href="http://xbrl.fasb.org/us-gaap/2011/elts/us-gaap-2011-01-31.xsd#us-gaap_GrossProfit" xlink:label="us-gaap_GrossProfit"/>
    <loc xlink:type="locator" xlink:href="http://xbrl.fasb.org/us-gaap/2011/elts/us-gaap-2011-01-31.xsd#us-gaap_IncomeLossFromContinuingOperationsBeforeIncomeTaxesMinorityInterestAndIncomeLossFromEquityMethodInvestments" xlink:label="us-gaap_IncomeLossFromContinuingOperationsBeforeIncomeTaxesMinorityInterestAndIncomeLossFromEquityMethodInvestments"/>
    <loc xlink:type="locator" xlink:href="http://xbrl.fasb.org/us-gaap/2011/elts/us-gaap-2011-01-31.xsd#us-gaap_IncomeTaxExpenseBenefit" xlink:label="us-gaap_IncomeTaxExpenseBenefit"/>
    <loc xlink:type="locator" xlink:href="http://xbrl.fasb.org/us-gaap/2011/elts/us-gaap-2011-01-31.xsd#us-gaap_NetIncomeLoss" xlink:label="us-gaap_NetIncomeLoss"/>
    <loc xlink:type="locator" xlink:href="http://xbrl.fasb.org/us-gaap/2011/elts/us-gaap-2011-01-31.xsd#us-gaap_NonoperatingIncomeExpense" xlink:label="us-gaap_NonoperatingIncomeExpense"/>
    <loc xlink:type="locator" xlink:href="http://xbrl.fasb.org/us-gaap/2011/elts/us-gaap-2011-01-31.xsd#us-gaap_OperatingExpenses" xlink:label="us-gaap_OperatingExpenses"/>
    <loc xlink:type="locator" xlink:href="http://xbrl.fasb.org/us-gaap/2011/elts/us-gaap-2011-01-31.xsd#us-gaap_OperatingIncomeLoss" xlink:label="us-gaap_OperatingIncomeLoss"/>
    <loc xlink:type="locator" xlink:href="http://xbrl.fasb.org/us-gaap/2011/elts/us-gaap-2011-01-31.xsd#us-gaap_ResearchAndDevelopmentExpense" xlink:label="us-gaap_ResearchAndDevelopmentExpense"/>
    <loc xlink:type="locator" xlink:href="http://xbrl.fasb.org/us-gaap/2011/elts/us-gaap-2011-01-31.xsd#us-gaap_SalesRevenueNet" xlink:label="us-gaap_SalesRevenueNet"/>
    <loc xlink:type="locator" xlink:href="http://xbrl.fasb.org/us-gaap/2011/elts/us-gaap-2011-01-31.xsd#us-gaap_SellingGeneralAndAdministrativeExpense" xlink:label="us-gaap_SellingGeneralAndAdministrativeExpense"/>
    <calculationArc xlink:type="arc" xlink:arcrole="http://www.xbrl.org/2003/arcrole/summation-item" xlink:from="us-gaap_GrossProfit" xlink:to="us-gaap_SalesRevenueNet" order="1.0100" weight="1.00" priority="2" use="optional"/>
    <calculationArc xlink:type="arc" xlink:arcrole="http://www.xbrl.org/2003/arcrole/summation-item" xlink:from="us-gaap_GrossProfit" xlink:to="us-gaap_CostOfGoodsAndServicesSold" order="1.0200" weight="-1.00" priority="2" use="optional"/>
    <calculationArc xlink:type="arc" xlink:arcrole="http://www.xbrl.org/2003/arcrole/summation-item" xlink:from="us-gaap_IncomeLossFromContinuingOperationsBeforeIncomeTaxesMinorityInterestAndIncomeLossFromEquityMethodInvestments" xlink:to="us-gaap_OperatingIncomeLoss" order="1.0700" weight="1.00" priority="2" use="optional"/>
    <calculationArc xlink:type="arc" xlink:arcrole="http://www.xbrl.org/2003/arcrole/summation-item" xlink:from="us-gaap_IncomeLossFromContinuingOperationsBeforeIncomeTaxesMinorityInterestAndIncomeLossFromEquityMethodInvestments" xlink:to="us-gaap_NonoperatingIncomeExpense" order="1.0800" weight="1.00" priority="2" use="optional"/>
    <calculationArc xlink:type="arc" xlink:arcrole="http://www.xbrl.org/2003/arcrole/summation-item" xlink:from="us-gaap_NetIncomeLoss" xlink:to="us-gaap_IncomeLossFromContinuingOperationsBeforeIncomeTaxesMinorityInterestAndIncomeLossFromEquityMethodInvestments" order="1.0900" weight="1.00" priority="2" use="optional"/>
    <calculationArc xlink:type="arc" xlink:arcrole="http://www.xbrl.org/2003/arcrole/summation-item" xlink:from="us-gaap_NetIncomeLoss" xlink:to="us-gaap_IncomeTaxExpenseBenefit" order="1.1000" weight="-1.00" priority="2" use="optional"/>
    <calculationArc xlink:type="arc" xlink:arcrole="http://www.xbrl.org/2003/arcrole/summation-item" xlink:from="us-gaap_OperatingExpenses" xlink:to="us-gaap_ResearchAndDevelopmentExpense" order="1.0400" weight="1.00" priority="2" use="optional"/>
    <calculationArc xlink:type="arc" xlink:arcrole="http://www.xbrl.org/2003/arcrole/summation-item" xlink:from="us-gaap_OperatingExpenses" xlink:to="us-gaap_SellingGeneralAndAdministrativeExpense" order="1.0500" weight="1.00" priority="2" use="optional"/>
    <calculationArc xlink:type="arc" xlink:arcrole="http://www.xbrl.org/2003/arcrole/summation-item" xlink:from="us-gaap_OperatingIncomeLoss" xlink:to="us-gaap_GrossProfit" order="1.0300" weight="1.00" priority="2" use="optional"/>
    <calculationArc xlink:type="arc" xlink:arcrole="http://www.xbrl.org/2003/arcrole/summation-item" xlink:from="us-gaap_OperatingIncomeLoss" xlink:to="us-gaap_OperatingExpenses" order="1.0600" weight="-1.00" priority="2" use="optional"/>
  </calculationLink>
  <calculationLink xlink:type="extended" xlink:role="http://www.apple.com/taxonomy/role/StatementOfFinancialPositionClassified">
    <loc xlink:type="locator" xlink:href="http://xbrl.fasb.org/us-gaap/2011/elts/us-gaap-2011-01-31.xsd#us-gaap_AccountsPayableCurrent" xlink:label="us-gaap_AccountsPayableCurrent"/>
    <loc xlink:type="locator" xlink:href="http://xbrl.fasb.org/us-gaap/2011/elts/us-gaap-2011-01-31.xsd#us-gaap_AccountsReceivableNetCurrent" xlink:label="us-gaap_AccountsReceivableNetCurrent"/>
    <loc xlink:type="locator" xlink:href="http://xbrl.fasb.org/us-gaap/2011/elts/us-gaap-2011-01-31.xsd#us-gaap_AccruedLiabilitiesCurrent" xlink:label="us-gaap_AccruedLiabilitiesCurrent"/>
    <loc xlink:type="locator" xlink:href="http://xbrl.fasb.org/us-gaap/2011/elts/us-gaap-2011-01-31.xsd#us-gaap_AccumulatedOtherComprehensiveIncomeLossNetOfTax" xlink:label="us-gaap_AccumulatedOtherComprehensiveIncomeLossNetOfTax"/>
    <loc xlink:type="locator" xlink:href="http://xbrl.fasb.org/us-gaap/2011/elts/us-gaap-2011-01-31.xsd#us-gaap_Assets" xlink:label="us-gaap_Assets"/>
    <loc xlink:type="locator" xlink:href="http://xbrl.fasb.org/us-gaap/2011/elts/us-gaap-2011-01-31.xsd#us-gaap_AssetsCurrent" xlink:label="us-gaap_AssetsCurrent"/>
    <loc xlink:type="locator" xlink:href="http://xbrl.fasb.org/us-gaap/2011/elts/us-gaap-2011-01-31.xsd#us-gaap_AvailableForSaleSecuritiesCurrent" xlink:label="us-gaap_AvailableForSaleSecuritiesCurrent"/>
    <loc xlink:type="locator" xlink:href="http://xbrl.fasb.org/us-gaap/2011/elts/us-gaap-2011-01-31.xsd#us-gaap_AvailableForSaleSecuritiesNoncurrent" xlink:label="us-gaap_AvailableForSaleSecuritiesNoncurrent"/>
    <loc xlink:type="locator" xlink:href="http://xbrl.fasb.org/us-gaap/2011/elts/us-gaap-2011-01-31.xsd#us-gaap_CashAndCashEquivalentsAtCarryingValue" xlink:label="us-gaap_CashAndCashEquivalentsAtCarryingValue"/>
    <loc xlink:type="locator" xlink:href="http://xbrl.fasb.org/us-gaap/2011/elts/us-gaap-2011-01-31.xsd#us-gaap_CommonStockValue" xlink:label="us-gaap_CommonStockValue"/>
    <loc xlink:type="locator" xlink:href="http://xbrl.fasb.org/us-gaap/2011/elts/us-gaap-2011-01-31.xsd#us-gaap_DeferredRevenueCurrent" xlink:label="us-gaap_DeferredRevenueCurrent"/>
    <loc xlink:type="locator" xlink:href="http://xbrl.fasb.org/us-gaap/2011/elts/us-gaap-2011-01-31.xsd#us-gaap_DeferredRevenueNoncurrent" xlink:label="us-gaap_DeferredRevenueNoncurrent"/>
    <loc xlink:type="locator" xlink:href="http://xbrl.fasb.org/us-gaap/2011/elts/us-gaap-2011-01-31.xsd#us-gaap_DeferredTaxAssetsNetCurrent" xlink:label="us-gaap_DeferredTaxAssetsNetCurrent"/>
    <loc xlink:type="locator" xlink:href="http://xbrl.fasb.org/us-gaap/2011/elts/us-gaap-2011-01-31.xsd#us-gaap_Goodwill" xlink:label="us-gaap_Goodwill"/>
    <loc xlink:type="locator" xlink:href="http://xbrl.fasb.org/us-gaap/2011/elts/us-gaap-2011-01-31.xsd#us-gaap_IntangibleAssetsNetExcludingGoodwill" xlink:label="us-gaap_IntangibleAssetsNetExcludingGoodwill"/>
    <loc xlink:type="locator" xlink:href="http://xbrl.fasb.org/us-gaap/2011/elts/us-gaap-2011-01-31.xsd#us-gaap_InventoryNet" xlink:label="us-gaap_InventoryNet"/>
    <loc xlink:type="locator" xlink:href="http://xbrl.fasb.org/us-gaap/2011/elts/us-gaap-2011-01-31.xsd#us-gaap_Liabilities" xlink:label="us-gaap_Liabilities"/>
    <loc xlink:type="locator" xlink:href="http://xbrl.fasb.org/us-gaap/2011/elts/us-gaap-2011-01-31.xsd#us-gaap_LiabilitiesAndStockholdersEquity" xlink:label="us-gaap_LiabilitiesAndStockholdersEquity"/>
    <loc xlink:type="locator" xlink:href="http://xbrl.fasb.org/us-gaap/2011/elts/us-gaap-2011-01-31.xsd#us-gaap_LiabilitiesCurrent" xlink:label="us-gaap_LiabilitiesCurrent"/>
    <loc xlink:type="locator" xlink:href="http://xbrl.fasb.org/us-gaap/2011/elts/us-gaap-2011-01-31.xsd#us-gaap_NontradeReceivablesCurrent" xlink:label="us-gaap_NontradeReceivablesCurrent"/>
    <loc xlink:type="locator" xlink:href="http://xbrl.fasb.org/us-gaap/2011/elts/us-gaap-2011-01-31.xsd#us-gaap_OtherAssetsCurrent" xlink:label="us-gaap_OtherAssetsCurrent"/>
    <loc xlink:type="locator" xlink:href="http://xbrl.fasb.org/us-gaap/2011/elts/us-gaap-2011-01-31.xsd#us-gaap_OtherAssetsNoncurrent" xlink:label="us-gaap_OtherAssetsNoncurrent"/>
    <loc xlink:type="locator" xlink:href="http://xbrl.fasb.org/us-gaap/2011/elts/us-gaap-2011-01-31.xsd#us-gaap_OtherLiabilitiesNoncurrent" xlink:label="us-gaap_OtherLiabilitiesNoncurrent"/>
    <loc xlink:type="locator" xlink:href="aapl-20110924.xsd#aapl_PropertyPlantAndEquipmentAndCapitalizedSoftwareNet" xlink:label="aapl_PropertyPlantAndEquipmentAndCapitalizedSoftwareNet"/>
    <loc xlink:type="locator" xlink:href="http://xbrl.fasb.org/us-gaap/2011/elts/us-gaap-2011-01-31.xsd#us-gaap_RetainedEarningsAccumulatedDeficit" xlink:label="us-gaap_RetainedEarningsAccumulatedDeficit"/>
    <loc xlink:type="locator" xlink:href="http://xbrl.fasb.org/us-gaap/2011/elts/us-gaap-2011-01-31.xsd#us-gaap_StockholdersEquity" xlink:label="us-gaap_StockholdersEquity"/>
    <calculationArc xlink:type="arc" xlink:arcrole="http://www.xbrl.org/2003/arcrole/summation-item" xlink:from="us-gaap_Assets" xlink:to="us-gaap_AssetsCurrent" order="1.0800" weight="1.00" priority="2" use="optional"/>
    <calculationArc xlink:type="arc" xlink:arcrole="http://www.xbrl.org/2003/arcrole/summation-item" xlink:from="us-gaap_Assets" xlink:to="us-gaap_AvailableForSaleSecuritiesNoncurrent" order="1.0900" weight="1.00" priority="2" use="optional"/>
    <calculationArc xlink:type="arc" xlink:arcrole="http://www.xbrl.org/2003/arcrole/summation-item" xlink:from="us-gaap_Assets" xlink:to="aapl_PropertyPlantAndEquipmentAndCapitalizedSoftwareNet" order="1.1000" weight="1.00" priority="2" use="optional"/>
    <calculationArc xlink:type="arc" xlink:arcrole="http://www.xbrl.org/2003/arcrole/summation-item" xlink:from="us-gaap_Assets" xlink:to="us-gaap_Goodwill" order="1.1100" weight="1.00" priority="2" use="optional"/>
    <calculationArc xlink:type="arc" xlink:arcrole="http://www.xbrl.org/2003/arcrole/summation-item" xlink:from="us-gaap_Assets" xlink:to="us-gaap_IntangibleAssetsNetExcludingGoodwill" order="1.1200" weight="1.00" priority="2" use="optional"/>
    <calculationArc xlink:type="arc" xlink:arcrole="http://www.xbrl.org/2003/arcrole/summation-item" xlink:from="us-gaap_Assets" xlink:to="us-gaap_OtherAssetsNoncurrent" order="1.1300" weight="1.00" priority="2" use="optional"/>
    <calculationArc xlink:type="arc" xlink:arcrole="http://www.xbrl.org/2003/arcrole/summation-item" xlink:from="us-gaap_AssetsCurrent" xlink:to="us-gaap_CashAndCashEquivalentsAtCarryingValue" order="1.0100" weight="1.00" priority="2" use="optional"/>
    <calculationArc xlink:type="arc" xlink:arcrole="http://www.xbrl.org/2003/arcrole/summation-item" xlink:from="us-gaap_AssetsCurrent" xlink:to="us-gaap_AvailableForSaleSecuritiesCurrent" order="1.0200" weight="1.00" priority="2" use="optional"/>
    <calculationArc xlink:type="arc" xlink:arcrole="http://www.xbrl.org/2003/arcrole/summation-item" xlink:from="us-gaap_AssetsCurrent" xlink:to="us-gaap_AccountsReceivableNetCurrent" order="1.0300" weight="1.00" priority="2" use="optional"/>
    <calculationArc xlink:type="arc" xlink:arcrole="http://www.xbrl.org/2003/arcrole/summation-item" xlink:from="us-gaap_AssetsCurrent" xlink:to="us-gaap_InventoryNet" order="1.0400" weight="1.00" priority="2" use="optional"/>
    <calculationArc xlink:type="arc" xlink:arcrole="http://www.xbrl.org/2003/arcrole/summation-item" xlink:from="us-gaap_AssetsCurrent" xlink:to="us-gaap_DeferredTaxAssetsNetCurrent" order="1.0500" weight="1.00" priority="2" use="optional"/>
    <calculationArc xlink:type="arc" xlink:arcrole="http://www.xbrl.org/2003/arcrole/summation-item" xlink:from="us-gaap_AssetsCurrent" xlink:to="us-gaap_NontradeReceivablesCurrent" order="1.0600" weight="1.00" priority="2" use="optional"/>
    <calculationArc xlink:type="arc" xlink:arcrole="http://www.xbrl.org/2003/arcrole/summation-item" xlink:from="us-gaap_AssetsCurrent" xlink:to="us-gaap_OtherAssetsCurrent" order="1.0700" weight="1.00" priority="2" use="optional"/>
    <calculationArc xlink:type="arc" xlink:arcrole="http://www.xbrl.org/2003/arcrole/summation-item" xlink:from="us-gaap_Liabilities" xlink:to="us-gaap_LiabilitiesCurrent" order="1.1700" weight="1.00" priority="2" use="optional"/>
    <calculationArc xlink:type="arc" xlink:arcrole="http://www.xbrl.org/2003/arcrole/summation-item" xlink:from="us-gaap_Liabilities" xlink:to="us-gaap_DeferredRevenueNoncurrent" order="1.1800" weight="1.00" priority="2" use="optional"/>
    <calculationArc xlink:type="arc" xlink:arcrole="http://www.xbrl.org/2003/arcrole/summation-item" xlink:from="us-gaap_Liabilities" xlink:to="us-gaap_OtherLiabilitiesNoncurrent" order="1.1900" weight="1.00" priority="2" use="optional"/>
    <calculationArc xlink:type="arc" xlink:arcrole="http://www.xbrl.org/2003/arcrole/summation-item" xlink:from="us-gaap_LiabilitiesAndStockholdersEquity" xlink:to="us-gaap_Liabilities" order="1.2000" weight="1.00" priority="2" use="optional"/>
    <calculationArc xlink:type="arc" xlink:arcrole="http://www.xbrl.org/2003/arcrole/summation-item" xlink:from="us-gaap_LiabilitiesAndStockholdersEquity" xlink:to="us-gaap_StockholdersEquity" order="1.2400" weight="1.00" priority="2" use="optional"/>
    <calculationArc xlink:type="arc" xlink:arcrole="http://www.xbrl.org/2003/arcrole/summation-item" xlink:from="us-gaap_LiabilitiesCurrent" xlink:to="us-gaap_AccountsPayableCurrent" order="1.1400" weight="1.00" priority="2" use="optional"/>
    <calculationArc xlink:type="arc" xlink:arcrole="http://www.xbrl.org/2003/arcrole/summation-item" xlink:from="us-gaap_LiabilitiesCurrent" xlink:to="us-gaap_AccruedLiabilitiesCurrent" order="1.1500" weight="1.00" priority="2" use="optional"/>
    <calculationArc xlink:type="arc" xlink:arcrole="http://www.xbrl.org/2003/arcrole/summation-item" xlink:from="us-gaap_LiabilitiesCurrent" xlink:to="us-gaap_DeferredRevenueCurrent" order="1.1600" weight="1.00" priority="2" use="optional"/>
    <calculationArc xlink:type="arc" xlink:arcrole="http://www.xbrl.org/2003/arcrole/summation-item" xlink:from="us-gaap_StockholdersEquity" xlink:to="us-gaap_CommonStockValue" order="1.2100" weight="1.00" priority="2" use="optional"/>
    <calculationArc xlink:type="arc" xlink:arcrole="http://www.xbrl.org/2003/arcrole/summation-item" xlink:from="us-gaap_StockholdersEquity" xlink:to="us-gaap_RetainedEarningsAccumulatedDeficit" order="1.2200" weight="1.00" priority="2" use="optional"/>
    <calculationArc xlink:type="arc" xlink:arcrole="http://www.xbrl.org/2003/arcrole/summation-item" xlink:from="us-gaap_StockholdersEquity" xlink:to="us-gaap_AccumulatedOtherComprehensiveIncomeLossNetOfTax" order="1.2300" weight="1.00" priority="2" use="optional"/>
  </calculationLink>
  <calculationLink xlink:type="extended" xlink:role="http://www.apple.com/taxonomy/role/StatementOfFinancialPositionClassifiedParenthetical">
  </calculationLink>
  <calculationLink xlink:type="extended" xlink:role="http://www.apple.com/taxonomy/role/StatementOfShareholdersEquityAndOtherComprehensiveIncome">
    <loc xlink:type="locator" xlink:href="http://xbrl.fasb.org/us-gaap/2011/elts/us-gaap-2011-01-31.xsd#us-gaap_ComprehensiveIncomeNetOfTax" xlink:label="us-gaap_ComprehensiveIncomeNetOfTax"/>
    <loc xlink:type="locator" xlink:href="http://xbrl.fasb.org/us-gaap/2011/elts/us-gaap-2011-01-31.xsd#us-gaap_NetIncomeLoss" xlink:label="us-gaap_NetIncomeLoss"/>
    <loc xlink:type="locator" xlink:href="http://xbrl.fasb.org/us-gaap/2011/elts/us-gaap-2011-01-31.xsd#us-gaap_OtherComprehensiveIncomeAvailableForSaleSecuritiesAdjustmentNetOfTaxPeriodIncreaseDecrease" xlink:label="us-gaap_OtherComprehensiveIncomeAvailableForSaleSecuritiesAdjustmentNetOfTaxPeriodIncreaseDecrease"/>
    <loc xlink:type="locator" xlink:href="http://xbrl.fasb.org/us-gaap/2011/elts/us-gaap-2011-01-31.xsd#us-gaap_OtherComprehensiveIncomeDerivativesQualifyingAsHedgesNetOfTaxPeriodIncreaseDecrease" xlink:label="us-gaap_OtherComprehensiveIncomeDerivativesQualifyingAsHedgesNetOfTaxPeriodIncreaseDecrease"/>
    <loc xlink:type="locator" xlink:href="http://xbrl.fasb.org/us-gaap/2011/elts/us-gaap-2011-01-31.xsd#us-gaap_OtherComprehensiveIncomeForeignCurrencyTransactionAndTranslationAdjustmentNetOfTaxPeriodIncreaseDecrease" xlink:label="us-gaap_OtherComprehensiveIncomeForeignCurrencyTransactionAndTranslationAdjustmentNetOfTaxPeriodIncreaseDecrease"/>
    <calculationArc xlink:type="arc" xlink:arcrole="http://www.xbrl.org/2003/arcrole/summation-item" xlink:from="us-gaap_ComprehensiveIncomeNetOfTax" xlink:to="us-gaap_NetIncomeLoss" order="1.0100" weight="1.00" priority="2" use="optional"/>
    <calculationArc xlink:type="arc" xlink:arcrole="http://www.xbrl.org/2003/arcrole/summation-item" xlink:from="us-gaap_ComprehensiveIncomeNetOfTax" xlink:to="us-gaap_OtherComprehensiveIncomeForeignCurrencyTransactionAndTranslationAdjustmentNetOfTaxPeriodIncreaseDecrease" order="1.0200" weight="1.00" priority="2" use="optional"/>
    <calculationArc xlink:type="arc" xlink:arcrole="http://www.xbrl.org/2003/arcrole/summation-item" xlink:from="us-gaap_ComprehensiveIncomeNetOfTax" xlink:to="us-gaap_OtherComprehensiveIncomeAvailableForSaleSecuritiesAdjustmentNetOfTaxPeriodIncreaseDecrease" order="1.0300" weight="1.00" priority="2" use="optional"/>
    <calculationArc xlink:type="arc" xlink:arcrole="http://www.xbrl.org/2003/arcrole/summation-item" xlink:from="us-gaap_ComprehensiveIncomeNetOfTax" xlink:to="us-gaap_OtherComprehensiveIncomeDerivativesQualifyingAsHedgesNetOfTaxPeriodIncreaseDecrease" order="1.0400" weight="1.00" priority="2" use="optional"/>
  </calculationLink>
  <calculationLink xlink:type="extended" xlink:role="http://www.apple.com/taxonomy/role/StatementOfCashFlowsIndirect">
    <loc xlink:type="locator" xlink:href="http://xbrl.fasb.org/us-gaap/2011/elts/us-gaap-2011-01-31.xsd#us-gaap_CashAndCashEquivalentsPeriodIncreaseDecrease" xlink:label="us-gaap_CashAndCashEquivalentsPeriodIncreaseDecrease"/>
    <loc xlink:type="locator" xlink:href="http://xbrl.fasb.org/us-gaap/2011/elts/us-gaap-2011-01-31.xsd#us-gaap_DeferredIncomeTaxExpenseBenefit" xlink:label="us-gaap_DeferredIncomeTaxExpenseBenefit"/>
    <loc xlink:type="locator" xlink:href="http://xbrl.fasb.org/us-gaap/2011/elts/us-gaap-2011-01-31.xsd#us-gaap_DepreciationAmortizationAndAccretionNet" xlink:label="us-gaap_DepreciationAmortizationAndAccretionNet"/>
    <loc xlink:type="locator" xlink:href="aapl-20110924.xsd#aapl_EmployeeServiceShareBasedCompensationCashUsedToPayTaxesForEquityNetShareSettlement" xlink:label="aapl_EmployeeServiceShareBasedCompensationCashUsedToPayTaxesForEquityNetShareSettlement"/>
    <loc xlink:type="locator" xlink:href="http://xbrl.fasb.org/us-gaap/2011/elts/us-gaap-2011-01-31.xsd#us-gaap_ExcessTaxBenefitFromShareBasedCompensationFinancingActivities" xlink:label="us-gaap_ExcessTaxBenefitFromShareBasedCompensationFinancingActivities"/>
    <loc xlink:type="locator" xlink:href="http://xbrl.fasb.org/us-gaap/2011/elts/us-gaap-2011-01-31.xsd#us-gaap_IncreaseDecreaseInAccountsPayable" xlink:label="us-gaap_IncreaseDecreaseInAccountsPayable"/>
    <loc xlink:type="locator" xlink:href="http://xbrl.fasb.org/us-gaap/2011/elts/us-gaap-2011-01-31.xsd#us-gaap_IncreaseDecreaseInAccountsReceivable" xlink:label="us-gaap_IncreaseDecreaseInAccountsReceivable"/>
    <loc xlink:type="locator" xlink:href="http://xbrl.fasb.org/us-gaap/2011/elts/us-gaap-2011-01-31.xsd#us-gaap_IncreaseDecreaseInDeferredRevenue" xlink:label="us-gaap_IncreaseDecreaseInDeferredRevenue"/>
    <loc xlink:type="locator" xlink:href="http://xbrl.fasb.org/us-gaap/2011/elts/us-gaap-2011-01-31.xsd#us-gaap_IncreaseDecreaseInInventories" xlink:label="us-gaap_IncreaseDecreaseInInventories"/>
    <loc xlink:type="locator" xlink:href="http://xbrl.fasb.org/us-gaap/2011/elts/us-gaap-2011-01-31.xsd#us-gaap_IncreaseDecreaseInOtherOperatingAssets" xlink:label="us-gaap_IncreaseDecreaseInOtherOperatingAssets"/>
    <loc xlink:type="locator" xlink:href="http://xbrl.fasb.org/us-gaap/2011/elts/us-gaap-2011-01-31.xsd#us-gaap_IncreaseDecreaseInOtherOperatingLiabilities" xlink:label="us-gaap_IncreaseDecreaseInOtherOperatingLiabilities"/>
    <loc xlink:type="locator" xlink:href="http://xbrl.fasb.org/us-gaap/2011/elts/us-gaap-2011-01-31.xsd#us-gaap_IncreaseDecreaseInOtherReceivables" xlink:label="us-gaap_IncreaseDecreaseInOtherReceivables"/>
    <loc xlink:type="locator" xlink:href="http://xbrl.fasb.org/us-gaap/2011/elts/us-gaap-2011-01-31.xsd#us-gaap_NetCashProvidedByUsedInFinancingActivities" xlink:label="us-gaap_NetCashProvidedByUsedInFinancingActivities"/>
    <loc xlink:type="locator" xlink:href="http://xbrl.fasb.org/us-gaap/2011/elts/us-gaap-2011-01-31.xsd#us-gaap_NetCashProvidedByUsedInInvestingActivities" xlink:label="us-gaap_NetCashProvidedByUsedInInvestingActivities"/>
    <loc xlink:type="locator" xlink:href="http://xbrl.fasb.org/us-gaap/2011/elts/us-gaap-2011-01-31.xsd#us-gaap_NetCashProvidedByUsedInOperatingActivities" xlink:label="us-gaap_NetCashProvidedByUsedInOperatingActivities"/>
    <loc xlink:type="locator" xlink:href="http://xbrl.fasb.org/us-gaap/2011/elts/us-gaap-2011-01-31.xsd#us-gaap_NetIncomeLoss" xlink:label="us-gaap_NetIncomeLoss"/>
    <loc xlink:type="locator" xlink:href="http://xbrl.fasb.org/us-gaap/2011/elts/us-gaap-2011-01-31.xsd#us-gaap_PaymentsForProceedsFromOtherInvestingActivities" xlink:label="us-gaap_PaymentsForProceedsFromOtherInvestingActivities"/>
    <loc xlink:type="locator" xlink:href="http://xbrl.fasb.org/us-gaap/2011/elts/us-gaap-2011-01-31.xsd#us-gaap_PaymentsToAcquireAvailableForSaleSecurities" xlink:label="us-gaap_PaymentsToAcquireAvailableForSaleSecurities"/>
    <loc xlink:type="locator" xlink:href="http://xbrl.fasb.org/us-gaap/2011/elts/us-gaap-2011-01-31.xsd#us-gaap_PaymentsToAcquireBusinessesNetOfCashAcquired" xlink:label="us-gaap_PaymentsToAcquireBusinessesNetOfCashAcquired"/>
    <loc xlink:type="locator" xlink:href="http://xbrl.fasb.org/us-gaap/2011/elts/us-gaap-2011-01-31.xsd#us-gaap_PaymentsToAcquireIntangibleAssets" xlink:label="us-gaap_PaymentsToAcquireIntangibleAssets"/>
    <loc xlink:type="locator" xlink:href="http://xbrl.fasb.org/us-gaap/2011/elts/us-gaap-2011-01-31.xsd#us-gaap_PaymentsToAcquireProductiveAssets" xlink:label="us-gaap_PaymentsToAcquireProductiveAssets"/>
    <loc xlink:type="locator" xlink:href="http://xbrl.fasb.org/us-gaap/2011/elts/us-gaap-2011-01-31.xsd#us-gaap_ProceedsFromIssuanceOfCommonStock" xlink:label="us-gaap_ProceedsFromIssuanceOfCommonStock"/>
    <loc xlink:type="locator" xlink:href="http://xbrl.fasb.org/us-gaap/2011/elts/us-gaap-2011-01-31.xsd#us-gaap_ProceedsFromMaturitiesPrepaymentsAndCallsOfAvailableForSaleSecurities" xlink:label="us-gaap_ProceedsFromMaturitiesPrepaymentsAndCallsOfAvailableForSaleSecurities"/>
    <loc xlink:type="locator" xlink:href="http://xbrl.fasb.org/us-gaap/2011/elts/us-gaap-2011-01-31.xsd#us-gaap_ProceedsFromSaleOfAvailableForSaleSecurities" xlink:label="us-gaap_ProceedsFromSaleOfAvailableForSaleSecurities"/>
    <loc xlink:type="locator" xlink:href="http://xbrl.fasb.org/us-gaap/2011/elts/us-gaap-2011-01-31.xsd#us-gaap_ShareBasedCompensation" xlink:label="us-gaap_ShareBasedCompensation"/>
    <calculationArc xlink:type="arc" xlink:arcrole="http://www.xbrl.org/2003/arcrole/summation-item" xlink:from="us-gaap_CashAndCashEquivalentsPeriodIncreaseDecrease" xlink:to="us-gaap_NetCashProvidedByUsedInOperatingActivities" order="1.1200" weight="1.00" priority="2" use="optional"/>
    <calculationArc xlink:type="arc" xlink:arcrole="http://www.xbrl.org/2003/arcrole/summation-item" xlink:from="us-gaap_CashAndCashEquivalentsPeriodIncreaseDecrease" xlink:to="us-gaap_NetCashProvidedByUsedInInvestingActivities" order="1.2000" weight="1.00" priority="2" use="optional"/>
    <calculationArc xlink:type="arc" xlink:arcrole="http://www.xbrl.org/2003/arcrole/summation-item" xlink:from="us-gaap_CashAndCashEquivalentsPeriodIncreaseDecrease" xlink:to="us-gaap_NetCashProvidedByUsedInFinancingActivities" order="1.2400" weight="1.00" priority="2" use="optional"/>
    <calculationArc xlink:type="arc" xlink:arcrole="http://www.xbrl.org/2003/arcrole/summation-item" xlink:from="us-gaap_NetCashProvidedByUsedInFinancingActivities" xlink:to="us-gaap_ProceedsFromIssuanceOfCommonStock" order="1.2100" weight="1.00" priority="2" use="optional"/>
    <calculationArc xlink:type="arc" xlink:arcrole="http://www.xbrl.org/2003/arcrole/summation-item" xlink:from="us-gaap_NetCashProvidedByUsedInFinancingActivities" xlink:to="us-gaap_ExcessTaxBenefitFromShareBasedCompensationFinancingActivities" order="1.2200" weight="1.00" priority="2" use="optional"/>
    <calculationArc xlink:type="arc" xlink:arcrole="http://www.xbrl.org/2003/arcrole/summation-item" xlink:from="us-gaap_NetCashProvidedByUsedInFinancingActivities" xlink:to="aapl_EmployeeServiceShareBasedCompensationCashUsedToPayTaxesForEquityNetShareSettlement" order="1.2300" weight="-1.00" priority="2" use="optional"/>
    <calculationArc xlink:type="arc" xlink:arcrole="http://www.xbrl.org/2003/arcrole/summation-item" xlink:from="us-gaap_NetCashProvidedByUsedInInvestingActivities" xlink:to="us-gaap_PaymentsToAcquireAvailableForSaleSecurities" order="1.1300" weight="-1.00" priority="2" use="optional"/>
    <calculationArc xlink:type="arc" xlink:arcrole="http://www.xbrl.org/2003/arcrole/summation-item" xlink:from="us-gaap_NetCashProvidedByUsedInInvestingActivities" xlink:to="us-gaap_ProceedsFromMaturitiesPrepaymentsAndCallsOfAvailableForSaleSecurities" order="1.1400" weight="1.00" priority="2" use="optional"/>
    <calculationArc xlink:type="arc" xlink:arcrole="http://www.xbrl.org/2003/arcrole/summation-item" xlink:from="us-gaap_NetCashProvidedByUsedInInvestingActivities" xlink:to="us-gaap_ProceedsFromSaleOfAvailableForSaleSecurities" order="1.1500" weight="1.00" priority="2" use="optional"/>
    <calculationArc xlink:type="arc" xlink:arcrole="http://www.xbrl.org/2003/arcrole/summation-item" xlink:from="us-gaap_NetCashProvidedByUsedInInvestingActivities" xlink:to="us-gaap_PaymentsToAcquireBusinessesNetOfCashAcquired" order="1.1600" weight="-1.00" priority="2" use="optional"/>
    <calculationArc xlink:type="arc" xlink:arcrole="http://www.xbrl.org/2003/arcrole/summation-item" xlink:from="us-gaap_NetCashProvidedByUsedInInvestingActivities" xlink:to="us-gaap_PaymentsToAcquireProductiveAssets" order="1.1700" weight="-1.00" priority="2" use="optional"/>
    <calculationArc xlink:type="arc" xlink:arcrole="http://www.xbrl.org/2003/arcrole/summation-item" xlink:from="us-gaap_NetCashProvidedByUsedInInvestingActivities" xlink:to="us-gaap_PaymentsToAcquireIntangibleAssets" order="1.1800" weight="-1.00" priority="2" use="optional"/>
    <calculationArc xlink:type="arc" xlink:arcrole="http://www.xbrl.org/2003/arcrole/summation-item" xlink:from="us-gaap_NetCashProvidedByUsedInInvestingActivities" xlink:to="us-gaap_PaymentsForProceedsFromOtherInvestingActivities" order="1.1900" weight="-1.00" priority="2" use="optional"/>
    <calculationArc xlink:type="arc" xlink:arcrole="http://www.xbrl.org/2003/arcrole/summation-item" xlink:from="us-gaap_NetCashProvidedByUsedInOperatingActivities" xlink:to="us-gaap_NetIncomeLoss" order="1.0100" weight="1.00" priority="2" use="optional"/>
    <calculationArc xlink:type="arc" xlink:arcrole="http://www.xbrl.org/2003/arcrole/summation-item" xlink:from="us-gaap_NetCashProvidedByUsedInOperatingActivities" xlink:to="us-gaap_DepreciationAmortizationAndAccretionNet" order="1.0200" weight="1.00" priority="2" use="optional"/>
    <calculationArc xlink:type="arc" xlink:arcrole="http://www.xbrl.org/2003/arcrole/summation-item" xlink:from="us-gaap_NetCashProvidedByUsedInOperatingActivities" xlink:to="us-gaap_ShareBasedCompensation" order="1.0300" weight="1.00" priority="2" use="optional"/>
    <calculationArc xlink:type="arc" xlink:arcrole="http://www.xbrl.org/2003/arcrole/summation-item" xlink:from="us-gaap_NetCashProvidedByUsedInOperatingActivities" xlink:to="us-gaap_DeferredIncomeTaxExpenseBenefit" order="1.0400" weight="1.00" priority="2" use="optional"/>
    <calculationArc xlink:type="arc" xlink:arcrole="http://www.xbrl.org/2003/arcrole/summation-item" xlink:from="us-gaap_NetCashProvidedByUsedInOperatingActivities" xlink:to="us-gaap_IncreaseDecreaseInAccountsReceivable" order="1.0500" weight="-1.00" priority="2" use="optional"/>
    <calculationArc xlink:type="arc" xlink:arcrole="http://www.xbrl.org/2003/arcrole/summation-item" xlink:from="us-gaap_NetCashProvidedByUsedInOperatingActivities" xlink:to="us-gaap_IncreaseDecreaseInInventories" order="1.0600" weight="-1.00" priority="2" use="optional"/>
    <calculationArc xlink:type="arc" xlink:arcrole="http://www.xbrl.org/2003/arcrole/summation-item" xlink:from="us-gaap_NetCashProvidedByUsedInOperatingActivities" xlink:to="us-gaap_IncreaseDecreaseInOtherReceivables" order="1.0700" weight="-1.00" priority="2" use="optional"/>
    <calculationArc xlink:type="arc" xlink:arcrole="http://www.xbrl.org/2003/arcrole/summation-item" xlink:from="us-gaap_NetCashProvidedByUsedInOperatingActivities" xlink:to="us-gaap_IncreaseDecreaseInOtherOperatingAssets" order="1.0800" weight="-1.00" priority="2" use="optional"/>
    <calculationArc xlink:type="arc" xlink:arcrole="http://www.xbrl.org/2003/arcrole/summation-item" xlink:from="us-gaap_NetCashProvidedByUsedInOperatingActivities" xlink:to="us-gaap_IncreaseDecreaseInAccountsPayable" order="1.0900" weight="1.00" priority="2" use="optional"/>
    <calculationArc xlink:type="arc" xlink:arcrole="http://www.xbrl.org/2003/arcrole/summation-item" xlink:from="us-gaap_NetCashProvidedByUsedInOperatingActivities" xlink:to="us-gaap_IncreaseDecreaseInDeferredRevenue" order="1.1000" weight="1.00" priority="2" use="optional"/>
    <calculationArc xlink:type="arc" xlink:arcrole="http://www.xbrl.org/2003/arcrole/summation-item" xlink:from="us-gaap_NetCashProvidedByUsedInOperatingActivities" xlink:to="us-gaap_IncreaseDecreaseInOtherOperatingLiabilities" order="1.1100" weight="1.00" priority="2" use="optional"/>
  </calculationLink>
  <calculationLink xlink:type="extended" xlink:role="http://www.apple.com/taxonomy/role/DisclosureSummaryOfSignificantAccountingPoliciesAdditionalInformation">
  </calculationLink>
  <calculationLink xlink:type="extended" xlink:role="http://www.apple.com/taxonomy/role/DisclosureComputationOfBasicAndDilutedEarningsPerCommonShare">
    <loc xlink:type="locator" xlink:href="http://xbrl.fasb.org/us-gaap/2011/elts/us-gaap-2011-01-31.xsd#us-gaap_WeightedAverageNumberDilutedSharesOutstandingAdjustment" xlink:label="us-gaap_WeightedAverageNumberDilutedSharesOutstandingAdjustment"/>
    <loc xlink:type="locator" xlink:href="http://xbrl.fasb.org/us-gaap/2011/elts/us-gaap-2011-01-31.xsd#us-gaap_WeightedAverageNumberOfDilutedSharesOutstanding" xlink:label="us-gaap_WeightedAverageNumberOfDilutedSharesOutstanding"/>
    <loc xlink:type="locator" xlink:href="http://xbrl.fasb.org/us-gaap/2011/elts/us-gaap-2011-01-31.xsd#us-gaap_WeightedAverageNumberOfSharesOutstandingBasic" xlink:label="us-gaap_WeightedAverageNumberOfSharesOutstandingBasic"/>
    <calculationArc xlink:type="arc" xlink:arcrole="http://www.xbrl.org/2003/arcrole/summation-item" xlink:from="us-gaap_WeightedAverageNumberOfDilutedSharesOutstanding" xlink:to="us-gaap_WeightedAverageNumberOfSharesOutstandingBasic" order="1.0100" weight="1.00" priority="2" use="optional"/>
    <calculationArc xlink:type="arc" xlink:arcrole="http://www.xbrl.org/2003/arcrole/summation-item" xlink:from="us-gaap_WeightedAverageNumberOfDilutedSharesOutstanding" xlink:to="us-gaap_WeightedAverageNumberDilutedSharesOutstandingAdjustment" order="1.0200" weight="1.00" priority="2" use="optional"/>
  </calculationLink>
  <calculationLink xlink:type="extended" xlink:role="http://www.apple.com/taxonomy/role/DisclosureAvailableforSaleSecuritiesAdjustedCostGrossUnrealizedGainsGrossUnrealizedLossesAndFairValueRecordedAsCashAndCashEquivalentsOrShortTermOrLongTermMarketableSecurities">
    <loc xlink:type="locator" xlink:href="http://xbrl.fasb.org/us-gaap/2011/elts/us-gaap-2011-01-31.xsd#us-gaap_AvailableForSaleSecuritiesAmortizedCost" xlink:label="us-gaap_AvailableForSaleSecuritiesAmortizedCost"/>
    <loc xlink:type="locator" xlink:href="http://xbrl.fasb.org/us-gaap/2011/elts/us-gaap-2011-01-31.xsd#us-gaap_AvailableForSaleSecuritiesFairValueDisclosure" xlink:label="us-gaap_AvailableForSaleSecuritiesFairValueDisclosure"/>
    <loc xlink:type="locator" xlink:href="http://xbrl.fasb.org/us-gaap/2011/elts/us-gaap-2011-01-31.xsd#us-gaap_AvailableforsaleSecuritiesGrossUnrealizedGain" xlink:label="us-gaap_AvailableforsaleSecuritiesGrossUnrealizedGain"/>
    <loc xlink:type="locator" xlink:href="http://xbrl.fasb.org/us-gaap/2011/elts/us-gaap-2011-01-31.xsd#us-gaap_AvailableForSaleSecuritiesGrossUnrealizedLosses1" xlink:label="us-gaap_AvailableForSaleSecuritiesGrossUnrealizedLosses1"/>
    <calculationArc xlink:type="arc" xlink:arcrole="http://www.xbrl.org/2003/arcrole/summation-item" xlink:from="us-gaap_AvailableForSaleSecuritiesFairValueDisclosure" xlink:to="us-gaap_AvailableForSaleSecuritiesAmortizedCost" order="1.0100" weight="1.00" priority="2" use="optional"/>
    <calculationArc xlink:type="arc" xlink:arcrole="http://www.xbrl.org/2003/arcrole/summation-item" xlink:from="us-gaap_AvailableForSaleSecuritiesFairValueDisclosure" xlink:to="us-gaap_AvailableforsaleSecuritiesGrossUnrealizedGain" order="1.0200" weight="1.00" priority="2" use="optional"/>
    <calculationArc xlink:type="arc" xlink:arcrole="http://www.xbrl.org/2003/arcrole/summation-item" xlink:from="us-gaap_AvailableForSaleSecuritiesFairValueDisclosure" xlink:to="us-gaap_AvailableForSaleSecuritiesGrossUnrealizedLosses1" order="1.0300" weight="-1.00" priority="2" use="optional"/>
  </calculationLink>
  <calculationLink xlink:type="extended" xlink:role="http://www.apple.com/taxonomy/role/DisclosureFinancialInstrumentsAdditionalInformation">
  </calculationLink>
  <calculationLink xlink:type="extended" xlink:role="http://www.apple.com/taxonomy/role/DisclosureNotionalPrincipalAmountsOfOutstandingDerivativeInstrumentsAndCreditRiskAmountsOfAssociatedWithOutstandingOrUnsettledDerivativeInstruments">
  </calculationLink>
  <calculationLink xlink:type="extended" xlink:role="http://www.apple.com/taxonomy/role/DisclosureDerivativeInstrumentsMeasuredAtGrossFairValueAsReflectedInTheConsolidatedBalanceSheets">
    <loc xlink:type="locator" xlink:href="http://xbrl.fasb.org/us-gaap/2011/elts/us-gaap-2011-01-31.xsd#us-gaap_ForeignCurrencyDerivativeAssetsAtFairValue" xlink:label="us-gaap_ForeignCurrencyDerivativeAssetsAtFairValue"/>
    <loc xlink:type="locator" xlink:href="aapl-20110924.xsd#aapl_ForeignCurrencyDerivativeInstrumentsDesignatedAsHedgingInstrumentsAssetAtFairValue" xlink:label="aapl_ForeignCurrencyDerivativeInstrumentsDesignatedAsHedgingInstrumentsAssetAtFairValue"/>
    <loc xlink:type="locator" xlink:href="aapl-20110924.xsd#aapl_ForeignCurrencyDerivativeInstrumentsDesignatedAsHedgingInstrumentsLiabilityAtFairValue" xlink:label="aapl_ForeignCurrencyDerivativeInstrumentsDesignatedAsHedgingInstrumentsLiabilityAtFairValue"/>
    <loc xlink:type="locator" xlink:href="http://xbrl.fasb.org/us-gaap/2011/elts/us-gaap-2011-01-31.xsd#us-gaap_ForeignCurrencyDerivativeInstrumentsNotDesignatedAsHedgingInstrumentsAssetAtFairValue" xlink:label="us-gaap_ForeignCurrencyDerivativeInstrumentsNotDesignatedAsHedgingInstrumentsAssetAtFairValue"/>
    <loc xlink:type="locator" xlink:href="http://xbrl.fasb.org/us-gaap/2011/elts/us-gaap-2011-01-31.xsd#us-gaap_ForeignCurrencyDerivativeInstrumentsNotDesignatedAsHedgingInstrumentsLiabilityAtFairValue" xlink:label="us-gaap_ForeignCurrencyDerivativeInstrumentsNotDesignatedAsHedgingInstrumentsLiabilityAtFairValue"/>
    <loc xlink:type="locator" xlink:href="http://xbrl.fasb.org/us-gaap/2011/elts/us-gaap-2011-01-31.xsd#us-gaap_ForeignCurrencyDerivativeLiabilitiesAtFairValue" xlink:label="us-gaap_ForeignCurrencyDerivativeLiabilitiesAtFairValue"/>
    <calculationArc xlink:type="arc" xlink:arcrole="http://www.xbrl.org/2003/arcrole/summation-item" xlink:from="us-gaap_ForeignCurrencyDerivativeAssetsAtFairValue" xlink:to="aapl_ForeignCurrencyDerivativeInstrumentsDesignatedAsHedgingInstrumentsAssetAtFairValue" order="1.0100" weight="1.00" priority="2" use="optional"/>
    <calculationArc xlink:type="arc" xlink:arcrole="http://www.xbrl.org/2003/arcrole/summation-item" xlink:from="us-gaap_ForeignCurrencyDerivativeAssetsAtFairValue" xlink:to="us-gaap_ForeignCurrencyDerivativeInstrumentsNotDesignatedAsHedgingInstrumentsAssetAtFairValue" order="1.0200" weight="1.00" priority="2" use="optional"/>
    <calculationArc xlink:type="arc" xlink:arcrole="http://www.xbrl.org/2003/arcrole/summation-item" xlink:from="us-gaap_ForeignCurrencyDerivativeLiabilitiesAtFairValue" xlink:to="aapl_ForeignCurrencyDerivativeInstrumentsDesignatedAsHedgingInstrumentsLiabilityAtFairValue" order="1.0300" weight="1.00" priority="2" use="optional"/>
    <calculationArc xlink:type="arc" xlink:arcrole="http://www.xbrl.org/2003/arcrole/summation-item" xlink:from="us-gaap_ForeignCurrencyDerivativeLiabilitiesAtFairValue" xlink:to="us-gaap_ForeignCurrencyDerivativeInstrumentsNotDesignatedAsHedgingInstrumentsLiabilityAtFairValue" order="1.0400" weight="1.00" priority="2" use="optional"/>
  </calculationLink>
  <calculationLink xlink:type="extended" xlink:role="http://www.apple.com/taxonomy/role/DisclosurePreTaxEffectOfDerivativeInstrumentsDesignatedAsCashFlowAndNetInvestmentHedges">
  </calculationLink>
  <calculationLink xlink:type="extended" xlink:role="http://www.apple.com/taxonomy/role/DisclosurePreTaxEffectOfDerivativeInstrumentsDesignatedAsCashFlowAndNetInvestmentHedgesParenthetical">
  </calculationLink>
  <calculationLink xlink:type="extended" xlink:role="http://www.apple.com/taxonomy/role/DisclosureConsolidatedFinancialStatementDetails">
    <loc xlink:type="locator" xlink:href="http://xbrl.fasb.org/us-gaap/2011/elts/us-gaap-2011-01-31.xsd#us-gaap_AccruedLiabilitiesCurrent" xlink:label="us-gaap_AccruedLiabilitiesCurrent"/>
    <loc xlink:type="locator" xlink:href="aapl-20110924.xsd#aapl_AccruedMarketingAndDistributionCurrent" xlink:label="aapl_AccruedMarketingAndDistributionCurrent"/>
    <loc xlink:type="locator" xlink:href="aapl-20110924.xsd#aapl_AccumulatedDepreciationDepletionAndAmortizationPropertyPlantAndEquipmentAndCapitalizedSoftware" xlink:label="aapl_AccumulatedDepreciationDepletionAndAmortizationPropertyPlantAndEquipmentAndCapitalizedSoftware"/>
    <loc xlink:type="locator" xlink:href="http://xbrl.fasb.org/us-gaap/2011/elts/us-gaap-2011-01-31.xsd#us-gaap_DeferredTaxLiabilitiesNoncurrent" xlink:label="us-gaap_DeferredTaxLiabilitiesNoncurrent"/>
    <loc xlink:type="locator" xlink:href="http://xbrl.fasb.org/us-gaap/2011/elts/us-gaap-2011-01-31.xsd#us-gaap_EmployeeRelatedLiabilitiesCurrent" xlink:label="us-gaap_EmployeeRelatedLiabilitiesCurrent"/>
    <loc xlink:type="locator" xlink:href="http://xbrl.fasb.org/us-gaap/2011/elts/us-gaap-2011-01-31.xsd#us-gaap_FurnitureAndFixturesGross" xlink:label="us-gaap_FurnitureAndFixturesGross"/>
    <loc xlink:type="locator" xlink:href="aapl-20110924.xsd#aapl_LandAndBuildingsGross" xlink:label="aapl_LandAndBuildingsGross"/>
    <loc xlink:type="locator" xlink:href="http://xbrl.fasb.org/us-gaap/2011/elts/us-gaap-2011-01-31.xsd#us-gaap_LeaseholdImprovementsGross" xlink:label="us-gaap_LeaseholdImprovementsGross"/>
    <loc xlink:type="locator" xlink:href="aapl-20110924.xsd#aapl_MachineryEquipmentAndInternalUseSoftwareGross" xlink:label="aapl_MachineryEquipmentAndInternalUseSoftwareGross"/>
    <loc xlink:type="locator" xlink:href="http://xbrl.fasb.org/us-gaap/2011/elts/us-gaap-2011-01-31.xsd#us-gaap_OtherAccruedLiabilitiesCurrent" xlink:label="us-gaap_OtherAccruedLiabilitiesCurrent"/>
    <loc xlink:type="locator" xlink:href="http://xbrl.fasb.org/us-gaap/2011/elts/us-gaap-2011-01-31.xsd#us-gaap_OtherAccruedLiabilitiesNoncurrent" xlink:label="us-gaap_OtherAccruedLiabilitiesNoncurrent"/>
    <loc xlink:type="locator" xlink:href="http://xbrl.fasb.org/us-gaap/2011/elts/us-gaap-2011-01-31.xsd#us-gaap_OtherDeferredCreditsCurrent" xlink:label="us-gaap_OtherDeferredCreditsCurrent"/>
    <loc xlink:type="locator" xlink:href="http://xbrl.fasb.org/us-gaap/2011/elts/us-gaap-2011-01-31.xsd#us-gaap_OtherLiabilitiesNoncurrent" xlink:label="us-gaap_OtherLiabilitiesNoncurrent"/>
    <loc xlink:type="locator" xlink:href="http://xbrl.fasb.org/us-gaap/2011/elts/us-gaap-2011-01-31.xsd#us-gaap_ProductWarrantyAccrualClassifiedCurrent" xlink:label="us-gaap_ProductWarrantyAccrualClassifiedCurrent"/>
    <loc xlink:type="locator" xlink:href="aapl-20110924.xsd#aapl_PropertyPlantAndEquipmentAndCapitalizedSoftwareGross" xlink:label="aapl_PropertyPlantAndEquipmentAndCapitalizedSoftwareGross"/>
    <loc xlink:type="locator" xlink:href="aapl-20110924.xsd#aapl_PropertyPlantAndEquipmentAndCapitalizedSoftwareNet" xlink:label="aapl_PropertyPlantAndEquipmentAndCapitalizedSoftwareNet"/>
    <loc xlink:type="locator" xlink:href="http://xbrl.fasb.org/us-gaap/2011/elts/us-gaap-2011-01-31.xsd#us-gaap_TaxesPayableCurrent" xlink:label="us-gaap_TaxesPayableCurrent"/>
    <calculationArc xlink:type="arc" xlink:arcrole="http://www.xbrl.org/2003/arcrole/summation-item" xlink:from="us-gaap_AccruedLiabilitiesCurrent" xlink:to="us-gaap_OtherDeferredCreditsCurrent" order="1.0700" weight="1.00" priority="2" use="optional"/>
    <calculationArc xlink:type="arc" xlink:arcrole="http://www.xbrl.org/2003/arcrole/summation-item" xlink:from="us-gaap_AccruedLiabilitiesCurrent" xlink:to="us-gaap_ProductWarrantyAccrualClassifiedCurrent" order="1.0800" weight="1.00" priority="2" use="optional"/>
    <calculationArc xlink:type="arc" xlink:arcrole="http://www.xbrl.org/2003/arcrole/summation-item" xlink:from="us-gaap_AccruedLiabilitiesCurrent" xlink:to="us-gaap_TaxesPayableCurrent" order="1.0900" weight="1.00" priority="2" use="optional"/>
    <calculationArc xlink:type="arc" xlink:arcrole="http://www.xbrl.org/2003/arcrole/summation-item" xlink:from="us-gaap_AccruedLiabilitiesCurrent" xlink:to="aapl_AccruedMarketingAndDistributionCurrent" order="1.1000" weight="1.00" priority="2" use="optional"/>
    <calculationArc xlink:type="arc" xlink:arcrole="http://www.xbrl.org/2003/arcrole/summation-item" xlink:from="us-gaap_AccruedLiabilitiesCurrent" xlink:to="us-gaap_EmployeeRelatedLiabilitiesCurrent" order="1.1100" weight="1.00" priority="2" use="optional"/>
    <calculationArc xlink:type="arc" xlink:arcrole="http://www.xbrl.org/2003/arcrole/summation-item" xlink:from="us-gaap_AccruedLiabilitiesCurrent" xlink:to="us-gaap_OtherAccruedLiabilitiesCurrent" order="1.1200" weight="1.00" priority="2" use="optional"/>
    <calculationArc xlink:type="arc" xlink:arcrole="http://www.xbrl.org/2003/arcrole/summation-item" xlink:from="us-gaap_OtherLiabilitiesNoncurrent" xlink:to="us-gaap_DeferredTaxLiabilitiesNoncurrent" order="1.1300" weight="1.00" priority="2" use="optional"/>
    <calculationArc xlink:type="arc" xlink:arcrole="http://www.xbrl.org/2003/arcrole/summation-item" xlink:from="us-gaap_OtherLiabilitiesNoncurrent" xlink:to="us-gaap_OtherAccruedLiabilitiesNoncurrent" order="1.1400" weight="1.00" priority="2" use="optional"/>
    <calculationArc xlink:type="arc" xlink:arcrole="http://www.xbrl.org/2003/arcrole/summation-item" xlink:from="aapl_PropertyPlantAndEquipmentAndCapitalizedSoftwareGross" xlink:to="aapl_LandAndBuildingsGross" order="1.0100" weight="1.00" priority="2" use="optional"/>
    <calculationArc xlink:type="arc" xlink:arcrole="http://www.xbrl.org/2003/arcrole/summation-item" xlink:from="aapl_PropertyPlantAndEquipmentAndCapitalizedSoftwareGross" xlink:to="aapl_MachineryEquipmentAndInternalUseSoftwareGross" order="1.0200" weight="1.00" priority="2" use="optional"/>
    <calculationArc xlink:type="arc" xlink:arcrole="http://www.xbrl.org/2003/arcrole/summation-item" xlink:from="aapl_PropertyPlantAndEquipmentAndCapitalizedSoftwareGross" xlink:to="us-gaap_FurnitureAndFixturesGross" order="1.0300" weight="1.00" priority="2" use="optional"/>
    <calculationArc xlink:type="arc" xlink:arcrole="http://www.xbrl.org/2003/arcrole/summation-item" xlink:from="aapl_PropertyPlantAndEquipmentAndCapitalizedSoftwareGross" xlink:to="us-gaap_LeaseholdImprovementsGross" order="1.0400" weight="1.00" priority="2" use="optional"/>
    <calculationArc xlink:type="arc" xlink:arcrole="http://www.xbrl.org/2003/arcrole/summation-item" xlink:from="aapl_PropertyPlantAndEquipmentAndCapitalizedSoftwareNet" xlink:to="aapl_PropertyPlantAndEquipmentAndCapitalizedSoftwareGross" order="1.0500" weight="1.00" priority="2" use="optional"/>
    <calculationArc xlink:type="arc" xlink:arcrole="http://www.xbrl.org/2003/arcrole/summation-item" xlink:from="aapl_PropertyPlantAndEquipmentAndCapitalizedSoftwareNet" xlink:to="aapl_AccumulatedDepreciationDepletionAndAmortizationPropertyPlantAndEquipmentAndCapitalizedSoftware" order="1.0600" weight="-1.00" priority="2" use="optional"/>
  </calculationLink>
  <calculationLink xlink:type="extended" xlink:role="http://www.apple.com/taxonomy/role/DisclosureGoodwillAndOtherIntangibleAssetsAdditionalInformation">
  </calculationLink>
  <calculationLink xlink:type="extended" xlink:role="http://www.apple.com/taxonomy/role/DisclosureComponentsOfGrossAndNetIntangibleAssetBalances">
    <loc xlink:type="locator" xlink:href="http://xbrl.fasb.org/us-gaap/2011/elts/us-gaap-2011-01-31.xsd#us-gaap_FiniteLivedIntangibleAssetsAccumulatedAmortization" xlink:label="us-gaap_FiniteLivedIntangibleAssetsAccumulatedAmortization"/>
    <loc xlink:type="locator" xlink:href="http://xbrl.fasb.org/us-gaap/2011/elts/us-gaap-2011-01-31.xsd#us-gaap_FiniteLivedIntangibleAssetsGross" xlink:label="us-gaap_FiniteLivedIntangibleAssetsGross"/>
    <loc xlink:type="locator" xlink:href="http://xbrl.fasb.org/us-gaap/2011/elts/us-gaap-2011-01-31.xsd#us-gaap_IntangibleAssetsNetExcludingGoodwill" xlink:label="us-gaap_IntangibleAssetsNetExcludingGoodwill"/>
    <calculationArc xlink:type="arc" xlink:arcrole="http://www.xbrl.org/2003/arcrole/summation-item" xlink:from="us-gaap_IntangibleAssetsNetExcludingGoodwill" xlink:to="us-gaap_FiniteLivedIntangibleAssetsGross" order="1.0100" weight="1.00" priority="2" use="optional"/>
    <calculationArc xlink:type="arc" xlink:arcrole="http://www.xbrl.org/2003/arcrole/summation-item" xlink:from="us-gaap_IntangibleAssetsNetExcludingGoodwill" xlink:to="us-gaap_FiniteLivedIntangibleAssetsAccumulatedAmortization" order="1.0200" weight="-1.00" priority="2" use="optional"/>
  </calculationLink>
  <calculationLink xlink:type="extended" xlink:role="http://www.apple.com/taxonomy/role/DisclosureExpectedAnnualAmortizationExpenseRelatedToAcquiredIntangibleAssets">
    <loc xlink:type="locator" xlink:href="aapl-20110924.xsd#aapl_FutureAmortizationExpenseThereafter" xlink:label="aapl_FutureAmortizationExpenseThereafter"/>
    <loc xlink:type="locator" xlink:href="aapl-20110924.xsd#aapl_FutureAmortizationExpenseTotal" xlink:label="aapl_FutureAmortizationExpenseTotal"/>
    <loc xlink:type="locator" xlink:href="http://xbrl.fasb.org/us-gaap/2011/elts/us-gaap-2011-01-31.xsd#us-gaap_FutureAmortizationExpenseYearFive" xlink:label="us-gaap_FutureAmortizationExpenseYearFive"/>
    <loc xlink:type="locator" xlink:href="http://xbrl.fasb.org/us-gaap/2011/elts/us-gaap-2011-01-31.xsd#us-gaap_FutureAmortizationExpenseYearFour" xlink:label="us-gaap_FutureAmortizationExpenseYearFour"/>
    <loc xlink:type="locator" xlink:href="http://xbrl.fasb.org/us-gaap/2011/elts/us-gaap-2011-01-31.xsd#us-gaap_FutureAmortizationExpenseYearOne" xlink:label="us-gaap_FutureAmortizationExpenseYearOne"/>
    <loc xlink:type="locator" xlink:href="http://xbrl.fasb.org/us-gaap/2011/elts/us-gaap-2011-01-31.xsd#us-gaap_FutureAmortizationExpenseYearThree" xlink:label="us-gaap_FutureAmortizationExpenseYearThree"/>
    <loc xlink:type="locator" xlink:href="http://xbrl.fasb.org/us-gaap/2011/elts/us-gaap-2011-01-31.xsd#us-gaap_FutureAmortizationExpenseYearTwo" xlink:label="us-gaap_FutureAmortizationExpenseYearTwo"/>
    <calculationArc xlink:type="arc" xlink:arcrole="http://www.xbrl.org/2003/arcrole/summation-item" xlink:from="aapl_FutureAmortizationExpenseTotal" xlink:to="us-gaap_FutureAmortizationExpenseYearOne" order="1.0100" weight="1.00" priority="2" use="optional"/>
    <calculationArc xlink:type="arc" xlink:arcrole="http://www.xbrl.org/2003/arcrole/summation-item" xlink:from="aapl_FutureAmortizationExpenseTotal" xlink:to="us-gaap_FutureAmortizationExpenseYearTwo" order="1.0200" weight="1.00" priority="2" use="optional"/>
    <calculationArc xlink:type="arc" xlink:arcrole="http://www.xbrl.org/2003/arcrole/summation-item" xlink:from="aapl_FutureAmortizationExpenseTotal" xlink:to="us-gaap_FutureAmortizationExpenseYearThree" order="1.0300" weight="1.00" priority="2" use="optional"/>
    <calculationArc xlink:type="arc" xlink:arcrole="http://www.xbrl.org/2003/arcrole/summation-item" xlink:from="aapl_FutureAmortizationExpenseTotal" xlink:to="us-gaap_FutureAmortizationExpenseYearFour" order="1.0400" weight="1.00" priority="2" use="optional"/>
    <calculationArc xlink:type="arc" xlink:arcrole="http://www.xbrl.org/2003/arcrole/summation-item" xlink:from="aapl_FutureAmortizationExpenseTotal" xlink:to="us-gaap_FutureAmortizationExpenseYearFive" order="1.0500" weight="1.00" priority="2" use="optional"/>
    <calculationArc xlink:type="arc" xlink:arcrole="http://www.xbrl.org/2003/arcrole/summation-item" xlink:from="aapl_FutureAmortizationExpenseTotal" xlink:to="aapl_FutureAmortizationExpenseThereafter" order="1.0600" weight="1.00" priority="2" use="optional"/>
  </calculationLink>
  <calculationLink xlink:type="extended" xlink:role="http://www.apple.com/taxonomy/role/DisclosureProvisionForIncomeTaxes">
    <loc xlink:type="locator" xlink:href="http://xbrl.fasb.org/us-gaap/2011/elts/us-gaap-2011-01-31.xsd#us-gaap_CurrentFederalTaxExpenseBenefit" xlink:label="us-gaap_CurrentFederalTaxExpenseBenefit"/>
    <loc xlink:type="locator" xlink:href="http://xbrl.fasb.org/us-gaap/2011/elts/us-gaap-2011-01-31.xsd#us-gaap_CurrentForeignTaxExpenseBenefit" xlink:label="us-gaap_CurrentForeignTaxExpenseBenefit"/>
    <loc xlink:type="locator" xlink:href="http://xbrl.fasb.org/us-gaap/2011/elts/us-gaap-2011-01-31.xsd#us-gaap_CurrentStateAndLocalTaxExpenseBenefit" xlink:label="us-gaap_CurrentStateAndLocalTaxExpenseBenefit"/>
    <loc xlink:type="locator" xlink:href="http://xbrl.fasb.org/us-gaap/2011/elts/us-gaap-2011-01-31.xsd#us-gaap_DeferredFederalIncomeTaxExpenseBenefit" xlink:label="us-gaap_DeferredFederalIncomeTaxExpenseBenefit"/>
    <loc xlink:type="locator" xlink:href="http://xbrl.fasb.org/us-gaap/2011/elts/us-gaap-2011-01-31.xsd#us-gaap_DeferredForeignIncomeTaxExpenseBenefit" xlink:label="us-gaap_DeferredForeignIncomeTaxExpenseBenefit"/>
    <loc xlink:type="locator" xlink:href="http://xbrl.fasb.org/us-gaap/2011/elts/us-gaap-2011-01-31.xsd#us-gaap_DeferredStateAndLocalIncomeTaxExpenseBenefit" xlink:label="us-gaap_DeferredStateAndLocalIncomeTaxExpenseBenefit"/>
    <loc xlink:type="locator" xlink:href="http://xbrl.fasb.org/us-gaap/2011/elts/us-gaap-2011-01-31.xsd#us-gaap_FederalIncomeTaxExpenseBenefitContinuingOperations" xlink:label="us-gaap_FederalIncomeTaxExpenseBenefitContinuingOperations"/>
    <loc xlink:type="locator" xlink:href="http://xbrl.fasb.org/us-gaap/2011/elts/us-gaap-2011-01-31.xsd#us-gaap_ForeignIncomeTaxExpenseBenefitContinuingOperations" xlink:label="us-gaap_ForeignIncomeTaxExpenseBenefitContinuingOperations"/>
    <loc xlink:type="locator" xlink:href="http://xbrl.fasb.org/us-gaap/2011/elts/us-gaap-2011-01-31.xsd#us-gaap_IncomeTaxExpenseBenefit" xlink:label="us-gaap_IncomeTaxExpenseBenefit"/>
    <loc xlink:type="locator" xlink:href="http://xbrl.fasb.org/us-gaap/2011/elts/us-gaap-2011-01-31.xsd#us-gaap_StateAndLocalIncomeTaxExpenseBenefitContinuingOperations" xlink:label="us-gaap_StateAndLocalIncomeTaxExpenseBenefitContinuingOperations"/>
    <calculationArc xlink:type="arc" xlink:arcrole="http://www.xbrl.org/2003/arcrole/summation-item" xlink:from="us-gaap_FederalIncomeTaxExpenseBenefitContinuingOperations" xlink:to="us-gaap_CurrentFederalTaxExpenseBenefit" order="1.0100" weight="1.00" priority="2" use="optional"/>
    <calculationArc xlink:type="arc" xlink:arcrole="http://www.xbrl.org/2003/arcrole/summation-item" xlink:from="us-gaap_FederalIncomeTaxExpenseBenefitContinuingOperations" xlink:to="us-gaap_DeferredFederalIncomeTaxExpenseBenefit" order="1.0200" weight="1.00" priority="2" use="optional"/>
    <calculationArc xlink:type="arc" xlink:arcrole="http://www.xbrl.org/2003/arcrole/summation-item" xlink:from="us-gaap_ForeignIncomeTaxExpenseBenefitContinuingOperations" xlink:to="us-gaap_CurrentForeignTaxExpenseBenefit" order="1.0700" weight="1.00" priority="2" use="optional"/>
    <calculationArc xlink:type="arc" xlink:arcrole="http://www.xbrl.org/2003/arcrole/summation-item" xlink:from="us-gaap_ForeignIncomeTaxExpenseBenefitContinuingOperations" xlink:to="us-gaap_DeferredForeignIncomeTaxExpenseBenefit" order="1.0800" weight="1.00" priority="2" use="optional"/>
    <calculationArc xlink:type="arc" xlink:arcrole="http://www.xbrl.org/2003/arcrole/summation-item" xlink:from="us-gaap_IncomeTaxExpenseBenefit" xlink:to="us-gaap_FederalIncomeTaxExpenseBenefitContinuingOperations" order="1.0300" weight="1.00" priority="2" use="optional"/>
    <calculationArc xlink:type="arc" xlink:arcrole="http://www.xbrl.org/2003/arcrole/summation-item" xlink:from="us-gaap_IncomeTaxExpenseBenefit" xlink:to="us-gaap_StateAndLocalIncomeTaxExpenseBenefitContinuingOperations" order="1.0600" weight="1.00" priority="2" use="optional"/>
    <calculationArc xlink:type="arc" xlink:arcrole="http://www.xbrl.org/2003/arcrole/summation-item" xlink:from="us-gaap_IncomeTaxExpenseBenefit" xlink:to="us-gaap_ForeignIncomeTaxExpenseBenefitContinuingOperations" order="1.0900" weight="1.00" priority="2" use="optional"/>
    <calculationArc xlink:type="arc" xlink:arcrole="http://www.xbrl.org/2003/arcrole/summation-item" xlink:from="us-gaap_StateAndLocalIncomeTaxExpenseBenefitContinuingOperations" xlink:to="us-gaap_CurrentStateAndLocalTaxExpenseBenefit" order="1.0400" weight="1.00" priority="2" use="optional"/>
    <calculationArc xlink:type="arc" xlink:arcrole="http://www.xbrl.org/2003/arcrole/summation-item" xlink:from="us-gaap_StateAndLocalIncomeTaxExpenseBenefitContinuingOperations" xlink:to="us-gaap_DeferredStateAndLocalIncomeTaxExpenseBenefit" order="1.0500" weight="1.00" priority="2" use="optional"/>
  </calculationLink>
  <calculationLink xlink:type="extended" xlink:role="http://www.apple.com/taxonomy/role/DisclosureIncomeTaxesAdditionalInformation">
  </calculationLink>
  <calculationLink xlink:type="extended" xlink:role="http://www.apple.com/taxonomy/role/DisclosureSignificantComponentsOfDeferredTaxAssetsAndLiabilities">
    <loc xlink:type="locator" xlink:href="aapl-20110924.xsd#aapl_DeferredTaxAssetsBasisOfCapitalAssetsAndInvestments" xlink:label="aapl_DeferredTaxAssetsBasisOfCapitalAssetsAndInvestments"/>
    <loc xlink:type="locator" xlink:href="http://xbrl.fasb.org/us-gaap/2011/elts/us-gaap-2011-01-31.xsd#us-gaap_DeferredTaxAssetsGross" xlink:label="us-gaap_DeferredTaxAssetsGross"/>
    <loc xlink:type="locator" xlink:href="http://xbrl.fasb.org/us-gaap/2011/elts/us-gaap-2011-01-31.xsd#us-gaap_DeferredTaxAssetsLiabilitiesNet" xlink:label="us-gaap_DeferredTaxAssetsLiabilitiesNet"/>
    <loc xlink:type="locator" xlink:href="http://xbrl.fasb.org/us-gaap/2011/elts/us-gaap-2011-01-31.xsd#us-gaap_DeferredTaxAssetsNet" xlink:label="us-gaap_DeferredTaxAssetsNet"/>
    <loc xlink:type="locator" xlink:href="http://xbrl.fasb.org/us-gaap/2011/elts/us-gaap-2011-01-31.xsd#us-gaap_DeferredTaxAssetsOther" xlink:label="us-gaap_DeferredTaxAssetsOther"/>
    <loc xlink:type="locator" xlink:href="http://xbrl.fasb.org/us-gaap/2011/elts/us-gaap-2011-01-31.xsd#us-gaap_DeferredTaxAssetsTaxDeferredExpenseCompensationAndBenefitsShareBasedCompensationCost" xlink:label="us-gaap_DeferredTaxAssetsTaxDeferredExpenseCompensationAndBenefitsShareBasedCompensationCost"/>
    <loc xlink:type="locator" xlink:href="http://xbrl.fasb.org/us-gaap/2011/elts/us-gaap-2011-01-31.xsd#us-gaap_DeferredTaxAssetsTaxDeferredExpenseReservesAndAccruals" xlink:label="us-gaap_DeferredTaxAssetsTaxDeferredExpenseReservesAndAccruals"/>
    <loc xlink:type="locator" xlink:href="http://xbrl.fasb.org/us-gaap/2011/elts/us-gaap-2011-01-31.xsd#us-gaap_DeferredTaxAssetsValuationAllowance" xlink:label="us-gaap_DeferredTaxAssetsValuationAllowance"/>
    <loc xlink:type="locator" xlink:href="http://xbrl.fasb.org/us-gaap/2011/elts/us-gaap-2011-01-31.xsd#us-gaap_DeferredTaxLiabilities" xlink:label="us-gaap_DeferredTaxLiabilities"/>
    <loc xlink:type="locator" xlink:href="http://xbrl.fasb.org/us-gaap/2011/elts/us-gaap-2011-01-31.xsd#us-gaap_DeferredTaxLiabilitiesOther" xlink:label="us-gaap_DeferredTaxLiabilitiesOther"/>
    <loc xlink:type="locator" xlink:href="http://xbrl.fasb.org/us-gaap/2011/elts/us-gaap-2011-01-31.xsd#us-gaap_DeferredTaxLiabilitiesUndistributedForeignEarnings" xlink:label="us-gaap_DeferredTaxLiabilitiesUndistributedForeignEarnings"/>
    <calculationArc xlink:type="arc" xlink:arcrole="http://www.xbrl.org/2003/arcrole/summation-item" xlink:from="us-gaap_DeferredTaxAssetsGross" xlink:to="us-gaap_DeferredTaxAssetsTaxDeferredExpenseReservesAndAccruals" order="1.0100" weight="1.00" priority="2" use="optional"/>
    <calculationArc xlink:type="arc" xlink:arcrole="http://www.xbrl.org/2003/arcrole/summation-item" xlink:from="us-gaap_DeferredTaxAssetsGross" xlink:to="aapl_DeferredTaxAssetsBasisOfCapitalAssetsAndInvestments" order="1.0200" weight="1.00" priority="2" use="optional"/>
    <calculationArc xlink:type="arc" xlink:arcrole="http://www.xbrl.org/2003/arcrole/summation-item" xlink:from="us-gaap_DeferredTaxAssetsGross" xlink:to="us-gaap_DeferredTaxAssetsTaxDeferredExpenseCompensationAndBenefitsShareBasedCompensationCost" order="1.0300" weight="1.00" priority="2" use="optional"/>
    <calculationArc xlink:type="arc" xlink:arcrole="http://www.xbrl.org/2003/arcrole/summation-item" xlink:from="us-gaap_DeferredTaxAssetsGross" xlink:to="us-gaap_DeferredTaxAssetsOther" order="1.0400" weight="1.00" priority="2" use="optional"/>
    <calculationArc xlink:type="arc" xlink:arcrole="http://www.xbrl.org/2003/arcrole/summation-item" xlink:from="us-gaap_DeferredTaxAssetsLiabilitiesNet" xlink:to="us-gaap_DeferredTaxAssetsNet" order="1.0700" weight="1.00" priority="2" use="optional"/>
    <calculationArc xlink:type="arc" xlink:arcrole="http://www.xbrl.org/2003/arcrole/summation-item" xlink:from="us-gaap_DeferredTaxAssetsLiabilitiesNet" xlink:to="us-gaap_DeferredTaxLiabilities" order="1.1000" weight="-1.00" priority="2" use="optional"/>
    <calculationArc xlink:type="arc" xlink:arcrole="http://www.xbrl.org/2003/arcrole/summation-item" xlink:from="us-gaap_DeferredTaxAssetsNet" xlink:to="us-gaap_DeferredTaxAssetsGross" order="1.0500" weight="1.00" priority="2" use="optional"/>
    <calculationArc xlink:type="arc" xlink:arcrole="http://www.xbrl.org/2003/arcrole/summation-item" xlink:from="us-gaap_DeferredTaxAssetsNet" xlink:to="us-gaap_DeferredTaxAssetsValuationAllowance" order="1.0600" weight="-1.00" priority="2" use="optional"/>
    <calculationArc xlink:type="arc" xlink:arcrole="http://www.xbrl.org/2003/arcrole/summation-item" xlink:from="us-gaap_DeferredTaxLiabilities" xlink:to="us-gaap_DeferredTaxLiabilitiesUndistributedForeignEarnings" order="1.0800" weight="1.00" priority="2" use="optional"/>
    <calculationArc xlink:type="arc" xlink:arcrole="http://www.xbrl.org/2003/arcrole/summation-item" xlink:from="us-gaap_DeferredTaxLiabilities" xlink:to="us-gaap_DeferredTaxLiabilitiesOther" order="1.0900" weight="1.00" priority="2" use="optional"/>
  </calculationLink>
  <calculationLink xlink:type="extended" xlink:role="http://www.apple.com/taxonomy/role/DisclosureReconciliationOfProvisionForIncomeTaxes">
    <loc xlink:type="locator" xlink:href="http://xbrl.fasb.org/us-gaap/2011/elts/us-gaap-2011-01-31.xsd#us-gaap_IncomeTaxExpenseBenefit" xlink:label="us-gaap_IncomeTaxExpenseBenefit"/>
    <loc xlink:type="locator" xlink:href="http://xbrl.fasb.org/us-gaap/2011/elts/us-gaap-2011-01-31.xsd#us-gaap_IncomeTaxReconciliationDeductionsQualifiedProductionActivities" xlink:label="us-gaap_IncomeTaxReconciliationDeductionsQualifiedProductionActivities"/>
    <loc xlink:type="locator" xlink:href="http://xbrl.fasb.org/us-gaap/2011/elts/us-gaap-2011-01-31.xsd#us-gaap_IncomeTaxReconciliationForeignIncomeTaxRateDifferential" xlink:label="us-gaap_IncomeTaxReconciliationForeignIncomeTaxRateDifferential"/>
    <loc xlink:type="locator" xlink:href="http://xbrl.fasb.org/us-gaap/2011/elts/us-gaap-2011-01-31.xsd#us-gaap_IncomeTaxReconciliationIncomeTaxExpenseBenefitAtFederalStatutoryIncomeTaxRate" xlink:label="us-gaap_IncomeTaxReconciliationIncomeTaxExpenseBenefitAtFederalStatutoryIncomeTaxRate"/>
    <loc xlink:type="locator" xlink:href="http://xbrl.fasb.org/us-gaap/2011/elts/us-gaap-2011-01-31.xsd#us-gaap_IncomeTaxReconciliationOtherReconcilingItems" xlink:label="us-gaap_IncomeTaxReconciliationOtherReconcilingItems"/>
    <loc xlink:type="locator" xlink:href="http://xbrl.fasb.org/us-gaap/2011/elts/us-gaap-2011-01-31.xsd#us-gaap_IncomeTaxReconciliationStateAndLocalIncomeTaxes" xlink:label="us-gaap_IncomeTaxReconciliationStateAndLocalIncomeTaxes"/>
    <loc xlink:type="locator" xlink:href="http://xbrl.fasb.org/us-gaap/2011/elts/us-gaap-2011-01-31.xsd#us-gaap_IncomeTaxReconciliationTaxCreditsResearch" xlink:label="us-gaap_IncomeTaxReconciliationTaxCreditsResearch"/>
    <calculationArc xlink:type="arc" xlink:arcrole="http://www.xbrl.org/2003/arcrole/summation-item" xlink:from="us-gaap_IncomeTaxExpenseBenefit" xlink:to="us-gaap_IncomeTaxReconciliationIncomeTaxExpenseBenefitAtFederalStatutoryIncomeTaxRate" order="1.0100" weight="1.00" priority="2" use="optional"/>
    <calculationArc xlink:type="arc" xlink:arcrole="http://www.xbrl.org/2003/arcrole/summation-item" xlink:from="us-gaap_IncomeTaxExpenseBenefit" xlink:to="us-gaap_IncomeTaxReconciliationStateAndLocalIncomeTaxes" order="1.0200" weight="1.00" priority="2" use="optional"/>
    <calculationArc xlink:type="arc" xlink:arcrole="http://www.xbrl.org/2003/arcrole/summation-item" xlink:from="us-gaap_IncomeTaxExpenseBenefit" xlink:to="us-gaap_IncomeTaxReconciliationForeignIncomeTaxRateDifferential" order="1.0300" weight="1.00" priority="2" use="optional"/>
    <calculationArc xlink:type="arc" xlink:arcrole="http://www.xbrl.org/2003/arcrole/summation-item" xlink:from="us-gaap_IncomeTaxExpenseBenefit" xlink:to="us-gaap_IncomeTaxReconciliationTaxCreditsResearch" order="1.0400" weight="-1.00" priority="2" use="optional"/>
    <calculationArc xlink:type="arc" xlink:arcrole="http://www.xbrl.org/2003/arcrole/summation-item" xlink:from="us-gaap_IncomeTaxExpenseBenefit" xlink:to="us-gaap_IncomeTaxReconciliationDeductionsQualifiedProductionActivities" order="1.0500" weight="-1.00" priority="2" use="optional"/>
    <calculationArc xlink:type="arc" xlink:arcrole="http://www.xbrl.org/2003/arcrole/summation-item" xlink:from="us-gaap_IncomeTaxExpenseBenefit" xlink:to="us-gaap_IncomeTaxReconciliationOtherReconcilingItems" order="1.0600" weight="1.00" priority="2" use="optional"/>
  </calculationLink>
  <calculationLink xlink:type="extended" xlink:role="http://www.apple.com/taxonomy/role/DisclosureAggregateChangesInGrossUnrecognizedTaxBenefitsExcludingInterestAndPenalties">
  </calculationLink>
  <calculationLink xlink:type="extended" xlink:role="http://www.apple.com/taxonomy/role/DisclosureShareholdersEquityAndSharebasedCompensationAdditionalInformation">
  </calculationLink>
  <calculationLink xlink:type="extended" xlink:role="http://www.apple.com/taxonomy/role/DisclosureComponentsOfAccumulatedOtherComprehensiveIncomeNetOfTaxes">
    <loc xlink:type="locator" xlink:href="http://xbrl.fasb.org/us-gaap/2011/elts/us-gaap-2011-01-31.xsd#us-gaap_AccumulatedOtherComprehensiveIncomeLossAvailableForSaleSecuritiesAdjustmentNetOfTax" xlink:label="us-gaap_AccumulatedOtherComprehensiveIncomeLossAvailableForSaleSecuritiesAdjustmentNetOfTax"/>
    <loc xlink:type="locator" xlink:href="http://xbrl.fasb.org/us-gaap/2011/elts/us-gaap-2011-01-31.xsd#us-gaap_AccumulatedOtherComprehensiveIncomeLossCumulativeChangesInNetGainLossFromCashFlowHedgesEffectNetOfTax" xlink:label="us-gaap_AccumulatedOtherComprehensiveIncomeLossCumulativeChangesInNetGainLossFromCashFlowHedgesEffectNetOfTax"/>
    <loc xlink:type="locator" xlink:href="http://xbrl.fasb.org/us-gaap/2011/elts/us-gaap-2011-01-31.xsd#us-gaap_AccumulatedOtherComprehensiveIncomeLossForeignCurrencyTranslationAdjustmentNetOfTax" xlink:label="us-gaap_AccumulatedOtherComprehensiveIncomeLossForeignCurrencyTranslationAdjustmentNetOfTax"/>
    <loc xlink:type="locator" xlink:href="http://xbrl.fasb.org/us-gaap/2011/elts/us-gaap-2011-01-31.xsd#us-gaap_AccumulatedOtherComprehensiveIncomeLossNetOfTax" xlink:label="us-gaap_AccumulatedOtherComprehensiveIncomeLossNetOfTax"/>
    <calculationArc xlink:type="arc" xlink:arcrole="http://www.xbrl.org/2003/arcrole/summation-item" xlink:from="us-gaap_AccumulatedOtherComprehensiveIncomeLossNetOfTax" xlink:to="us-gaap_AccumulatedOtherComprehensiveIncomeLossAvailableForSaleSecuritiesAdjustmentNetOfTax" order="1.0100" weight="1.00" priority="2" use="optional"/>
    <calculationArc xlink:type="arc" xlink:arcrole="http://www.xbrl.org/2003/arcrole/summation-item" xlink:from="us-gaap_AccumulatedOtherComprehensiveIncomeLossNetOfTax" xlink:to="us-gaap_AccumulatedOtherComprehensiveIncomeLossCumulativeChangesInNetGainLossFromCashFlowHedgesEffectNetOfTax" order="1.0200" weight="1.00" priority="2" use="optional"/>
    <calculationArc xlink:type="arc" xlink:arcrole="http://www.xbrl.org/2003/arcrole/summation-item" xlink:from="us-gaap_AccumulatedOtherComprehensiveIncomeLossNetOfTax" xlink:to="us-gaap_AccumulatedOtherComprehensiveIncomeLossForeignCurrencyTranslationAdjustmentNetOfTax" order="1.0300" weight="1.00" priority="2" use="optional"/>
  </calculationLink>
  <calculationLink xlink:type="extended" xlink:role="http://www.apple.com/taxonomy/role/DisclosureOtherComprehensiveIncomeRelatedToDerivativesNetOfTaxes">
    <loc xlink:type="locator" xlink:href="http://xbrl.fasb.org/us-gaap/2011/elts/us-gaap-2011-01-31.xsd#us-gaap_OtherComprehensiveIncomeDerivativesQualifyingAsHedgesNetOfTaxPeriodIncreaseDecrease" xlink:label="us-gaap_OtherComprehensiveIncomeDerivativesQualifyingAsHedgesNetOfTaxPeriodIncreaseDecrease"/>
    <loc xlink:type="locator" xlink:href="http://xbrl.fasb.org/us-gaap/2011/elts/us-gaap-2011-01-31.xsd#us-gaap_OtherComprehensiveIncomeReclassificationAdjustmentOnDerivativesIncludedInNetIncomeNetOfTax" xlink:label="us-gaap_OtherComprehensiveIncomeReclassificationAdjustmentOnDerivativesIncludedInNetIncomeNetOfTax"/>
    <loc xlink:type="locator" xlink:href="http://xbrl.fasb.org/us-gaap/2011/elts/us-gaap-2011-01-31.xsd#us-gaap_OtherComprehensiveIncomeUnrealizedGainLossOnDerivativesArisingDuringPeriodNetOfTax" xlink:label="us-gaap_OtherComprehensiveIncomeUnrealizedGainLossOnDerivativesArisingDuringPeriodNetOfTax"/>
    <calculationArc xlink:type="arc" xlink:arcrole="http://www.xbrl.org/2003/arcrole/summation-item" xlink:from="us-gaap_OtherComprehensiveIncomeDerivativesQualifyingAsHedgesNetOfTaxPeriodIncreaseDecrease" xlink:to="us-gaap_OtherComprehensiveIncomeUnrealizedGainLossOnDerivativesArisingDuringPeriodNetOfTax" order="1.0100" weight="1.00" priority="2" use="optional"/>
    <calculationArc xlink:type="arc" xlink:arcrole="http://www.xbrl.org/2003/arcrole/summation-item" xlink:from="us-gaap_OtherComprehensiveIncomeDerivativesQualifyingAsHedgesNetOfTaxPeriodIncreaseDecrease" xlink:to="us-gaap_OtherComprehensiveIncomeReclassificationAdjustmentOnDerivativesIncludedInNetIncomeNetOfTax" order="1.0200" weight="1.00" priority="2" use="optional"/>
  </calculationLink>
  <calculationLink xlink:type="extended" xlink:role="http://www.apple.com/taxonomy/role/DisclosureRestrictedStockUnitsActivity">
  </calculationLink>
  <calculationLink xlink:type="extended" xlink:role="http://www.apple.com/taxonomy/role/DisclosureStockOptionActivityAndRelatedInformation">
  </calculationLink>
  <calculationLink xlink:type="extended" xlink:role="http://www.apple.com/taxonomy/role/DisclosureSummaryOfTheShareBasedCompensationExpense">
  </calculationLink>
  <calculationLink xlink:type="extended" xlink:role="http://www.apple.com/taxonomy/role/DisclosureCommitmentsAndContingenciesAdditionalInformation">
  </calculationLink>
  <calculationLink xlink:type="extended" xlink:role="http://www.apple.com/taxonomy/role/DisclosureChangesInAccruedWarrantyAndRelatedCosts">
  </calculationLink>
  <calculationLink xlink:type="extended" xlink:role="http://www.apple.com/taxonomy/role/DisclosureFutureMinimumLeasePaymentsUnderNoncancelableOperatingLeases">
    <loc xlink:type="locator" xlink:href="http://xbrl.fasb.org/us-gaap/2011/elts/us-gaap-2011-01-31.xsd#us-gaap_OperatingLeasesFutureMinimumPaymentsDue" xlink:label="us-gaap_OperatingLeasesFutureMinimumPaymentsDue"/>
    <loc xlink:type="locator" xlink:href="http://xbrl.fasb.org/us-gaap/2011/elts/us-gaap-2011-01-31.xsd#us-gaap_OperatingLeasesFutureMinimumPaymentsDueCurrent" xlink:label="us-gaap_OperatingLeasesFutureMinimumPaymentsDueCurrent"/>
    <loc xlink:type="locator" xlink:href="http://xbrl.fasb.org/us-gaap/2011/elts/us-gaap-2011-01-31.xsd#us-gaap_OperatingLeasesFutureMinimumPaymentsDueInFiveYears" xlink:label="us-gaap_OperatingLeasesFutureMinimumPaymentsDueInFiveYears"/>
    <loc xlink:type="locator" xlink:href="http://xbrl.fasb.org/us-gaap/2011/elts/us-gaap-2011-01-31.xsd#us-gaap_OperatingLeasesFutureMinimumPaymentsDueInFourYears" xlink:label="us-gaap_OperatingLeasesFutureMinimumPaymentsDueInFourYears"/>
    <loc xlink:type="locator" xlink:href="http://xbrl.fasb.org/us-gaap/2011/elts/us-gaap-2011-01-31.xsd#us-gaap_OperatingLeasesFutureMinimumPaymentsDueInThreeYears" xlink:label="us-gaap_OperatingLeasesFutureMinimumPaymentsDueInThreeYears"/>
    <loc xlink:type="locator" xlink:href="http://xbrl.fasb.org/us-gaap/2011/elts/us-gaap-2011-01-31.xsd#us-gaap_OperatingLeasesFutureMinimumPaymentsDueInTwoYears" xlink:label="us-gaap_OperatingLeasesFutureMinimumPaymentsDueInTwoYears"/>
    <loc xlink:type="locator" xlink:href="http://xbrl.fasb.org/us-gaap/2011/elts/us-gaap-2011-01-31.xsd#us-gaap_OperatingLeasesFutureMinimumPaymentsDueThereafter" xlink:label="us-gaap_OperatingLeasesFutureMinimumPaymentsDueThereafter"/>
    <calculationArc xlink:type="arc" xlink:arcrole="http://www.xbrl.org/2003/arcrole/summation-item" xlink:from="us-gaap_OperatingLeasesFutureMinimumPaymentsDue" xlink:to="us-gaap_OperatingLeasesFutureMinimumPaymentsDueCurrent" order="1.0100" weight="1.00" priority="2" use="optional"/>
    <calculationArc xlink:type="arc" xlink:arcrole="http://www.xbrl.org/2003/arcrole/summation-item" xlink:from="us-gaap_OperatingLeasesFutureMinimumPaymentsDue" xlink:to="us-gaap_OperatingLeasesFutureMinimumPaymentsDueInTwoYears" order="1.0200" weight="1.00" priority="2" use="optional"/>
    <calculationArc xlink:type="arc" xlink:arcrole="http://www.xbrl.org/2003/arcrole/summation-item" xlink:from="us-gaap_OperatingLeasesFutureMinimumPaymentsDue" xlink:to="us-gaap_OperatingLeasesFutureMinimumPaymentsDueInThreeYears" order="1.0300" weight="1.00" priority="2" use="optional"/>
    <calculationArc xlink:type="arc" xlink:arcrole="http://www.xbrl.org/2003/arcrole/summation-item" xlink:from="us-gaap_OperatingLeasesFutureMinimumPaymentsDue" xlink:to="us-gaap_OperatingLeasesFutureMinimumPaymentsDueInFourYears" order="1.0400" weight="1.00" priority="2" use="optional"/>
    <calculationArc xlink:type="arc" xlink:arcrole="http://www.xbrl.org/2003/arcrole/summation-item" xlink:from="us-gaap_OperatingLeasesFutureMinimumPaymentsDue" xlink:to="us-gaap_OperatingLeasesFutureMinimumPaymentsDueInFiveYears" order="1.0500" weight="1.00" priority="2" use="optional"/>
    <calculationArc xlink:type="arc" xlink:arcrole="http://www.xbrl.org/2003/arcrole/summation-item" xlink:from="us-gaap_OperatingLeasesFutureMinimumPaymentsDue" xlink:to="us-gaap_OperatingLeasesFutureMinimumPaymentsDueThereafter" order="1.0600" weight="1.00" priority="2" use="optional"/>
  </calculationLink>
  <calculationLink xlink:type="extended" xlink:role="http://www.apple.com/taxonomy/role/DisclosureSegmentInformationAndGeographicDataAdditionalInformation">
  </calculationLink>
  <calculationLink xlink:type="extended" xlink:role="http://www.apple.com/taxonomy/role/DisclosureSummaryInformationByOperatingSegment">
  </calculationLink>
  <calculationLink xlink:type="extended" xlink:role="http://www.apple.com/taxonomy/role/DisclosureReconciliationOfSegmentOperatingIncomeAndAssetsToTheConsolidatedFinancialStatements">
    <loc xlink:type="locator" xlink:href="http://xbrl.fasb.org/us-gaap/2011/elts/us-gaap-2011-01-31.xsd#us-gaap_OperatingIncomeLoss" xlink:label="us-gaap_OperatingIncomeLoss"/>
    <loc xlink:type="locator" xlink:href="aapl-20110924.xsd#aapl_SegmentReportingInformationCorporateExpenses" xlink:label="aapl_SegmentReportingInformationCorporateExpenses"/>
    <loc xlink:type="locator" xlink:href="http://xbrl.fasb.org/us-gaap/2011/elts/us-gaap-2011-01-31.xsd#us-gaap_ShareBasedCompensation" xlink:label="us-gaap_ShareBasedCompensation"/>
    <calculationArc xlink:type="arc" xlink:arcrole="http://www.xbrl.org/2003/arcrole/summation-item" xlink:from="us-gaap_OperatingIncomeLoss" xlink:to="aapl_SegmentReportingInformationCorporateExpenses" order="1.0100" weight="-1.00" priority="2" use="optional"/>
    <calculationArc xlink:type="arc" xlink:arcrole="http://www.xbrl.org/2003/arcrole/summation-item" xlink:from="us-gaap_OperatingIncomeLoss" xlink:to="us-gaap_ShareBasedCompensation" order="1.0200" weight="-1.00" priority="2" use="optional"/>
  </calculationLink>
  <calculationLink xlink:type="extended" xlink:role="http://www.apple.com/taxonomy/role/DisclosureNetSalesAndLongLivedAssets">
  </calculationLink>
  <calculationLink xlink:type="extended" xlink:role="http://www.apple.com/taxonomy/role/DisclosureNetSalesByProduct">
  </calculationLink>
  <calculationLink xlink:type="extended" xlink:role="http://www.apple.com/taxonomy/role/DisclosureSummaryOfQuarterlyFinancialInformation">
  </calculationLink>
  <calculationLink xlink:type="extended" xlink:role="http://www.apple.com/taxonomy/role/NotesToFinancialStatementsBasisOfPresentationAndSignificantAccountingPoliciesTextBlock">
  </calculationLink>
  <calculationLink xlink:type="extended" xlink:role="http://www.apple.com/taxonomy/role/NotesToFinancialStatementsBasisOfPresentationAndSignificantAccountingPoliciesTextBlockPolicies">
  </calculationLink>
  <calculationLink xlink:type="extended" xlink:role="http://www.apple.com/taxonomy/role/NotesToFinancialStatementsBasisOfPresentationAndSignificantAccountingPoliciesTextBlockTables">
  </calculationLink>
  <calculationLink xlink:type="extended" xlink:role="http://www.apple.com/taxonomy/role/NotesToFinancialStatementsFinancialInstrumentsDisclosureTextBlock">
  </calculationLink>
  <calculationLink xlink:type="extended" xlink:role="http://www.apple.com/taxonomy/role/NotesToFinancialStatementsFinancialInstrumentsDisclosureTextBlockTables">
  </calculationLink>
  <calculationLink xlink:type="extended" xlink:role="http://www.apple.com/taxonomy/role/NotesToFinancialStatementsDetailsOfCertainBalanceSheetAccountsDisclosureTextBlock">
  </calculationLink>
  <calculationLink xlink:type="extended" xlink:role="http://www.apple.com/taxonomy/role/NotesToFinancialStatementsDetailsOfCertainBalanceSheetAccountsDisclosureTextBlockTables">
  </calculationLink>
  <calculationLink xlink:type="extended" xlink:role="http://www.apple.com/taxonomy/role/NotesToFinancialStatementsGoodwillAndIntangibleAssetsDisclosureTextBlock">
  </calculationLink>
  <calculationLink xlink:type="extended" xlink:role="http://www.apple.com/taxonomy/role/NotesToFinancialStatementsGoodwillAndIntangibleAssetsDisclosureTextBlockTables">
  </calculationLink>
  <calculationLink xlink:type="extended" xlink:role="http://www.apple.com/taxonomy/role/NotesToFinancialStatementsIncomeTaxDisclosureTextBlock">
  </calculationLink>
  <calculationLink xlink:type="extended" xlink:role="http://www.apple.com/taxonomy/role/NotesToFinancialStatementsIncomeTaxDisclosureTextBlockTables">
  </calculationLink>
  <calculationLink xlink:type="extended" xlink:role="http://www.apple.com/taxonomy/role/NotesToFinancialStatementsShareholdersEquityAndShareBasedPaymentsTextBlock">
  </calculationLink>
  <calculationLink xlink:type="extended" xlink:role="http://www.apple.com/taxonomy/role/NotesToFinancialStatementsShareholdersEquityAndShareBasedPaymentsTextBlockTables">
  </calculationLink>
  <calculationLink xlink:type="extended" xlink:role="http://www.apple.com/taxonomy/role/NotesToFinancialStatementsCommitmentsAndContingenciesDisclosureTextBlock">
  </calculationLink>
  <calculationLink xlink:type="extended" xlink:role="http://www.apple.com/taxonomy/role/NotesToFinancialStatementsCommitmentsAndContingenciesDisclosureTextBlockTables">
  </calculationLink>
  <calculationLink xlink:type="extended" xlink:role="http://www.apple.com/taxonomy/role/NotesToFinancialStatementsSegmentReportingDisclosureTextBlock">
  </calculationLink>
  <calculationLink xlink:type="extended" xlink:role="http://www.apple.com/taxonomy/role/NotesToFinancialStatementsSegmentReportingDisclosureTextBlockTables">
  </calculationLink>
  <calculationLink xlink:type="extended" xlink:role="http://www.apple.com/taxonomy/role/NotesToFinancialStatementsQuarterlyFinancialInformationTextBlock">
  </calculationLink>
  <calculationLink xlink:type="extended" xlink:role="http://www.apple.com/taxonomy/role/NotesToFinancialStatementsQuarterlyFinancialInformationTextBlockTables">
  </calculationLink>
</linkbase>
