<?xml version="1.0" encoding="US-ASCII"?>
<!--  EDGAR Online I-Metrix Xcelerate Taxonomy Calculation Linkbase, based on XBRL 2.1  http://www.edgar-online.com/  -->
<!--  Version: 6.6.4 -->
<!--  Round: 732b23ac-7150-4d84-88fd-1d6594d5325b -->
<!--  Creation date: 2010-07-21T12:11:05Z -->
<!--  Copyright (c) 2005-2010 EDGAR Online, Inc. All Rights Reserved. -->
<linkbase xmlns="http://www.xbrl.org/2003/linkbase"
  xmlns:xsi="http://www.w3.org/2001/XMLSchema-instance"
  xmlns:xlink="http://www.w3.org/1999/xlink"
  xsi:schemaLocation="http://www.xbrl.org/2003/linkbase http://www.xbrl.org/2003/xbrl-linkbase-2003-12-31.xsd">
  <roleRef xlink:type="simple" xlink:href="aapl-20100626.xsd#DocumentDocumentandEntityInformation" roleURI="http://www.apple.com/taxonomy/role/DocumentDocumentandEntityInformation"/>
  <roleRef xlink:type="simple" xlink:href="aapl-20100626.xsd#IMetrix_StatementOfIncome" roleURI="http://www.apple.com/taxonomy/role/StatementOfIncome"/>
  <roleRef xlink:type="simple" xlink:href="aapl-20100626.xsd#IMetrix_StatementOfFinancialPositionClassified" roleURI="http://www.apple.com/taxonomy/role/StatementOfFinancialPositionClassified"/>
  <roleRef xlink:type="simple" xlink:href="aapl-20100626.xsd#IMetrix_StatementOfFinancialPositionClassifiedParen" roleURI="http://www.apple.com/taxonomy/role/StatementOfFinancialPositionClassifiedParenthetical"/>
  <roleRef xlink:type="simple" xlink:href="aapl-20100626.xsd#IMetrix_StatementOfCashFlowsIndirect" roleURI="http://www.apple.com/taxonomy/role/StatementOfCashFlowsIndirect"/>
  <roleRef xlink:type="simple" xlink:href="aapl-20100626.xsd#DisclosureSummaryOfSignificantAccountingPoliciesAdditionalInformation" roleURI="http://www.apple.com/taxonomy/role/DisclosureSummaryOfSignificantAccountingPoliciesAdditionalInformation"/>
  <roleRef xlink:type="simple" xlink:href="aapl-20100626.xsd#DisclosureComputationOfBasicAndDilutedEarningsPerCommonShare" roleURI="http://www.apple.com/taxonomy/role/DisclosureComputationOfBasicAndDilutedEarningsPerCommonShare"/>
  <roleRef xlink:type="simple" xlink:href="aapl-20100626.xsd#DisclosureCashAndAvailableforSaleSecuritiesHeldInItsMarketableSecuritiesInvestmentPortfolio" roleURI="http://www.apple.com/taxonomy/role/DisclosureCashAndAvailableforSaleSecuritiesHeldInItsMarketableSecuritiesInvestmentPortfolio"/>
  <roleRef xlink:type="simple" xlink:href="aapl-20100626.xsd#DisclosureAvailableforSaleSecuritiesAdjustedCostGrossUnrealizedGainsGrossUnrealizedLossesAndFairValueBySignificantInvestmentCategory" roleURI="http://www.apple.com/taxonomy/role/DisclosureAvailableforSaleSecuritiesAdjustedCostGrossUnrealizedGainsGrossUnrealizedLossesAndFairValueBySignificantInvestmentCategory"/>
  <roleRef xlink:type="simple" xlink:href="aapl-20100626.xsd#DisclosureFinancialInstrumentsAdditionalInformation" roleURI="http://www.apple.com/taxonomy/role/DisclosureFinancialInstrumentsAdditionalInformation"/>
  <roleRef xlink:type="simple" xlink:href="aapl-20100626.xsd#DisclosureGrossUnrealizedLossesAndFairValueForInvestmentsInAnUnrealizedLossPosition" roleURI="http://www.apple.com/taxonomy/role/DisclosureGrossUnrealizedLossesAndFairValueForInvestmentsInAnUnrealizedLossPosition"/>
  <roleRef xlink:type="simple" xlink:href="aapl-20100626.xsd#DisclosureNotionalPrincipalAndCreditRiskAmountsOfDerivativeInstrumentsOutstanding" roleURI="http://www.apple.com/taxonomy/role/DisclosureNotionalPrincipalAndCreditRiskAmountsOfDerivativeInstrumentsOutstanding"/>
  <roleRef xlink:type="simple" xlink:href="aapl-20100626.xsd#DisclosureDerivativeInstrumentsMeasuredAtGrossFairValueAsReflectedInTheConsolidatedBalanceSheets" roleURI="http://www.apple.com/taxonomy/role/DisclosureDerivativeInstrumentsMeasuredAtGrossFairValueAsReflectedInTheConsolidatedBalanceSheets"/>
  <roleRef xlink:type="simple" xlink:href="aapl-20100626.xsd#DisclosurePreTaxEffectOfDerivativeInstrumentsDesignatedAsCashFlowAndNetInvestmentHedges" roleURI="http://www.apple.com/taxonomy/role/DisclosurePreTaxEffectOfDerivativeInstrumentsDesignatedAsCashFlowAndNetInvestmentHedges"/>
  <roleRef xlink:type="simple" xlink:href="aapl-20100626.xsd#DisclosureAssetsAndLiabilitiesMeasuredAtFairValue" roleURI="http://www.apple.com/taxonomy/role/DisclosureAssetsAndLiabilitiesMeasuredAtFairValue"/>
  <roleRef xlink:type="simple" xlink:href="aapl-20100626.xsd#DisclosureAssetsAndLiabilitiesMeasuredAtFairValueOnARecurringBasis" roleURI="http://www.apple.com/taxonomy/role/DisclosureAssetsAndLiabilitiesMeasuredAtFairValueOnARecurringBasis"/>
  <roleRef xlink:type="simple" xlink:href="aapl-20100626.xsd#DisclosureCondensedConsolidatedFinancialStatementDetails" roleURI="http://www.apple.com/taxonomy/role/DisclosureCondensedConsolidatedFinancialStatementDetails"/>
  <roleRef xlink:type="simple" xlink:href="aapl-20100626.xsd#DisclosureIncomeTaxesAdditionalInformation" roleURI="http://www.apple.com/taxonomy/role/DisclosureIncomeTaxesAdditionalInformation"/>
  <roleRef xlink:type="simple" xlink:href="aapl-20100626.xsd#DisclosureShareholdersEquityAndStockBasedCompensationAdditionalInformation" roleURI="http://www.apple.com/taxonomy/role/DisclosureShareholdersEquityAndStockBasedCompensationAdditionalInformation"/>
  <roleRef xlink:type="simple" xlink:href="aapl-20100626.xsd#DisclosureComponentsOfTotalComprehensiveIncome" roleURI="http://www.apple.com/taxonomy/role/DisclosureComponentsOfTotalComprehensiveIncome"/>
  <roleRef xlink:type="simple" xlink:href="aapl-20100626.xsd#DisclosureOtherComprehensiveIncomeRelatedToDerivatives" roleURI="http://www.apple.com/taxonomy/role/DisclosureOtherComprehensiveIncomeRelatedToDerivatives"/>
  <roleRef xlink:type="simple" xlink:href="aapl-20100626.xsd#DisclosureComponentsOfAccumulatedOtherComprehensiveIncomeNetOfTaxes" roleURI="http://www.apple.com/taxonomy/role/DisclosureComponentsOfAccumulatedOtherComprehensiveIncomeNetOfTaxes"/>
  <roleRef xlink:type="simple" xlink:href="aapl-20100626.xsd#DisclosureRestrictedStockActivity" roleURI="http://www.apple.com/taxonomy/role/DisclosureRestrictedStockActivity"/>
  <roleRef xlink:type="simple" xlink:href="aapl-20100626.xsd#DisclosureStockOptionAndRSUActivityAndRelatedInformation" roleURI="http://www.apple.com/taxonomy/role/DisclosureStockOptionAndRSUActivityAndRelatedInformation"/>
  <roleRef xlink:type="simple" xlink:href="aapl-20100626.xsd#DisclosureWeightedAverageAssumptionsAndResultingEstimatesOfWeightedAverageFairValuePerShareOfStockOptionsGrantedAndStockPurchaseRights" roleURI="http://www.apple.com/taxonomy/role/DisclosureWeightedAverageAssumptionsAndResultingEstimatesOfWeightedAverageFairValuePerShareOfStockOptionsGrantedAndStockPurchaseRights"/>
  <roleRef xlink:type="simple" xlink:href="aapl-20100626.xsd#DisclosureSummaryOfTheStockBasedCompensationExpense" roleURI="http://www.apple.com/taxonomy/role/DisclosureSummaryOfTheStockBasedCompensationExpense"/>
  <roleRef xlink:type="simple" xlink:href="aapl-20100626.xsd#DisclosureCommitmentsAndContingenciesAdditionalInformation" roleURI="http://www.apple.com/taxonomy/role/DisclosureCommitmentsAndContingenciesAdditionalInformation"/>
  <roleRef xlink:type="simple" xlink:href="aapl-20100626.xsd#DisclosureChangesInAccruedWarrantyAndRelatedCosts" roleURI="http://www.apple.com/taxonomy/role/DisclosureChangesInAccruedWarrantyAndRelatedCosts"/>
  <roleRef xlink:type="simple" xlink:href="aapl-20100626.xsd#DisclosureSegmentInformationAndGeographicDataAdditionalInformation" roleURI="http://www.apple.com/taxonomy/role/DisclosureSegmentInformationAndGeographicDataAdditionalInformation"/>
  <roleRef xlink:type="simple" xlink:href="aapl-20100626.xsd#DisclosureSummaryInformationByOperatingSegment" roleURI="http://www.apple.com/taxonomy/role/DisclosureSummaryInformationByOperatingSegment"/>
  <roleRef xlink:type="simple" xlink:href="aapl-20100626.xsd#DisclosureReconciliationOfSegmentOperatingIncomeToTheCondensedConsolidatedFinancialStatements" roleURI="http://www.apple.com/taxonomy/role/DisclosureReconciliationOfSegmentOperatingIncomeToTheCondensedConsolidatedFinancialStatements"/>
  <roleRef xlink:type="simple" xlink:href="aapl-20100626.xsd#DisclosureRelatedPartyTransactionsAndCertainOtherTransactionsAdditionalInformation" roleURI="http://www.apple.com/taxonomy/role/DisclosureRelatedPartyTransactionsAndCertainOtherTransactionsAdditionalInformation"/>
  <roleRef xlink:type="simple" xlink:href="aapl-20100626.xsd#IMetrix_NotesToFinancialStatementsBasisOfPresentationAndSignificantAccountingPoliciesTextBlock" roleURI="http://www.apple.com/taxonomy/role/NotesToFinancialStatementsBasisOfPresentationAndSignificantAccountingPoliciesTextBlock"/>
  <roleRef xlink:type="simple" xlink:href="aapl-20100626.xsd#IMetrix_NotesToFinancialStatementsBasisOfPresentationAndSignificantAccountingPoliciesTextBlockPolicies" roleURI="http://www.apple.com/taxonomy/role/NotesToFinancialStatementsBasisOfPresentationAndSignificantAccountingPoliciesTextBlockPolicies"/>
  <roleRef xlink:type="simple" xlink:href="aapl-20100626.xsd#IMetrix_NotesToFinancialStatementsFinancialInstrumentsTextBlock" roleURI="http://www.apple.com/taxonomy/role/NotesToFinancialStatementsFinancialInstrumentsTextBlock"/>
  <roleRef xlink:type="simple" xlink:href="aapl-20100626.xsd#IMetrix_NotesToFinancialStatementsFinancialInstrumentsTextBlockPolicies" roleURI="http://www.apple.com/taxonomy/role/NotesToFinancialStatementsFinancialInstrumentsTextBlockPolicies"/>
  <roleRef xlink:type="simple" xlink:href="aapl-20100626.xsd#IMetrix_NotesToFinancialStatementsFairValueMeasurementInputsDisclosureTextBlock" roleURI="http://www.apple.com/taxonomy/role/NotesToFinancialStatementsFairValueMeasurementInputsDisclosureTextBlock"/>
  <roleRef xlink:type="simple" xlink:href="aapl-20100626.xsd#IMetrix_NotesToFinancialStatementsFairValueMeasurementInputsDisclosureTextBlockTables" roleURI="http://www.apple.com/taxonomy/role/NotesToFinancialStatementsFairValueMeasurementInputsDisclosureTextBlockTables"/>
  <roleRef xlink:type="simple" xlink:href="aapl-20100626.xsd#IMetrix_NotesToFinancialStatementsDetailsOfCertainBalanceSheetAccountsDisclosureTextBlock" roleURI="http://www.apple.com/taxonomy/role/NotesToFinancialStatementsDetailsOfCertainBalanceSheetAccountsDisclosureTextBlock"/>
  <roleRef xlink:type="simple" xlink:href="aapl-20100626.xsd#IMetrix_NotesToFinancialStatementsDetailsOfCertainBalanceSheetAccountsDisclosureTextBlockTables" roleURI="http://www.apple.com/taxonomy/role/NotesToFinancialStatementsDetailsOfCertainBalanceSheetAccountsDisclosureTextBlockTables"/>
  <roleRef xlink:type="simple" xlink:href="aapl-20100626.xsd#IMetrix_NotesToFinancialStatementsIncomeTaxDisclosureTextBlock" roleURI="http://www.apple.com/taxonomy/role/NotesToFinancialStatementsIncomeTaxDisclosureTextBlock"/>
  <roleRef xlink:type="simple" xlink:href="aapl-20100626.xsd#IMetrix_NotesToFinancialStatementsStockholdersEquityAndStockBasedCompensationDisclosureTextBlock" roleURI="http://www.apple.com/taxonomy/role/NotesToFinancialStatementsStockholdersEquityAndStockBasedCompensationDisclosureTextBlock"/>
  <roleRef xlink:type="simple" xlink:href="aapl-20100626.xsd#IMetrix_NotesToFinancialStatementsStockholdersEquityAndStockBasedCompensationDisclosureTextBlockTables" roleURI="http://www.apple.com/taxonomy/role/NotesToFinancialStatementsStockholdersEquityAndStockBasedCompensationDisclosureTextBlockTables"/>
  <roleRef xlink:type="simple" xlink:href="aapl-20100626.xsd#IMetrix_NotesToFinancialStatementsCommitmentsAndContingenciesDisclosureTextBlock" roleURI="http://www.apple.com/taxonomy/role/NotesToFinancialStatementsCommitmentsAndContingenciesDisclosureTextBlock"/>
  <roleRef xlink:type="simple" xlink:href="aapl-20100626.xsd#IMetrix_NotesToFinancialStatementsCommitmentsAndContingenciesDisclosureTextBlockTables" roleURI="http://www.apple.com/taxonomy/role/NotesToFinancialStatementsCommitmentsAndContingenciesDisclosureTextBlockTables"/>
  <roleRef xlink:type="simple" xlink:href="aapl-20100626.xsd#IMetrix_NotesToFinancialStatementsSegmentReportingDisclosureTextBlock" roleURI="http://www.apple.com/taxonomy/role/NotesToFinancialStatementsSegmentReportingDisclosureTextBlock"/>
  <roleRef xlink:type="simple" xlink:href="aapl-20100626.xsd#IMetrix_NotesToFinancialStatementsSegmentReportingDisclosureTextBlockTables" roleURI="http://www.apple.com/taxonomy/role/NotesToFinancialStatementsSegmentReportingDisclosureTextBlockTables"/>
  <roleRef xlink:type="simple" xlink:href="aapl-20100626.xsd#IMetrix_NotesToFinancialStatementsRelatedPartyTransactionsDisclosureTextBlock" roleURI="http://www.apple.com/taxonomy/role/NotesToFinancialStatementsRelatedPartyTransactionsDisclosureTextBlock"/>
  <calculationLink xlink:type="extended" xlink:role="http://www.apple.com/taxonomy/role/DocumentDocumentandEntityInformation">
  </calculationLink>
  <calculationLink xlink:type="extended" xlink:role="http://www.apple.com/taxonomy/role/StatementOfIncome">
    <loc xlink:type="locator" xlink:href="http://taxonomies.xbrl.us/us-gaap/2009/elts/us-gaap-2009-01-31.xsd#us-gaap_CostOfGoodsAndServicesSold" xlink:label="us-gaap_CostOfGoodsAndServicesSold"/>
    <loc xlink:type="locator" xlink:href="http://taxonomies.xbrl.us/us-gaap/2009/elts/us-gaap-2009-01-31.xsd#us-gaap_GrossProfit" xlink:label="us-gaap_GrossProfit"/>
    <loc xlink:type="locator" xlink:href="http://taxonomies.xbrl.us/us-gaap/2009/elts/us-gaap-2009-01-31.xsd#us-gaap_IncomeLossFromContinuingOperationsBeforeIncomeTaxesMinorityInterestAndIncomeLossFromEquityMethodInvestments" xlink:label="us-gaap_IncomeLossFromContinuingOperationsBeforeIncomeTaxesMinorityInterestAndIncomeLossFromEquityMethodInvestments"/>
    <loc xlink:type="locator" xlink:href="http://taxonomies.xbrl.us/us-gaap/2009/elts/us-gaap-2009-01-31.xsd#us-gaap_IncomeTaxExpenseBenefit" xlink:label="us-gaap_IncomeTaxExpenseBenefit"/>
    <loc xlink:type="locator" xlink:href="http://taxonomies.xbrl.us/us-gaap/2009/elts/us-gaap-2009-01-31.xsd#us-gaap_NetIncomeLoss" xlink:label="us-gaap_NetIncomeLoss"/>
    <loc xlink:type="locator" xlink:href="http://taxonomies.xbrl.us/us-gaap/2009/elts/us-gaap-2009-01-31.xsd#us-gaap_NonoperatingIncomeExpense" xlink:label="us-gaap_NonoperatingIncomeExpense"/>
    <loc xlink:type="locator" xlink:href="http://taxonomies.xbrl.us/us-gaap/2009/elts/us-gaap-2009-01-31.xsd#us-gaap_OperatingExpenses" xlink:label="us-gaap_OperatingExpenses"/>
    <loc xlink:type="locator" xlink:href="http://taxonomies.xbrl.us/us-gaap/2009/elts/us-gaap-2009-01-31.xsd#us-gaap_OperatingIncomeLoss" xlink:label="us-gaap_OperatingIncomeLoss"/>
    <loc xlink:type="locator" xlink:href="http://taxonomies.xbrl.us/us-gaap/2009/elts/us-gaap-2009-01-31.xsd#us-gaap_ResearchAndDevelopmentExpense" xlink:label="us-gaap_ResearchAndDevelopmentExpense"/>
    <loc xlink:type="locator" xlink:href="http://taxonomies.xbrl.us/us-gaap/2009/elts/us-gaap-2009-01-31.xsd#us-gaap_SalesRevenueNet" xlink:label="us-gaap_SalesRevenueNet"/>
    <loc xlink:type="locator" xlink:href="http://taxonomies.xbrl.us/us-gaap/2009/elts/us-gaap-2009-01-31.xsd#us-gaap_SellingGeneralAndAdministrativeExpense" xlink:label="us-gaap_SellingGeneralAndAdministrativeExpense"/>
    <calculationArc xlink:type="arc" xlink:arcrole="http://www.xbrl.org/2003/arcrole/summation-item" xlink:from="us-gaap_GrossProfit" xlink:to="us-gaap_SalesRevenueNet" order="1.0100" weight="1.00" priority="2" use="optional"/>
    <calculationArc xlink:type="arc" xlink:arcrole="http://www.xbrl.org/2003/arcrole/summation-item" xlink:from="us-gaap_GrossProfit" xlink:to="us-gaap_CostOfGoodsAndServicesSold" order="1.0200" weight="-1.00" priority="2" use="optional"/>
    <calculationArc xlink:type="arc" xlink:arcrole="http://www.xbrl.org/2003/arcrole/summation-item" xlink:from="us-gaap_IncomeLossFromContinuingOperationsBeforeIncomeTaxesMinorityInterestAndIncomeLossFromEquityMethodInvestments" xlink:to="us-gaap_OperatingIncomeLoss" order="1.0700" weight="1.00" priority="2" use="optional"/>
    <calculationArc xlink:type="arc" xlink:arcrole="http://www.xbrl.org/2003/arcrole/summation-item" xlink:from="us-gaap_IncomeLossFromContinuingOperationsBeforeIncomeTaxesMinorityInterestAndIncomeLossFromEquityMethodInvestments" xlink:to="us-gaap_NonoperatingIncomeExpense" order="1.0800" weight="1.00" priority="2" use="optional"/>
    <calculationArc xlink:type="arc" xlink:arcrole="http://www.xbrl.org/2003/arcrole/summation-item" xlink:from="us-gaap_NetIncomeLoss" xlink:to="us-gaap_IncomeLossFromContinuingOperationsBeforeIncomeTaxesMinorityInterestAndIncomeLossFromEquityMethodInvestments" order="1.0900" weight="1.00" priority="2" use="optional"/>
    <calculationArc xlink:type="arc" xlink:arcrole="http://www.xbrl.org/2003/arcrole/summation-item" xlink:from="us-gaap_NetIncomeLoss" xlink:to="us-gaap_IncomeTaxExpenseBenefit" order="1.1000" weight="-1.00" priority="2" use="optional"/>
    <calculationArc xlink:type="arc" xlink:arcrole="http://www.xbrl.org/2003/arcrole/summation-item" xlink:from="us-gaap_OperatingExpenses" xlink:to="us-gaap_ResearchAndDevelopmentExpense" order="1.0400" weight="1.00" priority="2" use="optional"/>
    <calculationArc xlink:type="arc" xlink:arcrole="http://www.xbrl.org/2003/arcrole/summation-item" xlink:from="us-gaap_OperatingExpenses" xlink:to="us-gaap_SellingGeneralAndAdministrativeExpense" order="1.0500" weight="1.00" priority="2" use="optional"/>
    <calculationArc xlink:type="arc" xlink:arcrole="http://www.xbrl.org/2003/arcrole/summation-item" xlink:from="us-gaap_OperatingIncomeLoss" xlink:to="us-gaap_GrossProfit" order="1.0300" weight="1.00" priority="2" use="optional"/>
    <calculationArc xlink:type="arc" xlink:arcrole="http://www.xbrl.org/2003/arcrole/summation-item" xlink:from="us-gaap_OperatingIncomeLoss" xlink:to="us-gaap_OperatingExpenses" order="1.0600" weight="-1.00" priority="2" use="optional"/>
  </calculationLink>
  <calculationLink xlink:type="extended" xlink:role="http://www.apple.com/taxonomy/role/StatementOfFinancialPositionClassified">
    <loc xlink:type="locator" xlink:href="http://taxonomies.xbrl.us/us-gaap/2009/elts/us-gaap-2009-01-31.xsd#us-gaap_AccountsPayableCurrent" xlink:label="us-gaap_AccountsPayableCurrent"/>
    <loc xlink:type="locator" xlink:href="http://taxonomies.xbrl.us/us-gaap/2009/elts/us-gaap-2009-01-31.xsd#us-gaap_AccountsReceivableNetCurrent" xlink:label="us-gaap_AccountsReceivableNetCurrent"/>
    <loc xlink:type="locator" xlink:href="http://taxonomies.xbrl.us/us-gaap/2009/elts/us-gaap-2009-01-31.xsd#us-gaap_AccruedLiabilitiesCurrent" xlink:label="us-gaap_AccruedLiabilitiesCurrent"/>
    <loc xlink:type="locator" xlink:href="http://taxonomies.xbrl.us/us-gaap/2009/elts/us-gaap-2009-01-31.xsd#us-gaap_AccumulatedOtherComprehensiveIncomeLossNetOfTax" xlink:label="us-gaap_AccumulatedOtherComprehensiveIncomeLossNetOfTax"/>
    <loc xlink:type="locator" xlink:href="http://taxonomies.xbrl.us/us-gaap/2009/elts/us-gaap-2009-01-31.xsd#us-gaap_Assets" xlink:label="us-gaap_Assets"/>
    <loc xlink:type="locator" xlink:href="http://taxonomies.xbrl.us/us-gaap/2009/elts/us-gaap-2009-01-31.xsd#us-gaap_AssetsCurrent" xlink:label="us-gaap_AssetsCurrent"/>
    <loc xlink:type="locator" xlink:href="http://taxonomies.xbrl.us/us-gaap/2009/elts/us-gaap-2009-01-31.xsd#us-gaap_AvailableForSaleSecuritiesDebtSecuritiesCurrent" xlink:label="us-gaap_AvailableForSaleSecuritiesDebtSecuritiesCurrent"/>
    <loc xlink:type="locator" xlink:href="http://taxonomies.xbrl.us/us-gaap/2009/elts/us-gaap-2009-01-31.xsd#us-gaap_AvailableForSaleSecuritiesDebtSecuritiesNoncurrent" xlink:label="us-gaap_AvailableForSaleSecuritiesDebtSecuritiesNoncurrent"/>
    <loc xlink:type="locator" xlink:href="http://taxonomies.xbrl.us/us-gaap/2009/elts/us-gaap-2009-01-31.xsd#us-gaap_CashAndCashEquivalentsAtCarryingValue" xlink:label="us-gaap_CashAndCashEquivalentsAtCarryingValue"/>
    <loc xlink:type="locator" xlink:href="http://taxonomies.xbrl.us/us-gaap/2009/elts/us-gaap-2009-01-31.xsd#us-gaap_CommonStockValue" xlink:label="us-gaap_CommonStockValue"/>
    <loc xlink:type="locator" xlink:href="http://taxonomies.xbrl.us/us-gaap/2009/elts/us-gaap-2009-01-31.xsd#us-gaap_DeferredRevenueCurrent" xlink:label="us-gaap_DeferredRevenueCurrent"/>
    <loc xlink:type="locator" xlink:href="http://taxonomies.xbrl.us/us-gaap/2009/elts/us-gaap-2009-01-31.xsd#us-gaap_DeferredRevenueNoncurrent" xlink:label="us-gaap_DeferredRevenueNoncurrent"/>
    <loc xlink:type="locator" xlink:href="http://taxonomies.xbrl.us/us-gaap/2009/elts/us-gaap-2009-01-31.xsd#us-gaap_DeferredTaxAssetsNetCurrent" xlink:label="us-gaap_DeferredTaxAssetsNetCurrent"/>
    <loc xlink:type="locator" xlink:href="http://taxonomies.xbrl.us/us-gaap/2009/elts/us-gaap-2009-01-31.xsd#us-gaap_Goodwill" xlink:label="us-gaap_Goodwill"/>
    <loc xlink:type="locator" xlink:href="http://taxonomies.xbrl.us/us-gaap/2009/elts/us-gaap-2009-01-31.xsd#us-gaap_IntangibleAssetsNetExcludingGoodwill" xlink:label="us-gaap_IntangibleAssetsNetExcludingGoodwill"/>
    <loc xlink:type="locator" xlink:href="http://taxonomies.xbrl.us/us-gaap/2009/elts/us-gaap-2009-01-31.xsd#us-gaap_InventoryNet" xlink:label="us-gaap_InventoryNet"/>
    <loc xlink:type="locator" xlink:href="http://taxonomies.xbrl.us/us-gaap/2009/elts/us-gaap-2009-01-31.xsd#us-gaap_Liabilities" xlink:label="us-gaap_Liabilities"/>
    <loc xlink:type="locator" xlink:href="http://taxonomies.xbrl.us/us-gaap/2009/elts/us-gaap-2009-01-31.xsd#us-gaap_LiabilitiesAndStockholdersEquity" xlink:label="us-gaap_LiabilitiesAndStockholdersEquity"/>
    <loc xlink:type="locator" xlink:href="http://taxonomies.xbrl.us/us-gaap/2009/elts/us-gaap-2009-01-31.xsd#us-gaap_LiabilitiesCurrent" xlink:label="us-gaap_LiabilitiesCurrent"/>
    <loc xlink:type="locator" xlink:href="http://taxonomies.xbrl.us/us-gaap/2009/elts/us-gaap-2009-01-31.xsd#us-gaap_NontradeReceivablesCurrent" xlink:label="us-gaap_NontradeReceivablesCurrent"/>
    <loc xlink:type="locator" xlink:href="http://taxonomies.xbrl.us/us-gaap/2009/elts/us-gaap-2009-01-31.xsd#us-gaap_OtherAssetsCurrent" xlink:label="us-gaap_OtherAssetsCurrent"/>
    <loc xlink:type="locator" xlink:href="http://taxonomies.xbrl.us/us-gaap/2009/elts/us-gaap-2009-01-31.xsd#us-gaap_OtherAssetsNoncurrent" xlink:label="us-gaap_OtherAssetsNoncurrent"/>
    <loc xlink:type="locator" xlink:href="http://taxonomies.xbrl.us/us-gaap/2009/elts/us-gaap-2009-01-31.xsd#us-gaap_OtherLiabilitiesNoncurrent" xlink:label="us-gaap_OtherLiabilitiesNoncurrent"/>
    <loc xlink:type="locator" xlink:href="aapl-20100626.xsd#aapl_PropertyPlantAndEquipmentAndCapitalizedSoftwareNet" xlink:label="aapl_PropertyPlantAndEquipmentAndCapitalizedSoftwareNet"/>
    <loc xlink:type="locator" xlink:href="http://taxonomies.xbrl.us/us-gaap/2009/elts/us-gaap-2009-01-31.xsd#us-gaap_RetainedEarningsAccumulatedDeficit" xlink:label="us-gaap_RetainedEarningsAccumulatedDeficit"/>
    <loc xlink:type="locator" xlink:href="http://taxonomies.xbrl.us/us-gaap/2009/elts/us-gaap-2009-01-31.xsd#us-gaap_StockholdersEquity" xlink:label="us-gaap_StockholdersEquity"/>
    <calculationArc xlink:type="arc" xlink:arcrole="http://www.xbrl.org/2003/arcrole/summation-item" xlink:from="us-gaap_Assets" xlink:to="us-gaap_AssetsCurrent" order="1.0800" weight="1.00" priority="2" use="optional"/>
    <calculationArc xlink:type="arc" xlink:arcrole="http://www.xbrl.org/2003/arcrole/summation-item" xlink:from="us-gaap_Assets" xlink:to="us-gaap_AvailableForSaleSecuritiesDebtSecuritiesNoncurrent" order="1.0900" weight="1.00" priority="2" use="optional"/>
    <calculationArc xlink:type="arc" xlink:arcrole="http://www.xbrl.org/2003/arcrole/summation-item" xlink:from="us-gaap_Assets" xlink:to="aapl_PropertyPlantAndEquipmentAndCapitalizedSoftwareNet" order="1.1000" weight="1.00" priority="2" use="optional"/>
    <calculationArc xlink:type="arc" xlink:arcrole="http://www.xbrl.org/2003/arcrole/summation-item" xlink:from="us-gaap_Assets" xlink:to="us-gaap_Goodwill" order="1.1100" weight="1.00" priority="2" use="optional"/>
    <calculationArc xlink:type="arc" xlink:arcrole="http://www.xbrl.org/2003/arcrole/summation-item" xlink:from="us-gaap_Assets" xlink:to="us-gaap_IntangibleAssetsNetExcludingGoodwill" order="1.1200" weight="1.00" priority="2" use="optional"/>
    <calculationArc xlink:type="arc" xlink:arcrole="http://www.xbrl.org/2003/arcrole/summation-item" xlink:from="us-gaap_Assets" xlink:to="us-gaap_OtherAssetsNoncurrent" order="1.1300" weight="1.00" priority="2" use="optional"/>
    <calculationArc xlink:type="arc" xlink:arcrole="http://www.xbrl.org/2003/arcrole/summation-item" xlink:from="us-gaap_AssetsCurrent" xlink:to="us-gaap_CashAndCashEquivalentsAtCarryingValue" order="1.0100" weight="1.00" priority="2" use="optional"/>
    <calculationArc xlink:type="arc" xlink:arcrole="http://www.xbrl.org/2003/arcrole/summation-item" xlink:from="us-gaap_AssetsCurrent" xlink:to="us-gaap_AvailableForSaleSecuritiesDebtSecuritiesCurrent" order="1.0200" weight="1.00" priority="2" use="optional"/>
    <calculationArc xlink:type="arc" xlink:arcrole="http://www.xbrl.org/2003/arcrole/summation-item" xlink:from="us-gaap_AssetsCurrent" xlink:to="us-gaap_AccountsReceivableNetCurrent" order="1.0300" weight="1.00" priority="2" use="optional"/>
    <calculationArc xlink:type="arc" xlink:arcrole="http://www.xbrl.org/2003/arcrole/summation-item" xlink:from="us-gaap_AssetsCurrent" xlink:to="us-gaap_InventoryNet" order="1.0400" weight="1.00" priority="2" use="optional"/>
    <calculationArc xlink:type="arc" xlink:arcrole="http://www.xbrl.org/2003/arcrole/summation-item" xlink:from="us-gaap_AssetsCurrent" xlink:to="us-gaap_DeferredTaxAssetsNetCurrent" order="1.0500" weight="1.00" priority="2" use="optional"/>
    <calculationArc xlink:type="arc" xlink:arcrole="http://www.xbrl.org/2003/arcrole/summation-item" xlink:from="us-gaap_AssetsCurrent" xlink:to="us-gaap_NontradeReceivablesCurrent" order="1.0600" weight="1.00" priority="2" use="optional"/>
    <calculationArc xlink:type="arc" xlink:arcrole="http://www.xbrl.org/2003/arcrole/summation-item" xlink:from="us-gaap_AssetsCurrent" xlink:to="us-gaap_OtherAssetsCurrent" order="1.0700" weight="1.00" priority="2" use="optional"/>
    <calculationArc xlink:type="arc" xlink:arcrole="http://www.xbrl.org/2003/arcrole/summation-item" xlink:from="us-gaap_Liabilities" xlink:to="us-gaap_LiabilitiesCurrent" order="1.1700" weight="1.00" priority="2" use="optional"/>
    <calculationArc xlink:type="arc" xlink:arcrole="http://www.xbrl.org/2003/arcrole/summation-item" xlink:from="us-gaap_Liabilities" xlink:to="us-gaap_DeferredRevenueNoncurrent" order="1.1800" weight="1.00" priority="2" use="optional"/>
    <calculationArc xlink:type="arc" xlink:arcrole="http://www.xbrl.org/2003/arcrole/summation-item" xlink:from="us-gaap_Liabilities" xlink:to="us-gaap_OtherLiabilitiesNoncurrent" order="1.1900" weight="1.00" priority="2" use="optional"/>
    <calculationArc xlink:type="arc" xlink:arcrole="http://www.xbrl.org/2003/arcrole/summation-item" xlink:from="us-gaap_LiabilitiesAndStockholdersEquity" xlink:to="us-gaap_Liabilities" order="1.2000" weight="1.00" priority="2" use="optional"/>
    <calculationArc xlink:type="arc" xlink:arcrole="http://www.xbrl.org/2003/arcrole/summation-item" xlink:from="us-gaap_LiabilitiesAndStockholdersEquity" xlink:to="us-gaap_StockholdersEquity" order="1.2400" weight="1.00" priority="2" use="optional"/>
    <calculationArc xlink:type="arc" xlink:arcrole="http://www.xbrl.org/2003/arcrole/summation-item" xlink:from="us-gaap_LiabilitiesCurrent" xlink:to="us-gaap_AccountsPayableCurrent" order="1.1400" weight="1.00" priority="2" use="optional"/>
    <calculationArc xlink:type="arc" xlink:arcrole="http://www.xbrl.org/2003/arcrole/summation-item" xlink:from="us-gaap_LiabilitiesCurrent" xlink:to="us-gaap_AccruedLiabilitiesCurrent" order="1.1500" weight="1.00" priority="2" use="optional"/>
    <calculationArc xlink:type="arc" xlink:arcrole="http://www.xbrl.org/2003/arcrole/summation-item" xlink:from="us-gaap_LiabilitiesCurrent" xlink:to="us-gaap_DeferredRevenueCurrent" order="1.1600" weight="1.00" priority="2" use="optional"/>
    <calculationArc xlink:type="arc" xlink:arcrole="http://www.xbrl.org/2003/arcrole/summation-item" xlink:from="us-gaap_StockholdersEquity" xlink:to="us-gaap_CommonStockValue" order="1.2100" weight="1.00" priority="2" use="optional"/>
    <calculationArc xlink:type="arc" xlink:arcrole="http://www.xbrl.org/2003/arcrole/summation-item" xlink:from="us-gaap_StockholdersEquity" xlink:to="us-gaap_RetainedEarningsAccumulatedDeficit" order="1.2200" weight="1.00" priority="2" use="optional"/>
    <calculationArc xlink:type="arc" xlink:arcrole="http://www.xbrl.org/2003/arcrole/summation-item" xlink:from="us-gaap_StockholdersEquity" xlink:to="us-gaap_AccumulatedOtherComprehensiveIncomeLossNetOfTax" order="1.2300" weight="1.00" priority="2" use="optional"/>
  </calculationLink>
  <calculationLink xlink:type="extended" xlink:role="http://www.apple.com/taxonomy/role/StatementOfFinancialPositionClassifiedParenthetical">
  </calculationLink>
  <calculationLink xlink:type="extended" xlink:role="http://www.apple.com/taxonomy/role/StatementOfCashFlowsIndirect">
    <loc xlink:type="locator" xlink:href="http://taxonomies.xbrl.us/us-gaap/2009/elts/us-gaap-2009-01-31.xsd#us-gaap_CashAndCashEquivalentsPeriodIncreaseDecrease" xlink:label="us-gaap_CashAndCashEquivalentsPeriodIncreaseDecrease"/>
    <loc xlink:type="locator" xlink:href="http://taxonomies.xbrl.us/us-gaap/2009/elts/us-gaap-2009-01-31.xsd#us-gaap_DeferredIncomeTaxExpenseBenefit" xlink:label="us-gaap_DeferredIncomeTaxExpenseBenefit"/>
    <loc xlink:type="locator" xlink:href="http://taxonomies.xbrl.us/us-gaap/2009/elts/us-gaap-2009-01-31.xsd#us-gaap_DepreciationAmortizationAndAccretionNet" xlink:label="us-gaap_DepreciationAmortizationAndAccretionNet"/>
    <loc xlink:type="locator" xlink:href="http://taxonomies.xbrl.us/us-gaap/2009/elts/us-gaap-2009-01-31.xsd#us-gaap_EmployeeServiceShareBasedCompensationCashFlowEffectCashUsedToSettleAwards" xlink:label="us-gaap_EmployeeServiceShareBasedCompensationCashFlowEffectCashUsedToSettleAwards"/>
    <loc xlink:type="locator" xlink:href="http://taxonomies.xbrl.us/us-gaap/2009/elts/us-gaap-2009-01-31.xsd#us-gaap_ExcessTaxBenefitFromShareBasedCompensationFinancingActivities" xlink:label="us-gaap_ExcessTaxBenefitFromShareBasedCompensationFinancingActivities"/>
    <loc xlink:type="locator" xlink:href="http://taxonomies.xbrl.us/us-gaap/2009/elts/us-gaap-2009-01-31.xsd#us-gaap_GainLossOnSaleOfPropertyPlantEquipment" xlink:label="us-gaap_GainLossOnSaleOfPropertyPlantEquipment"/>
    <loc xlink:type="locator" xlink:href="http://taxonomies.xbrl.us/us-gaap/2009/elts/us-gaap-2009-01-31.xsd#us-gaap_IncreaseDecreaseInAccountsPayable" xlink:label="us-gaap_IncreaseDecreaseInAccountsPayable"/>
    <loc xlink:type="locator" xlink:href="http://taxonomies.xbrl.us/us-gaap/2009/elts/us-gaap-2009-01-31.xsd#us-gaap_IncreaseDecreaseInAccountsReceivable" xlink:label="us-gaap_IncreaseDecreaseInAccountsReceivable"/>
    <loc xlink:type="locator" xlink:href="http://taxonomies.xbrl.us/us-gaap/2009/elts/us-gaap-2009-01-31.xsd#us-gaap_IncreaseDecreaseInDeferredRevenue" xlink:label="us-gaap_IncreaseDecreaseInDeferredRevenue"/>
    <loc xlink:type="locator" xlink:href="http://taxonomies.xbrl.us/us-gaap/2009/elts/us-gaap-2009-01-31.xsd#us-gaap_IncreaseDecreaseInInventories" xlink:label="us-gaap_IncreaseDecreaseInInventories"/>
    <loc xlink:type="locator" xlink:href="http://taxonomies.xbrl.us/us-gaap/2009/elts/us-gaap-2009-01-31.xsd#us-gaap_IncreaseDecreaseInOtherOperatingAssets" xlink:label="us-gaap_IncreaseDecreaseInOtherOperatingAssets"/>
    <loc xlink:type="locator" xlink:href="http://taxonomies.xbrl.us/us-gaap/2009/elts/us-gaap-2009-01-31.xsd#us-gaap_IncreaseDecreaseInOtherOperatingLiabilities" xlink:label="us-gaap_IncreaseDecreaseInOtherOperatingLiabilities"/>
    <loc xlink:type="locator" xlink:href="http://taxonomies.xbrl.us/us-gaap/2009/elts/us-gaap-2009-01-31.xsd#us-gaap_IncreaseDecreaseInOtherReceivables" xlink:label="us-gaap_IncreaseDecreaseInOtherReceivables"/>
    <loc xlink:type="locator" xlink:href="aapl-20100626.xsd#aapl_IncreaseDecreaseOtherCurrentAssets" xlink:label="aapl_IncreaseDecreaseOtherCurrentAssets"/>
    <loc xlink:type="locator" xlink:href="http://taxonomies.xbrl.us/us-gaap/2009/elts/us-gaap-2009-01-31.xsd#us-gaap_NetCashProvidedByUsedInFinancingActivities" xlink:label="us-gaap_NetCashProvidedByUsedInFinancingActivities"/>
    <loc xlink:type="locator" xlink:href="http://taxonomies.xbrl.us/us-gaap/2009/elts/us-gaap-2009-01-31.xsd#us-gaap_NetCashProvidedByUsedInInvestingActivities" xlink:label="us-gaap_NetCashProvidedByUsedInInvestingActivities"/>
    <loc xlink:type="locator" xlink:href="http://taxonomies.xbrl.us/us-gaap/2009/elts/us-gaap-2009-01-31.xsd#us-gaap_NetCashProvidedByUsedInOperatingActivities" xlink:label="us-gaap_NetCashProvidedByUsedInOperatingActivities"/>
    <loc xlink:type="locator" xlink:href="http://taxonomies.xbrl.us/us-gaap/2009/elts/us-gaap-2009-01-31.xsd#us-gaap_NetIncomeLoss" xlink:label="us-gaap_NetIncomeLoss"/>
    <loc xlink:type="locator" xlink:href="http://taxonomies.xbrl.us/us-gaap/2009/elts/us-gaap-2009-01-31.xsd#us-gaap_PaymentsForProceedsFromOtherInvestingActivities" xlink:label="us-gaap_PaymentsForProceedsFromOtherInvestingActivities"/>
    <loc xlink:type="locator" xlink:href="http://taxonomies.xbrl.us/us-gaap/2009/elts/us-gaap-2009-01-31.xsd#us-gaap_PaymentsToAcquireAvailableForSaleSecuritiesDebt" xlink:label="us-gaap_PaymentsToAcquireAvailableForSaleSecuritiesDebt"/>
    <loc xlink:type="locator" xlink:href="http://taxonomies.xbrl.us/us-gaap/2009/elts/us-gaap-2009-01-31.xsd#us-gaap_PaymentsToAcquireBusinessesNetOfCashAcquired" xlink:label="us-gaap_PaymentsToAcquireBusinessesNetOfCashAcquired"/>
    <loc xlink:type="locator" xlink:href="http://taxonomies.xbrl.us/us-gaap/2009/elts/us-gaap-2009-01-31.xsd#us-gaap_PaymentsToAcquireIntangibleAssets" xlink:label="us-gaap_PaymentsToAcquireIntangibleAssets"/>
    <loc xlink:type="locator" xlink:href="http://taxonomies.xbrl.us/us-gaap/2009/elts/us-gaap-2009-01-31.xsd#us-gaap_PaymentsToAcquireOtherInvestments" xlink:label="us-gaap_PaymentsToAcquireOtherInvestments"/>
    <loc xlink:type="locator" xlink:href="http://taxonomies.xbrl.us/us-gaap/2009/elts/us-gaap-2009-01-31.xsd#us-gaap_PaymentsToAcquireProductiveAssets" xlink:label="us-gaap_PaymentsToAcquireProductiveAssets"/>
    <loc xlink:type="locator" xlink:href="http://taxonomies.xbrl.us/us-gaap/2009/elts/us-gaap-2009-01-31.xsd#us-gaap_ProceedsFromIssuanceOfCommonStock" xlink:label="us-gaap_ProceedsFromIssuanceOfCommonStock"/>
    <loc xlink:type="locator" xlink:href="http://taxonomies.xbrl.us/us-gaap/2009/elts/us-gaap-2009-01-31.xsd#us-gaap_ProceedsFromMaturitiesPrepaymentsAndCallsOfAvailableForSaleSecurities" xlink:label="us-gaap_ProceedsFromMaturitiesPrepaymentsAndCallsOfAvailableForSaleSecurities"/>
    <loc xlink:type="locator" xlink:href="http://taxonomies.xbrl.us/us-gaap/2009/elts/us-gaap-2009-01-31.xsd#us-gaap_ProceedsFromSaleOfAvailableForSaleSecuritiesDebt" xlink:label="us-gaap_ProceedsFromSaleOfAvailableForSaleSecuritiesDebt"/>
    <loc xlink:type="locator" xlink:href="http://taxonomies.xbrl.us/us-gaap/2009/elts/us-gaap-2009-01-31.xsd#us-gaap_ShareBasedCompensation" xlink:label="us-gaap_ShareBasedCompensation"/>
    <calculationArc xlink:type="arc" xlink:arcrole="http://www.xbrl.org/2003/arcrole/summation-item" xlink:from="us-gaap_CashAndCashEquivalentsPeriodIncreaseDecrease" xlink:to="us-gaap_NetCashProvidedByUsedInOperatingActivities" order="1.1400" weight="1.00" priority="2" use="optional"/>
    <calculationArc xlink:type="arc" xlink:arcrole="http://www.xbrl.org/2003/arcrole/summation-item" xlink:from="us-gaap_CashAndCashEquivalentsPeriodIncreaseDecrease" xlink:to="us-gaap_NetCashProvidedByUsedInInvestingActivities" order="1.2300" weight="1.00" priority="2" use="optional"/>
    <calculationArc xlink:type="arc" xlink:arcrole="http://www.xbrl.org/2003/arcrole/summation-item" xlink:from="us-gaap_CashAndCashEquivalentsPeriodIncreaseDecrease" xlink:to="us-gaap_NetCashProvidedByUsedInFinancingActivities" order="1.2700" weight="1.00" priority="2" use="optional"/>
    <calculationArc xlink:type="arc" xlink:arcrole="http://www.xbrl.org/2003/arcrole/summation-item" xlink:from="us-gaap_NetCashProvidedByUsedInFinancingActivities" xlink:to="us-gaap_ProceedsFromIssuanceOfCommonStock" order="1.2400" weight="1.00" priority="2" use="optional"/>
    <calculationArc xlink:type="arc" xlink:arcrole="http://www.xbrl.org/2003/arcrole/summation-item" xlink:from="us-gaap_NetCashProvidedByUsedInFinancingActivities" xlink:to="us-gaap_ExcessTaxBenefitFromShareBasedCompensationFinancingActivities" order="1.2500" weight="1.00" priority="2" use="optional"/>
    <calculationArc xlink:type="arc" xlink:arcrole="http://www.xbrl.org/2003/arcrole/summation-item" xlink:from="us-gaap_NetCashProvidedByUsedInFinancingActivities" xlink:to="us-gaap_EmployeeServiceShareBasedCompensationCashFlowEffectCashUsedToSettleAwards" order="1.2600" weight="1.00" priority="2" use="optional"/>
    <calculationArc xlink:type="arc" xlink:arcrole="http://www.xbrl.org/2003/arcrole/summation-item" xlink:from="us-gaap_NetCashProvidedByUsedInInvestingActivities" xlink:to="us-gaap_PaymentsToAcquireAvailableForSaleSecuritiesDebt" order="1.1500" weight="-1.00" priority="2" use="optional"/>
    <calculationArc xlink:type="arc" xlink:arcrole="http://www.xbrl.org/2003/arcrole/summation-item" xlink:from="us-gaap_NetCashProvidedByUsedInInvestingActivities" xlink:to="us-gaap_ProceedsFromMaturitiesPrepaymentsAndCallsOfAvailableForSaleSecurities" order="1.1600" weight="1.00" priority="2" use="optional"/>
    <calculationArc xlink:type="arc" xlink:arcrole="http://www.xbrl.org/2003/arcrole/summation-item" xlink:from="us-gaap_NetCashProvidedByUsedInInvestingActivities" xlink:to="us-gaap_ProceedsFromSaleOfAvailableForSaleSecuritiesDebt" order="1.1700" weight="1.00" priority="2" use="optional"/>
    <calculationArc xlink:type="arc" xlink:arcrole="http://www.xbrl.org/2003/arcrole/summation-item" xlink:from="us-gaap_NetCashProvidedByUsedInInvestingActivities" xlink:to="us-gaap_PaymentsToAcquireOtherInvestments" order="1.1800" weight="-1.00" priority="2" use="optional"/>
    <calculationArc xlink:type="arc" xlink:arcrole="http://www.xbrl.org/2003/arcrole/summation-item" xlink:from="us-gaap_NetCashProvidedByUsedInInvestingActivities" xlink:to="us-gaap_PaymentsToAcquireBusinessesNetOfCashAcquired" order="1.1900" weight="-1.00" priority="2" use="optional"/>
    <calculationArc xlink:type="arc" xlink:arcrole="http://www.xbrl.org/2003/arcrole/summation-item" xlink:from="us-gaap_NetCashProvidedByUsedInInvestingActivities" xlink:to="us-gaap_PaymentsToAcquireProductiveAssets" order="1.2000" weight="-1.00" priority="2" use="optional"/>
    <calculationArc xlink:type="arc" xlink:arcrole="http://www.xbrl.org/2003/arcrole/summation-item" xlink:from="us-gaap_NetCashProvidedByUsedInInvestingActivities" xlink:to="us-gaap_PaymentsToAcquireIntangibleAssets" order="1.2100" weight="-1.00" priority="2" use="optional"/>
    <calculationArc xlink:type="arc" xlink:arcrole="http://www.xbrl.org/2003/arcrole/summation-item" xlink:from="us-gaap_NetCashProvidedByUsedInInvestingActivities" xlink:to="us-gaap_PaymentsForProceedsFromOtherInvestingActivities" order="1.2200" weight="-1.00" priority="2" use="optional"/>
    <calculationArc xlink:type="arc" xlink:arcrole="http://www.xbrl.org/2003/arcrole/summation-item" xlink:from="us-gaap_NetCashProvidedByUsedInOperatingActivities" xlink:to="us-gaap_NetIncomeLoss" order="1.0100" weight="1.00" priority="2" use="optional"/>
    <calculationArc xlink:type="arc" xlink:arcrole="http://www.xbrl.org/2003/arcrole/summation-item" xlink:from="us-gaap_NetCashProvidedByUsedInOperatingActivities" xlink:to="us-gaap_DepreciationAmortizationAndAccretionNet" order="1.0200" weight="1.00" priority="2" use="optional"/>
    <calculationArc xlink:type="arc" xlink:arcrole="http://www.xbrl.org/2003/arcrole/summation-item" xlink:from="us-gaap_NetCashProvidedByUsedInOperatingActivities" xlink:to="us-gaap_ShareBasedCompensation" order="1.0300" weight="1.00" priority="2" use="optional"/>
    <calculationArc xlink:type="arc" xlink:arcrole="http://www.xbrl.org/2003/arcrole/summation-item" xlink:from="us-gaap_NetCashProvidedByUsedInOperatingActivities" xlink:to="us-gaap_DeferredIncomeTaxExpenseBenefit" order="1.0400" weight="1.00" priority="2" use="optional"/>
    <calculationArc xlink:type="arc" xlink:arcrole="http://www.xbrl.org/2003/arcrole/summation-item" xlink:from="us-gaap_NetCashProvidedByUsedInOperatingActivities" xlink:to="us-gaap_GainLossOnSaleOfPropertyPlantEquipment" order="1.0500" weight="-1.00" priority="2" use="optional"/>
    <calculationArc xlink:type="arc" xlink:arcrole="http://www.xbrl.org/2003/arcrole/summation-item" xlink:from="us-gaap_NetCashProvidedByUsedInOperatingActivities" xlink:to="us-gaap_IncreaseDecreaseInAccountsReceivable" order="1.0600" weight="-1.00" priority="2" use="optional"/>
    <calculationArc xlink:type="arc" xlink:arcrole="http://www.xbrl.org/2003/arcrole/summation-item" xlink:from="us-gaap_NetCashProvidedByUsedInOperatingActivities" xlink:to="us-gaap_IncreaseDecreaseInInventories" order="1.0700" weight="-1.00" priority="2" use="optional"/>
    <calculationArc xlink:type="arc" xlink:arcrole="http://www.xbrl.org/2003/arcrole/summation-item" xlink:from="us-gaap_NetCashProvidedByUsedInOperatingActivities" xlink:to="us-gaap_IncreaseDecreaseInOtherReceivables" order="1.0800" weight="-1.00" priority="2" use="optional"/>
    <calculationArc xlink:type="arc" xlink:arcrole="http://www.xbrl.org/2003/arcrole/summation-item" xlink:from="us-gaap_NetCashProvidedByUsedInOperatingActivities" xlink:to="aapl_IncreaseDecreaseOtherCurrentAssets" order="1.0900" weight="-1.00" priority="2" use="optional"/>
    <calculationArc xlink:type="arc" xlink:arcrole="http://www.xbrl.org/2003/arcrole/summation-item" xlink:from="us-gaap_NetCashProvidedByUsedInOperatingActivities" xlink:to="us-gaap_IncreaseDecreaseInOtherOperatingAssets" order="1.1000" weight="-1.00" priority="2" use="optional"/>
    <calculationArc xlink:type="arc" xlink:arcrole="http://www.xbrl.org/2003/arcrole/summation-item" xlink:from="us-gaap_NetCashProvidedByUsedInOperatingActivities" xlink:to="us-gaap_IncreaseDecreaseInAccountsPayable" order="1.1100" weight="1.00" priority="2" use="optional"/>
    <calculationArc xlink:type="arc" xlink:arcrole="http://www.xbrl.org/2003/arcrole/summation-item" xlink:from="us-gaap_NetCashProvidedByUsedInOperatingActivities" xlink:to="us-gaap_IncreaseDecreaseInDeferredRevenue" order="1.1200" weight="1.00" priority="2" use="optional"/>
    <calculationArc xlink:type="arc" xlink:arcrole="http://www.xbrl.org/2003/arcrole/summation-item" xlink:from="us-gaap_NetCashProvidedByUsedInOperatingActivities" xlink:to="us-gaap_IncreaseDecreaseInOtherOperatingLiabilities" order="1.1300" weight="1.00" priority="2" use="optional"/>
  </calculationLink>
  <calculationLink xlink:type="extended" xlink:role="http://www.apple.com/taxonomy/role/DisclosureSummaryOfSignificantAccountingPoliciesAdditionalInformation">
  </calculationLink>
  <calculationLink xlink:type="extended" xlink:role="http://www.apple.com/taxonomy/role/DisclosureComputationOfBasicAndDilutedEarningsPerCommonShare">
    <loc xlink:type="locator" xlink:href="aapl-20100626.xsd#aapl_PotentialDilutiveSecuritiesThatCouldBeIncludedInComputationOfEarningsPerShareAmount" xlink:label="aapl_PotentialDilutiveSecuritiesThatCouldBeIncludedInComputationOfEarningsPerShareAmount"/>
    <loc xlink:type="locator" xlink:href="http://taxonomies.xbrl.us/us-gaap/2009/elts/us-gaap-2009-01-31.xsd#us-gaap_WeightedAverageNumberOfDilutedSharesOutstanding" xlink:label="us-gaap_WeightedAverageNumberOfDilutedSharesOutstanding"/>
    <loc xlink:type="locator" xlink:href="http://taxonomies.xbrl.us/us-gaap/2009/elts/us-gaap-2009-01-31.xsd#us-gaap_WeightedAverageNumberOfSharesOutstandingBasic" xlink:label="us-gaap_WeightedAverageNumberOfSharesOutstandingBasic"/>
    <calculationArc xlink:type="arc" xlink:arcrole="http://www.xbrl.org/2003/arcrole/summation-item" xlink:from="us-gaap_WeightedAverageNumberOfDilutedSharesOutstanding" xlink:to="us-gaap_WeightedAverageNumberOfSharesOutstandingBasic" order="1.0100" weight="1.00" priority="2" use="optional"/>
    <calculationArc xlink:type="arc" xlink:arcrole="http://www.xbrl.org/2003/arcrole/summation-item" xlink:from="us-gaap_WeightedAverageNumberOfDilutedSharesOutstanding" xlink:to="aapl_PotentialDilutiveSecuritiesThatCouldBeIncludedInComputationOfEarningsPerShareAmount" order="1.0200" weight="1.00" priority="2" use="optional"/>
  </calculationLink>
  <calculationLink xlink:type="extended" xlink:role="http://www.apple.com/taxonomy/role/DisclosureCashAndAvailableforSaleSecuritiesHeldInItsMarketableSecuritiesInvestmentPortfolio">
    <loc xlink:type="locator" xlink:href="http://taxonomies.xbrl.us/us-gaap/2009/elts/us-gaap-2009-01-31.xsd#us-gaap_AvailableForSaleSecuritiesDebtSecuritiesCurrent" xlink:label="us-gaap_AvailableForSaleSecuritiesDebtSecuritiesCurrent"/>
    <loc xlink:type="locator" xlink:href="http://taxonomies.xbrl.us/us-gaap/2009/elts/us-gaap-2009-01-31.xsd#us-gaap_AvailableForSaleSecuritiesDebtSecuritiesNoncurrent" xlink:label="us-gaap_AvailableForSaleSecuritiesDebtSecuritiesNoncurrent"/>
    <loc xlink:type="locator" xlink:href="http://taxonomies.xbrl.us/us-gaap/2009/elts/us-gaap-2009-01-31.xsd#us-gaap_Cash" xlink:label="us-gaap_Cash"/>
    <loc xlink:type="locator" xlink:href="aapl-20100626.xsd#aapl_CashCashEquivalentsAndMarketableSecurities" xlink:label="aapl_CashCashEquivalentsAndMarketableSecurities"/>
    <loc xlink:type="locator" xlink:href="http://taxonomies.xbrl.us/us-gaap/2009/elts/us-gaap-2009-01-31.xsd#us-gaap_CashEquivalentsAtCarryingValue" xlink:label="us-gaap_CashEquivalentsAtCarryingValue"/>
    <calculationArc xlink:type="arc" xlink:arcrole="http://www.xbrl.org/2003/arcrole/summation-item" xlink:from="aapl_CashCashEquivalentsAndMarketableSecurities" xlink:to="us-gaap_Cash" order="1.0100" weight="1.00" priority="2" use="optional"/>
    <calculationArc xlink:type="arc" xlink:arcrole="http://www.xbrl.org/2003/arcrole/summation-item" xlink:from="aapl_CashCashEquivalentsAndMarketableSecurities" xlink:to="us-gaap_CashEquivalentsAtCarryingValue" order="1.0200" weight="1.00" priority="2" use="optional"/>
    <calculationArc xlink:type="arc" xlink:arcrole="http://www.xbrl.org/2003/arcrole/summation-item" xlink:from="aapl_CashCashEquivalentsAndMarketableSecurities" xlink:to="us-gaap_AvailableForSaleSecuritiesDebtSecuritiesCurrent" order="1.0300" weight="1.00" priority="2" use="optional"/>
    <calculationArc xlink:type="arc" xlink:arcrole="http://www.xbrl.org/2003/arcrole/summation-item" xlink:from="aapl_CashCashEquivalentsAndMarketableSecurities" xlink:to="us-gaap_AvailableForSaleSecuritiesDebtSecuritiesNoncurrent" order="1.0400" weight="1.00" priority="2" use="optional"/>
  </calculationLink>
  <calculationLink xlink:type="extended" xlink:role="http://www.apple.com/taxonomy/role/DisclosureAvailableforSaleSecuritiesAdjustedCostGrossUnrealizedGainsGrossUnrealizedLossesAndFairValueBySignificantInvestmentCategory">
    <loc xlink:type="locator" xlink:href="http://taxonomies.xbrl.us/us-gaap/2009/elts/us-gaap-2009-01-31.xsd#us-gaap_AvailableForSaleSecuritiesAmortizedCost" xlink:label="us-gaap_AvailableForSaleSecuritiesAmortizedCost"/>
    <loc xlink:type="locator" xlink:href="aapl-20100626.xsd#aapl_AvailableForSaleSecuritiesDebtSecuritiesUnrealizedGains" xlink:label="aapl_AvailableForSaleSecuritiesDebtSecuritiesUnrealizedGains"/>
    <loc xlink:type="locator" xlink:href="aapl-20100626.xsd#aapl_AvailableForSaleSecuritiesDebtSecuritiesUnrealizedLosses" xlink:label="aapl_AvailableForSaleSecuritiesDebtSecuritiesUnrealizedLosses"/>
    <loc xlink:type="locator" xlink:href="http://taxonomies.xbrl.us/us-gaap/2009/elts/us-gaap-2009-01-31.xsd#us-gaap_AvailableForSaleSecuritiesFairValueDisclosure" xlink:label="us-gaap_AvailableForSaleSecuritiesFairValueDisclosure"/>
    <calculationArc xlink:type="arc" xlink:arcrole="http://www.xbrl.org/2003/arcrole/summation-item" xlink:from="us-gaap_AvailableForSaleSecuritiesFairValueDisclosure" xlink:to="us-gaap_AvailableForSaleSecuritiesAmortizedCost" order="1.0100" weight="1.00" priority="2" use="optional"/>
    <calculationArc xlink:type="arc" xlink:arcrole="http://www.xbrl.org/2003/arcrole/summation-item" xlink:from="us-gaap_AvailableForSaleSecuritiesFairValueDisclosure" xlink:to="aapl_AvailableForSaleSecuritiesDebtSecuritiesUnrealizedGains" order="1.0200" weight="-1.00" priority="2" use="optional"/>
    <calculationArc xlink:type="arc" xlink:arcrole="http://www.xbrl.org/2003/arcrole/summation-item" xlink:from="us-gaap_AvailableForSaleSecuritiesFairValueDisclosure" xlink:to="aapl_AvailableForSaleSecuritiesDebtSecuritiesUnrealizedLosses" order="1.0300" weight="1.00" priority="2" use="optional"/>
  </calculationLink>
  <calculationLink xlink:type="extended" xlink:role="http://www.apple.com/taxonomy/role/DisclosureFinancialInstrumentsAdditionalInformation">
  </calculationLink>
  <calculationLink xlink:type="extended" xlink:role="http://www.apple.com/taxonomy/role/DisclosureGrossUnrealizedLossesAndFairValueForInvestmentsInAnUnrealizedLossPosition">
    <loc xlink:type="locator" xlink:href="aapl-20100626.xsd#aapl_AvailableForSaleSecuritiesContinuousUnrealizedLossLessThanTwelveMonths" xlink:label="aapl_AvailableForSaleSecuritiesContinuousUnrealizedLossLessThanTwelveMonths"/>
    <loc xlink:type="locator" xlink:href="http://taxonomies.xbrl.us/us-gaap/2009/elts/us-gaap-2009-01-31.xsd#us-gaap_AvailableForSaleSecuritiesContinuousUnrealizedLossPositionFairValue" xlink:label="us-gaap_AvailableForSaleSecuritiesContinuousUnrealizedLossPositionFairValue"/>
    <loc xlink:type="locator" xlink:href="http://taxonomies.xbrl.us/us-gaap/2009/elts/us-gaap-2009-01-31.xsd#us-gaap_AvailableForSaleSecuritiesContinuousUnrealizedLossPositionLessThanTwelveMonthsFairValue" xlink:label="us-gaap_AvailableForSaleSecuritiesContinuousUnrealizedLossPositionLessThanTwelveMonthsFairValue"/>
    <loc xlink:type="locator" xlink:href="http://taxonomies.xbrl.us/us-gaap/2009/elts/us-gaap-2009-01-31.xsd#us-gaap_AvailableForSaleSecuritiesContinuousUnrealizedLossPositionTwelveMonthsOrLongerFairValue" xlink:label="us-gaap_AvailableForSaleSecuritiesContinuousUnrealizedLossPositionTwelveMonthsOrLongerFairValue"/>
    <loc xlink:type="locator" xlink:href="aapl-20100626.xsd#aapl_AvailableForSaleSecuritiesContinuousUnrealizedLossTwelveMonthsOrLonger" xlink:label="aapl_AvailableForSaleSecuritiesContinuousUnrealizedLossTwelveMonthsOrLonger"/>
    <loc xlink:type="locator" xlink:href="aapl-20100626.xsd#aapl_AvailableForSaleSecuritiesUnrealizedLosses" xlink:label="aapl_AvailableForSaleSecuritiesUnrealizedLosses"/>
    <calculationArc xlink:type="arc" xlink:arcrole="http://www.xbrl.org/2003/arcrole/summation-item" xlink:from="us-gaap_AvailableForSaleSecuritiesContinuousUnrealizedLossPositionFairValue" xlink:to="us-gaap_AvailableForSaleSecuritiesContinuousUnrealizedLossPositionLessThanTwelveMonthsFairValue" order="1.0100" weight="1.00" priority="2" use="optional"/>
    <calculationArc xlink:type="arc" xlink:arcrole="http://www.xbrl.org/2003/arcrole/summation-item" xlink:from="us-gaap_AvailableForSaleSecuritiesContinuousUnrealizedLossPositionFairValue" xlink:to="us-gaap_AvailableForSaleSecuritiesContinuousUnrealizedLossPositionTwelveMonthsOrLongerFairValue" order="1.0300" weight="1.00" priority="2" use="optional"/>
    <calculationArc xlink:type="arc" xlink:arcrole="http://www.xbrl.org/2003/arcrole/summation-item" xlink:from="aapl_AvailableForSaleSecuritiesUnrealizedLosses" xlink:to="aapl_AvailableForSaleSecuritiesContinuousUnrealizedLossLessThanTwelveMonths" order="1.0200" weight="1.00" priority="2" use="optional"/>
    <calculationArc xlink:type="arc" xlink:arcrole="http://www.xbrl.org/2003/arcrole/summation-item" xlink:from="aapl_AvailableForSaleSecuritiesUnrealizedLosses" xlink:to="aapl_AvailableForSaleSecuritiesContinuousUnrealizedLossTwelveMonthsOrLonger" order="1.0400" weight="1.00" priority="2" use="optional"/>
  </calculationLink>
  <calculationLink xlink:type="extended" xlink:role="http://www.apple.com/taxonomy/role/DisclosureNotionalPrincipalAndCreditRiskAmountsOfDerivativeInstrumentsOutstanding">
  </calculationLink>
  <calculationLink xlink:type="extended" xlink:role="http://www.apple.com/taxonomy/role/DisclosureDerivativeInstrumentsMeasuredAtGrossFairValueAsReflectedInTheConsolidatedBalanceSheets">
    <loc xlink:type="locator" xlink:href="http://taxonomies.xbrl.us/us-gaap/2009/elts/us-gaap-2009-01-31.xsd#us-gaap_ForeignCurrencyDerivativeAssetsAtFairValue" xlink:label="us-gaap_ForeignCurrencyDerivativeAssetsAtFairValue"/>
    <loc xlink:type="locator" xlink:href="aapl-20100626.xsd#aapl_ForeignCurrencyDerivativeInstrumentsDesignatedAsHedgingInstrumentsAssetAtFairValue" xlink:label="aapl_ForeignCurrencyDerivativeInstrumentsDesignatedAsHedgingInstrumentsAssetAtFairValue"/>
    <loc xlink:type="locator" xlink:href="aapl-20100626.xsd#aapl_ForeignCurrencyDerivativeInstrumentsDesignatedAsHedgingInstrumentsLiabilityAtFairValue" xlink:label="aapl_ForeignCurrencyDerivativeInstrumentsDesignatedAsHedgingInstrumentsLiabilityAtFairValue"/>
    <loc xlink:type="locator" xlink:href="http://taxonomies.xbrl.us/us-gaap/2009/elts/us-gaap-2009-01-31.xsd#us-gaap_ForeignCurrencyDerivativeInstrumentsNotDesignatedAsHedgingInstrumentsAssetAtFairValue" xlink:label="us-gaap_ForeignCurrencyDerivativeInstrumentsNotDesignatedAsHedgingInstrumentsAssetAtFairValue"/>
    <loc xlink:type="locator" xlink:href="http://taxonomies.xbrl.us/us-gaap/2009/elts/us-gaap-2009-01-31.xsd#us-gaap_ForeignCurrencyDerivativeInstrumentsNotDesignatedAsHedgingInstrumentsLiabilityAtFairValue" xlink:label="us-gaap_ForeignCurrencyDerivativeInstrumentsNotDesignatedAsHedgingInstrumentsLiabilityAtFairValue"/>
    <loc xlink:type="locator" xlink:href="http://taxonomies.xbrl.us/us-gaap/2009/elts/us-gaap-2009-01-31.xsd#us-gaap_ForeignCurrencyDerivativeLiabilitiesAtFairValue" xlink:label="us-gaap_ForeignCurrencyDerivativeLiabilitiesAtFairValue"/>
    <calculationArc xlink:type="arc" xlink:arcrole="http://www.xbrl.org/2003/arcrole/summation-item" xlink:from="us-gaap_ForeignCurrencyDerivativeAssetsAtFairValue" xlink:to="aapl_ForeignCurrencyDerivativeInstrumentsDesignatedAsHedgingInstrumentsAssetAtFairValue" order="1.0100" weight="1.00" priority="2" use="optional"/>
    <calculationArc xlink:type="arc" xlink:arcrole="http://www.xbrl.org/2003/arcrole/summation-item" xlink:from="us-gaap_ForeignCurrencyDerivativeAssetsAtFairValue" xlink:to="us-gaap_ForeignCurrencyDerivativeInstrumentsNotDesignatedAsHedgingInstrumentsAssetAtFairValue" order="1.0200" weight="1.00" priority="2" use="optional"/>
    <calculationArc xlink:type="arc" xlink:arcrole="http://www.xbrl.org/2003/arcrole/summation-item" xlink:from="us-gaap_ForeignCurrencyDerivativeLiabilitiesAtFairValue" xlink:to="aapl_ForeignCurrencyDerivativeInstrumentsDesignatedAsHedgingInstrumentsLiabilityAtFairValue" order="1.0300" weight="1.00" priority="2" use="optional"/>
    <calculationArc xlink:type="arc" xlink:arcrole="http://www.xbrl.org/2003/arcrole/summation-item" xlink:from="us-gaap_ForeignCurrencyDerivativeLiabilitiesAtFairValue" xlink:to="us-gaap_ForeignCurrencyDerivativeInstrumentsNotDesignatedAsHedgingInstrumentsLiabilityAtFairValue" order="1.0400" weight="1.00" priority="2" use="optional"/>
  </calculationLink>
  <calculationLink xlink:type="extended" xlink:role="http://www.apple.com/taxonomy/role/DisclosurePreTaxEffectOfDerivativeInstrumentsDesignatedAsCashFlowAndNetInvestmentHedges">
  </calculationLink>
  <calculationLink xlink:type="extended" xlink:role="http://www.apple.com/taxonomy/role/DisclosureAssetsAndLiabilitiesMeasuredAtFairValue">
  </calculationLink>
  <calculationLink xlink:type="extended" xlink:role="http://www.apple.com/taxonomy/role/DisclosureAssetsAndLiabilitiesMeasuredAtFairValueOnARecurringBasis">
    <loc xlink:type="locator" xlink:href="aapl-20100626.xsd#aapl_FairValueAssetsMeasuredOnRecurringBasis" xlink:label="aapl_FairValueAssetsMeasuredOnRecurringBasis"/>
    <loc xlink:type="locator" xlink:href="http://taxonomies.xbrl.us/us-gaap/2009/elts/us-gaap-2009-01-31.xsd#us-gaap_FairValueAssetsMeasuredOnRecurringBasisCashAndCashEquivalents" xlink:label="us-gaap_FairValueAssetsMeasuredOnRecurringBasisCashAndCashEquivalents"/>
    <loc xlink:type="locator" xlink:href="http://taxonomies.xbrl.us/us-gaap/2009/elts/us-gaap-2009-01-31.xsd#us-gaap_FairValueAssetsMeasuredOnRecurringBasisDerivativeFinancialInstrumentsAssets" xlink:label="us-gaap_FairValueAssetsMeasuredOnRecurringBasisDerivativeFinancialInstrumentsAssets"/>
    <loc xlink:type="locator" xlink:href="aapl-20100626.xsd#aapl_FairValueAssetsMeasuredOnRecurringBasisMarketableSecuritiesCurrent" xlink:label="aapl_FairValueAssetsMeasuredOnRecurringBasisMarketableSecuritiesCurrent"/>
    <loc xlink:type="locator" xlink:href="aapl-20100626.xsd#aapl_FairValueAssetsMeasuredOnRecurringBasisMarketableSecuritiesNonCurrent" xlink:label="aapl_FairValueAssetsMeasuredOnRecurringBasisMarketableSecuritiesNonCurrent"/>
    <loc xlink:type="locator" xlink:href="aapl-20100626.xsd#aapl_FairValueAssetsMeasuredOnRecurringBasisOtherAssets" xlink:label="aapl_FairValueAssetsMeasuredOnRecurringBasisOtherAssets"/>
    <loc xlink:type="locator" xlink:href="aapl-20100626.xsd#aapl_FairValueLiabilitiesMeasuredOnRecurringBasis" xlink:label="aapl_FairValueLiabilitiesMeasuredOnRecurringBasis"/>
    <loc xlink:type="locator" xlink:href="http://taxonomies.xbrl.us/us-gaap/2009/elts/us-gaap-2009-01-31.xsd#us-gaap_FairValueLiabilitiesMeasuredOnRecurringBasisDerivativeFinancialInstrumentsLiabilities" xlink:label="us-gaap_FairValueLiabilitiesMeasuredOnRecurringBasisDerivativeFinancialInstrumentsLiabilities"/>
    <calculationArc xlink:type="arc" xlink:arcrole="http://www.xbrl.org/2003/arcrole/summation-item" xlink:from="aapl_FairValueAssetsMeasuredOnRecurringBasis" xlink:to="us-gaap_FairValueAssetsMeasuredOnRecurringBasisCashAndCashEquivalents" order="1.0100" weight="1.00" priority="2" use="optional"/>
    <calculationArc xlink:type="arc" xlink:arcrole="http://www.xbrl.org/2003/arcrole/summation-item" xlink:from="aapl_FairValueAssetsMeasuredOnRecurringBasis" xlink:to="aapl_FairValueAssetsMeasuredOnRecurringBasisMarketableSecuritiesCurrent" order="1.0200" weight="1.00" priority="2" use="optional"/>
    <calculationArc xlink:type="arc" xlink:arcrole="http://www.xbrl.org/2003/arcrole/summation-item" xlink:from="aapl_FairValueAssetsMeasuredOnRecurringBasis" xlink:to="aapl_FairValueAssetsMeasuredOnRecurringBasisMarketableSecuritiesNonCurrent" order="1.0300" weight="1.00" priority="2" use="optional"/>
    <calculationArc xlink:type="arc" xlink:arcrole="http://www.xbrl.org/2003/arcrole/summation-item" xlink:from="aapl_FairValueAssetsMeasuredOnRecurringBasis" xlink:to="us-gaap_FairValueAssetsMeasuredOnRecurringBasisDerivativeFinancialInstrumentsAssets" order="1.0400" weight="1.00" priority="2" use="optional"/>
    <calculationArc xlink:type="arc" xlink:arcrole="http://www.xbrl.org/2003/arcrole/summation-item" xlink:from="aapl_FairValueAssetsMeasuredOnRecurringBasis" xlink:to="aapl_FairValueAssetsMeasuredOnRecurringBasisOtherAssets" order="1.0500" weight="1.00" priority="2" use="optional"/>
    <calculationArc xlink:type="arc" xlink:arcrole="http://www.xbrl.org/2003/arcrole/summation-item" xlink:from="aapl_FairValueLiabilitiesMeasuredOnRecurringBasis" xlink:to="us-gaap_FairValueLiabilitiesMeasuredOnRecurringBasisDerivativeFinancialInstrumentsLiabilities" order="1.0600" weight="1.00" priority="2" use="optional"/>
  </calculationLink>
  <calculationLink xlink:type="extended" xlink:role="http://www.apple.com/taxonomy/role/DisclosureCondensedConsolidatedFinancialStatementDetails">
    <loc xlink:type="locator" xlink:href="http://taxonomies.xbrl.us/us-gaap/2009/elts/us-gaap-2009-01-31.xsd#us-gaap_AccruedIncomeTaxesCurrent" xlink:label="us-gaap_AccruedIncomeTaxesCurrent"/>
    <loc xlink:type="locator" xlink:href="http://taxonomies.xbrl.us/us-gaap/2009/elts/us-gaap-2009-01-31.xsd#us-gaap_AccruedLiabilitiesCurrent" xlink:label="us-gaap_AccruedLiabilitiesCurrent"/>
    <loc xlink:type="locator" xlink:href="aapl-20100626.xsd#aapl_AccruedMarketingAndDistributionCurrent" xlink:label="aapl_AccruedMarketingAndDistributionCurrent"/>
    <loc xlink:type="locator" xlink:href="aapl-20100626.xsd#aapl_AccumulatedDepreciationDepletionAndAmortizationPropertyPlantAndEquipmentAndCapitalizedSoftware" xlink:label="aapl_AccumulatedDepreciationDepletionAndAmortizationPropertyPlantAndEquipmentAndCapitalizedSoftware"/>
    <loc xlink:type="locator" xlink:href="http://taxonomies.xbrl.us/us-gaap/2009/elts/us-gaap-2009-01-31.xsd#us-gaap_DeferredTaxLiabilitiesNoncurrent" xlink:label="us-gaap_DeferredTaxLiabilitiesNoncurrent"/>
    <loc xlink:type="locator" xlink:href="http://taxonomies.xbrl.us/us-gaap/2009/elts/us-gaap-2009-01-31.xsd#us-gaap_EmployeeRelatedLiabilitiesCurrent" xlink:label="us-gaap_EmployeeRelatedLiabilitiesCurrent"/>
    <loc xlink:type="locator" xlink:href="http://taxonomies.xbrl.us/us-gaap/2009/elts/us-gaap-2009-01-31.xsd#us-gaap_FurnitureAndFixturesGross" xlink:label="us-gaap_FurnitureAndFixturesGross"/>
    <loc xlink:type="locator" xlink:href="aapl-20100626.xsd#aapl_LandAndBuildingsGross" xlink:label="aapl_LandAndBuildingsGross"/>
    <loc xlink:type="locator" xlink:href="http://taxonomies.xbrl.us/us-gaap/2009/elts/us-gaap-2009-01-31.xsd#us-gaap_LeaseholdImprovementsGross" xlink:label="us-gaap_LeaseholdImprovementsGross"/>
    <loc xlink:type="locator" xlink:href="aapl-20100626.xsd#aapl_MachineryEquipmentAndInternalUseSoftwareGross" xlink:label="aapl_MachineryEquipmentAndInternalUseSoftwareGross"/>
    <loc xlink:type="locator" xlink:href="http://taxonomies.xbrl.us/us-gaap/2009/elts/us-gaap-2009-01-31.xsd#us-gaap_OtherAccruedLiabilitiesCurrent" xlink:label="us-gaap_OtherAccruedLiabilitiesCurrent"/>
    <loc xlink:type="locator" xlink:href="http://taxonomies.xbrl.us/us-gaap/2009/elts/us-gaap-2009-01-31.xsd#us-gaap_OtherAccruedLiabilitiesNoncurrent" xlink:label="us-gaap_OtherAccruedLiabilitiesNoncurrent"/>
    <loc xlink:type="locator" xlink:href="http://taxonomies.xbrl.us/us-gaap/2009/elts/us-gaap-2009-01-31.xsd#us-gaap_OtherDeferredCreditsCurrent" xlink:label="us-gaap_OtherDeferredCreditsCurrent"/>
    <loc xlink:type="locator" xlink:href="http://taxonomies.xbrl.us/us-gaap/2009/elts/us-gaap-2009-01-31.xsd#us-gaap_OtherLiabilitiesNoncurrent" xlink:label="us-gaap_OtherLiabilitiesNoncurrent"/>
    <loc xlink:type="locator" xlink:href="http://taxonomies.xbrl.us/us-gaap/2009/elts/us-gaap-2009-01-31.xsd#us-gaap_ProductWarrantyAccrualClassifiedCurrent" xlink:label="us-gaap_ProductWarrantyAccrualClassifiedCurrent"/>
    <loc xlink:type="locator" xlink:href="aapl-20100626.xsd#aapl_PropertyPlantAndEquipmentAndCapitalizedSoftwareGross" xlink:label="aapl_PropertyPlantAndEquipmentAndCapitalizedSoftwareGross"/>
    <loc xlink:type="locator" xlink:href="aapl-20100626.xsd#aapl_PropertyPlantAndEquipmentAndCapitalizedSoftwareNet" xlink:label="aapl_PropertyPlantAndEquipmentAndCapitalizedSoftwareNet"/>
    <calculationArc xlink:type="arc" xlink:arcrole="http://www.xbrl.org/2003/arcrole/summation-item" xlink:from="us-gaap_AccruedLiabilitiesCurrent" xlink:to="us-gaap_ProductWarrantyAccrualClassifiedCurrent" order="1.0700" weight="1.00" priority="2" use="optional"/>
    <calculationArc xlink:type="arc" xlink:arcrole="http://www.xbrl.org/2003/arcrole/summation-item" xlink:from="us-gaap_AccruedLiabilitiesCurrent" xlink:to="us-gaap_EmployeeRelatedLiabilitiesCurrent" order="1.0800" weight="1.00" priority="2" use="optional"/>
    <calculationArc xlink:type="arc" xlink:arcrole="http://www.xbrl.org/2003/arcrole/summation-item" xlink:from="us-gaap_AccruedLiabilitiesCurrent" xlink:to="us-gaap_OtherDeferredCreditsCurrent" order="1.0900" weight="1.00" priority="2" use="optional"/>
    <calculationArc xlink:type="arc" xlink:arcrole="http://www.xbrl.org/2003/arcrole/summation-item" xlink:from="us-gaap_AccruedLiabilitiesCurrent" xlink:to="aapl_AccruedMarketingAndDistributionCurrent" order="1.1000" weight="1.00" priority="2" use="optional"/>
    <calculationArc xlink:type="arc" xlink:arcrole="http://www.xbrl.org/2003/arcrole/summation-item" xlink:from="us-gaap_AccruedLiabilitiesCurrent" xlink:to="us-gaap_AccruedIncomeTaxesCurrent" order="1.1100" weight="1.00" priority="2" use="optional"/>
    <calculationArc xlink:type="arc" xlink:arcrole="http://www.xbrl.org/2003/arcrole/summation-item" xlink:from="us-gaap_AccruedLiabilitiesCurrent" xlink:to="us-gaap_OtherAccruedLiabilitiesCurrent" order="1.1200" weight="1.00" priority="2" use="optional"/>
    <calculationArc xlink:type="arc" xlink:arcrole="http://www.xbrl.org/2003/arcrole/summation-item" xlink:from="us-gaap_OtherLiabilitiesNoncurrent" xlink:to="us-gaap_DeferredTaxLiabilitiesNoncurrent" order="1.1300" weight="1.00" priority="2" use="optional"/>
    <calculationArc xlink:type="arc" xlink:arcrole="http://www.xbrl.org/2003/arcrole/summation-item" xlink:from="us-gaap_OtherLiabilitiesNoncurrent" xlink:to="us-gaap_OtherAccruedLiabilitiesNoncurrent" order="1.1400" weight="1.00" priority="2" use="optional"/>
    <calculationArc xlink:type="arc" xlink:arcrole="http://www.xbrl.org/2003/arcrole/summation-item" xlink:from="aapl_PropertyPlantAndEquipmentAndCapitalizedSoftwareGross" xlink:to="aapl_LandAndBuildingsGross" order="1.0100" weight="1.00" priority="2" use="optional"/>
    <calculationArc xlink:type="arc" xlink:arcrole="http://www.xbrl.org/2003/arcrole/summation-item" xlink:from="aapl_PropertyPlantAndEquipmentAndCapitalizedSoftwareGross" xlink:to="aapl_MachineryEquipmentAndInternalUseSoftwareGross" order="1.0200" weight="1.00" priority="2" use="optional"/>
    <calculationArc xlink:type="arc" xlink:arcrole="http://www.xbrl.org/2003/arcrole/summation-item" xlink:from="aapl_PropertyPlantAndEquipmentAndCapitalizedSoftwareGross" xlink:to="us-gaap_FurnitureAndFixturesGross" order="1.0300" weight="1.00" priority="2" use="optional"/>
    <calculationArc xlink:type="arc" xlink:arcrole="http://www.xbrl.org/2003/arcrole/summation-item" xlink:from="aapl_PropertyPlantAndEquipmentAndCapitalizedSoftwareGross" xlink:to="us-gaap_LeaseholdImprovementsGross" order="1.0400" weight="1.00" priority="2" use="optional"/>
    <calculationArc xlink:type="arc" xlink:arcrole="http://www.xbrl.org/2003/arcrole/summation-item" xlink:from="aapl_PropertyPlantAndEquipmentAndCapitalizedSoftwareNet" xlink:to="aapl_PropertyPlantAndEquipmentAndCapitalizedSoftwareGross" order="1.0500" weight="1.00" priority="2" use="optional"/>
    <calculationArc xlink:type="arc" xlink:arcrole="http://www.xbrl.org/2003/arcrole/summation-item" xlink:from="aapl_PropertyPlantAndEquipmentAndCapitalizedSoftwareNet" xlink:to="aapl_AccumulatedDepreciationDepletionAndAmortizationPropertyPlantAndEquipmentAndCapitalizedSoftware" order="1.0600" weight="-1.00" priority="2" use="optional"/>
  </calculationLink>
  <calculationLink xlink:type="extended" xlink:role="http://www.apple.com/taxonomy/role/DisclosureIncomeTaxesAdditionalInformation">
  </calculationLink>
  <calculationLink xlink:type="extended" xlink:role="http://www.apple.com/taxonomy/role/DisclosureShareholdersEquityAndStockBasedCompensationAdditionalInformation">
  </calculationLink>
  <calculationLink xlink:type="extended" xlink:role="http://www.apple.com/taxonomy/role/DisclosureComponentsOfTotalComprehensiveIncome">
    <loc xlink:type="locator" xlink:href="http://taxonomies.xbrl.us/us-gaap/2009/elts/us-gaap-2009-01-31.xsd#us-gaap_ComprehensiveIncomeNetOfTax" xlink:label="us-gaap_ComprehensiveIncomeNetOfTax"/>
    <loc xlink:type="locator" xlink:href="http://taxonomies.xbrl.us/us-gaap/2009/elts/us-gaap-2009-01-31.xsd#us-gaap_NetIncomeLoss" xlink:label="us-gaap_NetIncomeLoss"/>
    <loc xlink:type="locator" xlink:href="http://taxonomies.xbrl.us/us-gaap/2009/elts/us-gaap-2009-01-31.xsd#us-gaap_OtherComprehensiveIncomeAvailableForSaleSecuritiesAdjustmentNetOfTaxPeriodIncreaseDecrease" xlink:label="us-gaap_OtherComprehensiveIncomeAvailableForSaleSecuritiesAdjustmentNetOfTaxPeriodIncreaseDecrease"/>
    <loc xlink:type="locator" xlink:href="http://taxonomies.xbrl.us/us-gaap/2009/elts/us-gaap-2009-01-31.xsd#us-gaap_OtherComprehensiveIncomeDerivativesQualifyingAsHedgesNetOfTaxPeriodIncreaseDecrease" xlink:label="us-gaap_OtherComprehensiveIncomeDerivativesQualifyingAsHedgesNetOfTaxPeriodIncreaseDecrease"/>
    <loc xlink:type="locator" xlink:href="http://taxonomies.xbrl.us/us-gaap/2009/elts/us-gaap-2009-01-31.xsd#us-gaap_OtherComprehensiveIncomeForeignCurrencyTransactionAndTranslationAdjustmentNetOfTaxPeriodIncreaseDecrease" xlink:label="us-gaap_OtherComprehensiveIncomeForeignCurrencyTransactionAndTranslationAdjustmentNetOfTaxPeriodIncreaseDecrease"/>
    <calculationArc xlink:type="arc" xlink:arcrole="http://www.xbrl.org/2003/arcrole/summation-item" xlink:from="us-gaap_ComprehensiveIncomeNetOfTax" xlink:to="us-gaap_NetIncomeLoss" order="1.0100" weight="1.00" priority="2" use="optional"/>
    <calculationArc xlink:type="arc" xlink:arcrole="http://www.xbrl.org/2003/arcrole/summation-item" xlink:from="us-gaap_ComprehensiveIncomeNetOfTax" xlink:to="us-gaap_OtherComprehensiveIncomeDerivativesQualifyingAsHedgesNetOfTaxPeriodIncreaseDecrease" order="1.0200" weight="1.00" priority="2" use="optional"/>
    <calculationArc xlink:type="arc" xlink:arcrole="http://www.xbrl.org/2003/arcrole/summation-item" xlink:from="us-gaap_ComprehensiveIncomeNetOfTax" xlink:to="us-gaap_OtherComprehensiveIncomeForeignCurrencyTransactionAndTranslationAdjustmentNetOfTaxPeriodIncreaseDecrease" order="1.0300" weight="1.00" priority="2" use="optional"/>
    <calculationArc xlink:type="arc" xlink:arcrole="http://www.xbrl.org/2003/arcrole/summation-item" xlink:from="us-gaap_ComprehensiveIncomeNetOfTax" xlink:to="us-gaap_OtherComprehensiveIncomeAvailableForSaleSecuritiesAdjustmentNetOfTaxPeriodIncreaseDecrease" order="1.0400" weight="1.00" priority="2" use="optional"/>
  </calculationLink>
  <calculationLink xlink:type="extended" xlink:role="http://www.apple.com/taxonomy/role/DisclosureOtherComprehensiveIncomeRelatedToDerivatives">
    <loc xlink:type="locator" xlink:href="http://taxonomies.xbrl.us/us-gaap/2009/elts/us-gaap-2009-01-31.xsd#us-gaap_OtherComprehensiveIncomeDerivativesQualifyingAsHedgesNetOfTaxPeriodIncreaseDecrease" xlink:label="us-gaap_OtherComprehensiveIncomeDerivativesQualifyingAsHedgesNetOfTaxPeriodIncreaseDecrease"/>
    <loc xlink:type="locator" xlink:href="http://taxonomies.xbrl.us/us-gaap/2009/elts/us-gaap-2009-01-31.xsd#us-gaap_OtherComprehensiveIncomeReclassificationAdjustmentOnDerivativesIncludedInNetIncomeNetOfTax" xlink:label="us-gaap_OtherComprehensiveIncomeReclassificationAdjustmentOnDerivativesIncludedInNetIncomeNetOfTax"/>
    <loc xlink:type="locator" xlink:href="http://taxonomies.xbrl.us/us-gaap/2009/elts/us-gaap-2009-01-31.xsd#us-gaap_OtherComprehensiveIncomeUnrealizedGainLossOnDerivativesArisingDuringPeriodNetOfTax" xlink:label="us-gaap_OtherComprehensiveIncomeUnrealizedGainLossOnDerivativesArisingDuringPeriodNetOfTax"/>
    <calculationArc xlink:type="arc" xlink:arcrole="http://www.xbrl.org/2003/arcrole/summation-item" xlink:from="us-gaap_OtherComprehensiveIncomeDerivativesQualifyingAsHedgesNetOfTaxPeriodIncreaseDecrease" xlink:to="us-gaap_OtherComprehensiveIncomeUnrealizedGainLossOnDerivativesArisingDuringPeriodNetOfTax" order="1.0100" weight="1.00" priority="2" use="optional"/>
    <calculationArc xlink:type="arc" xlink:arcrole="http://www.xbrl.org/2003/arcrole/summation-item" xlink:from="us-gaap_OtherComprehensiveIncomeDerivativesQualifyingAsHedgesNetOfTaxPeriodIncreaseDecrease" xlink:to="us-gaap_OtherComprehensiveIncomeReclassificationAdjustmentOnDerivativesIncludedInNetIncomeNetOfTax" order="1.0200" weight="1.00" priority="2" use="optional"/>
  </calculationLink>
  <calculationLink xlink:type="extended" xlink:role="http://www.apple.com/taxonomy/role/DisclosureComponentsOfAccumulatedOtherComprehensiveIncomeNetOfTaxes">
    <loc xlink:type="locator" xlink:href="http://taxonomies.xbrl.us/us-gaap/2009/elts/us-gaap-2009-01-31.xsd#us-gaap_AccumulatedOtherComprehensiveIncomeLossAvailableForSaleSecuritiesAdjustmentNetOfTax" xlink:label="us-gaap_AccumulatedOtherComprehensiveIncomeLossAvailableForSaleSecuritiesAdjustmentNetOfTax"/>
    <loc xlink:type="locator" xlink:href="http://taxonomies.xbrl.us/us-gaap/2009/elts/us-gaap-2009-01-31.xsd#us-gaap_AccumulatedOtherComprehensiveIncomeLossCumulativeChangesInNetGainLossFromCashFlowHedgesEffectNetOfTax" xlink:label="us-gaap_AccumulatedOtherComprehensiveIncomeLossCumulativeChangesInNetGainLossFromCashFlowHedgesEffectNetOfTax"/>
    <loc xlink:type="locator" xlink:href="http://taxonomies.xbrl.us/us-gaap/2009/elts/us-gaap-2009-01-31.xsd#us-gaap_AccumulatedOtherComprehensiveIncomeLossForeignCurrencyTranslationAdjustmentNetOfTax" xlink:label="us-gaap_AccumulatedOtherComprehensiveIncomeLossForeignCurrencyTranslationAdjustmentNetOfTax"/>
    <loc xlink:type="locator" xlink:href="http://taxonomies.xbrl.us/us-gaap/2009/elts/us-gaap-2009-01-31.xsd#us-gaap_AccumulatedOtherComprehensiveIncomeLossNetOfTax" xlink:label="us-gaap_AccumulatedOtherComprehensiveIncomeLossNetOfTax"/>
    <calculationArc xlink:type="arc" xlink:arcrole="http://www.xbrl.org/2003/arcrole/summation-item" xlink:from="us-gaap_AccumulatedOtherComprehensiveIncomeLossNetOfTax" xlink:to="us-gaap_AccumulatedOtherComprehensiveIncomeLossAvailableForSaleSecuritiesAdjustmentNetOfTax" order="1.0100" weight="1.00" priority="2" use="optional"/>
    <calculationArc xlink:type="arc" xlink:arcrole="http://www.xbrl.org/2003/arcrole/summation-item" xlink:from="us-gaap_AccumulatedOtherComprehensiveIncomeLossNetOfTax" xlink:to="us-gaap_AccumulatedOtherComprehensiveIncomeLossCumulativeChangesInNetGainLossFromCashFlowHedgesEffectNetOfTax" order="1.0200" weight="1.00" priority="2" use="optional"/>
    <calculationArc xlink:type="arc" xlink:arcrole="http://www.xbrl.org/2003/arcrole/summation-item" xlink:from="us-gaap_AccumulatedOtherComprehensiveIncomeLossNetOfTax" xlink:to="us-gaap_AccumulatedOtherComprehensiveIncomeLossForeignCurrencyTranslationAdjustmentNetOfTax" order="1.0300" weight="1.00" priority="2" use="optional"/>
  </calculationLink>
  <calculationLink xlink:type="extended" xlink:role="http://www.apple.com/taxonomy/role/DisclosureRestrictedStockActivity">
  </calculationLink>
  <calculationLink xlink:type="extended" xlink:role="http://www.apple.com/taxonomy/role/DisclosureStockOptionAndRSUActivityAndRelatedInformation">
  </calculationLink>
  <calculationLink xlink:type="extended" xlink:role="http://www.apple.com/taxonomy/role/DisclosureWeightedAverageAssumptionsAndResultingEstimatesOfWeightedAverageFairValuePerShareOfStockOptionsGrantedAndStockPurchaseRights">
  </calculationLink>
  <calculationLink xlink:type="extended" xlink:role="http://www.apple.com/taxonomy/role/DisclosureSummaryOfTheStockBasedCompensationExpense">
    <loc xlink:type="locator" xlink:href="http://taxonomies.xbrl.us/us-gaap/2009/elts/us-gaap-2009-01-31.xsd#us-gaap_ShareBasedCompensation" xlink:label="us-gaap_ShareBasedCompensation"/>
    <loc xlink:type="locator" xlink:href="aapl-20100626.xsd#aapl_StockBasedCompensationExpenseAssociatedToCostOfSales" xlink:label="aapl_StockBasedCompensationExpenseAssociatedToCostOfSales"/>
    <loc xlink:type="locator" xlink:href="aapl-20100626.xsd#aapl_StockBasedCompensationExpenseAssociatedToResearchAndDevelopmentExpense" xlink:label="aapl_StockBasedCompensationExpenseAssociatedToResearchAndDevelopmentExpense"/>
    <loc xlink:type="locator" xlink:href="aapl-20100626.xsd#aapl_StockBasedCompensationExpenseAssociatedToSellingGeneralAndAdministrativeExpense" xlink:label="aapl_StockBasedCompensationExpenseAssociatedToSellingGeneralAndAdministrativeExpense"/>
    <calculationArc xlink:type="arc" xlink:arcrole="http://www.xbrl.org/2003/arcrole/summation-item" xlink:from="us-gaap_ShareBasedCompensation" xlink:to="aapl_StockBasedCompensationExpenseAssociatedToCostOfSales" order="1.0100" weight="1.00" priority="2" use="optional"/>
    <calculationArc xlink:type="arc" xlink:arcrole="http://www.xbrl.org/2003/arcrole/summation-item" xlink:from="us-gaap_ShareBasedCompensation" xlink:to="aapl_StockBasedCompensationExpenseAssociatedToResearchAndDevelopmentExpense" order="1.0200" weight="1.00" priority="2" use="optional"/>
    <calculationArc xlink:type="arc" xlink:arcrole="http://www.xbrl.org/2003/arcrole/summation-item" xlink:from="us-gaap_ShareBasedCompensation" xlink:to="aapl_StockBasedCompensationExpenseAssociatedToSellingGeneralAndAdministrativeExpense" order="1.0300" weight="1.00" priority="2" use="optional"/>
  </calculationLink>
  <calculationLink xlink:type="extended" xlink:role="http://www.apple.com/taxonomy/role/DisclosureCommitmentsAndContingenciesAdditionalInformation">
  </calculationLink>
  <calculationLink xlink:type="extended" xlink:role="http://www.apple.com/taxonomy/role/DisclosureChangesInAccruedWarrantyAndRelatedCosts">
  </calculationLink>
  <calculationLink xlink:type="extended" xlink:role="http://www.apple.com/taxonomy/role/DisclosureSegmentInformationAndGeographicDataAdditionalInformation">
  </calculationLink>
  <calculationLink xlink:type="extended" xlink:role="http://www.apple.com/taxonomy/role/DisclosureSummaryInformationByOperatingSegment">
  </calculationLink>
  <calculationLink xlink:type="extended" xlink:role="http://www.apple.com/taxonomy/role/DisclosureReconciliationOfSegmentOperatingIncomeToTheCondensedConsolidatedFinancialStatements">
    <loc xlink:type="locator" xlink:href="http://taxonomies.xbrl.us/us-gaap/2009/elts/us-gaap-2009-01-31.xsd#us-gaap_OperatingIncomeLoss" xlink:label="us-gaap_OperatingIncomeLoss"/>
    <loc xlink:type="locator" xlink:href="aapl-20100626.xsd#aapl_SegmentReportingInformationCorporateExpenses" xlink:label="aapl_SegmentReportingInformationCorporateExpenses"/>
    <loc xlink:type="locator" xlink:href="http://taxonomies.xbrl.us/us-gaap/2009/elts/us-gaap-2009-01-31.xsd#us-gaap_SegmentReportingInformationOperatingIncomeLoss" xlink:label="us-gaap_SegmentReportingInformationOperatingIncomeLoss"/>
    <loc xlink:type="locator" xlink:href="http://taxonomies.xbrl.us/us-gaap/2009/elts/us-gaap-2009-01-31.xsd#us-gaap_ShareBasedCompensation" xlink:label="us-gaap_ShareBasedCompensation"/>
    <calculationArc xlink:type="arc" xlink:arcrole="http://www.xbrl.org/2003/arcrole/summation-item" xlink:from="us-gaap_OperatingIncomeLoss" xlink:to="us-gaap_SegmentReportingInformationOperatingIncomeLoss" order="1.0100" weight="1.00" priority="2" use="optional"/>
    <calculationArc xlink:type="arc" xlink:arcrole="http://www.xbrl.org/2003/arcrole/summation-item" xlink:from="us-gaap_OperatingIncomeLoss" xlink:to="us-gaap_ShareBasedCompensation" order="1.0200" weight="-1.00" priority="2" use="optional"/>
    <calculationArc xlink:type="arc" xlink:arcrole="http://www.xbrl.org/2003/arcrole/summation-item" xlink:from="us-gaap_OperatingIncomeLoss" xlink:to="aapl_SegmentReportingInformationCorporateExpenses" order="1.0300" weight="-1.00" priority="2" use="optional"/>
  </calculationLink>
  <calculationLink xlink:type="extended" xlink:role="http://www.apple.com/taxonomy/role/DisclosureRelatedPartyTransactionsAndCertainOtherTransactionsAdditionalInformation">
  </calculationLink>
  <calculationLink xlink:type="extended" xlink:role="http://www.apple.com/taxonomy/role/NotesToFinancialStatementsBasisOfPresentationAndSignificantAccountingPoliciesTextBlock">
  </calculationLink>
  <calculationLink xlink:type="extended" xlink:role="http://www.apple.com/taxonomy/role/NotesToFinancialStatementsBasisOfPresentationAndSignificantAccountingPoliciesTextBlockPolicies">
  </calculationLink>
  <calculationLink xlink:type="extended" xlink:role="http://www.apple.com/taxonomy/role/NotesToFinancialStatementsFinancialInstrumentsTextBlock">
  </calculationLink>
  <calculationLink xlink:type="extended" xlink:role="http://www.apple.com/taxonomy/role/NotesToFinancialStatementsFinancialInstrumentsTextBlockPolicies">
  </calculationLink>
  <calculationLink xlink:type="extended" xlink:role="http://www.apple.com/taxonomy/role/NotesToFinancialStatementsFairValueMeasurementInputsDisclosureTextBlock">
  </calculationLink>
  <calculationLink xlink:type="extended" xlink:role="http://www.apple.com/taxonomy/role/NotesToFinancialStatementsFairValueMeasurementInputsDisclosureTextBlockTables">
  </calculationLink>
  <calculationLink xlink:type="extended" xlink:role="http://www.apple.com/taxonomy/role/NotesToFinancialStatementsDetailsOfCertainBalanceSheetAccountsDisclosureTextBlock">
  </calculationLink>
  <calculationLink xlink:type="extended" xlink:role="http://www.apple.com/taxonomy/role/NotesToFinancialStatementsDetailsOfCertainBalanceSheetAccountsDisclosureTextBlockTables">
  </calculationLink>
  <calculationLink xlink:type="extended" xlink:role="http://www.apple.com/taxonomy/role/NotesToFinancialStatementsIncomeTaxDisclosureTextBlock">
  </calculationLink>
  <calculationLink xlink:type="extended" xlink:role="http://www.apple.com/taxonomy/role/NotesToFinancialStatementsStockholdersEquityAndStockBasedCompensationDisclosureTextBlock">
  </calculationLink>
  <calculationLink xlink:type="extended" xlink:role="http://www.apple.com/taxonomy/role/NotesToFinancialStatementsStockholdersEquityAndStockBasedCompensationDisclosureTextBlockTables">
  </calculationLink>
  <calculationLink xlink:type="extended" xlink:role="http://www.apple.com/taxonomy/role/NotesToFinancialStatementsCommitmentsAndContingenciesDisclosureTextBlock">
  </calculationLink>
  <calculationLink xlink:type="extended" xlink:role="http://www.apple.com/taxonomy/role/NotesToFinancialStatementsCommitmentsAndContingenciesDisclosureTextBlockTables">
  </calculationLink>
  <calculationLink xlink:type="extended" xlink:role="http://www.apple.com/taxonomy/role/NotesToFinancialStatementsSegmentReportingDisclosureTextBlock">
  </calculationLink>
  <calculationLink xlink:type="extended" xlink:role="http://www.apple.com/taxonomy/role/NotesToFinancialStatementsSegmentReportingDisclosureTextBlockTables">
  </calculationLink>
  <calculationLink xlink:type="extended" xlink:role="http://www.apple.com/taxonomy/role/NotesToFinancialStatementsRelatedPartyTransactionsDisclosureTextBlock">
  </calculationLink>
</linkbase>
